customer_id,first_name,last_name,email,city,country,segment,registration_date,is_active
C00001,David,Koch,customer1@example.com,Düsseldorf,DE,Budget,2024-03-11,True
C00002,Tim,Koch,customer2@example.com,Bern,CH,Budget,2023-08-03,True
C00003,Niklas,Schmidt,customer3@example.com,Hamburg,DE,Budget,2024-10-23,True
C00004,Niklas,Müller,customer4@example.com,München,DE,Standard,2023-07-11,True
C00005,Lena,Schröder,customer5@example.com,Bremen,DE,Standard,2024-07-14,False
C00006,Mia,Schneider,customer6@example.com,Bern,CH,Budget,2024-07-20,True
C00007,Emma,Fischer,customer7@example.com,Dresden,DE,Budget,2023-06-16,True
C00008,Niklas,Schmidt,customer8@example.com,Dresden,DE,Standard,2023-12-12,True
C00009,Laura,Wolf,customer9@example.com,Düsseldorf,DE,Standard,2024-03-03,True
C00010,Anna,Meyer,customer10@example.com,Zürich,CH,Standard,2024-01-23,True
C00011,Julia,Schmidt,customer11@example.com,Zürich,CH,Standard,2024-12-30,True
C00012,Laura,Klein,customer12@example.com,Salzburg,AT,Standard,2023-09-28,False
C00013,Lisa,Richter,customer13@example.com,Leipzig,DE,Standard,2024-12-25,True
C00014,David,Richter,customer14@example.com,Wien,AT,Premium,2023-02-10,True
C00015,Elena,Koch,customer15@example.com,Berlin,DE,Standard,2024-10-09,True
C00016,Leon,Schäfer,customer16@example.com,Hamburg,DE,Standard,2023-10-16,True
C00017,Laura,Bauer,customer17@example.com,Düsseldorf,DE,Standard,2023-07-20,False
C00018,Julia,Becker,customer18@example.com,Köln,DE,Standard,2023-04-09,True
C00019,David,Klein,customer19@example.com,Hamburg,DE,Budget,2024-09-04,True
C00020,David,Wolf,customer20@example.com,Graz,AT,Premium,2024-01-28,True
C00021,Felix,Neumann,customer21@example.com,Bern,CH,Standard,2024-07-28,True
C00022,Felix,Richter,customer22@example.com,Köln,DE,Standard,2024-02-11,True
C00023,Felix,Schmidt,customer23@example.com,Wien,AT,Standard,2023-06-09,True
C00024,Julia,Bauer,customer24@example.com,Genf,CH,Standard,2024-10-07,True
C00025,Max,Müller,customer25@example.com,Düsseldorf,DE,Standard,2023-07-09,True
C00026,Felix,Meyer,customer26@example.com,Basel,CH,Standard,2023-09-16,True
C00027,Jan,Schäfer,customer27@example.com,Köln,DE,Standard,2023-08-13,True
C00028,Elena,Hoffmann,customer28@example.com,Lausanne,CH,Standard,2024-11-02,False
C00029,Felix,Schmidt,customer29@example.com,Basel,CH,Budget,2023-09-25,True
C00030,Moritz,Schmidt,customer30@example.com,Innsbruck,AT,Standard,2024-11-29,False
C00031,Max,Schmidt,customer31@example.com,Köln,DE,Standard,2023-08-13,True
C00032,Simon,Fischer,customer32@example.com,Stuttgart,DE,Premium,2024-02-20,True
C00033,Elena,Weber,customer33@example.com,Innsbruck,AT,Standard,2023-10-21,True
C00034,Lisa,Schröder,customer34@example.com,Hannover,DE,Budget,2024-05-25,True
C00035,Lukas,Fischer,customer35@example.com,Stuttgart,DE,Premium,2024-04-08,True
C00036,Felix,Hoffmann,customer36@example.com,Bern,CH,Standard,2023-05-28,True
C00037,Tim,Braun,customer37@example.com,Zürich,CH,Budget,2024-10-02,True
C00038,Lisa,Schröder,customer38@example.com,Hamburg,DE,Standard,2023-09-20,True
C00039,Julia,Weber,customer39@example.com,München,DE,Budget,2023-10-31,True
C00040,Lukas,Schröder,customer40@example.com,Dresden,DE,Budget,2023-08-21,True
C00041,Max,Koch,customer41@example.com,Lausanne,CH,Budget,2023-04-30,True
C00042,Lukas,Schröder,customer42@example.com,Leipzig,DE,Premium,2023-09-11,True
C00043,Anna,Schneider,customer43@example.com,Zürich,CH,Standard,2023-12-04,True
C00044,Max,Klein,customer44@example.com,Berlin,DE,Standard,2024-08-02,True
C00045,Lukas,Neumann,customer45@example.com,Leipzig,DE,Standard,2023-05-15,True
C00046,Simon,Klein,customer46@example.com,Bern,CH,Standard,2024-04-14,True
C00047,Laura,Schmidt,customer47@example.com,Bern,CH,Standard,2024-03-13,True
C00048,Leon,Schröder,customer48@example.com,Linz,AT,Standard,2024-04-25,False
C00049,Moritz,Bauer,customer49@example.com,Innsbruck,AT,Budget,2024-05-26,True
C00050,Lukas,Hoffmann,customer50@example.com,Genf,CH,Budget,2024-06-01,True
C00051,Lukas,Müller,customer51@example.com,Graz,AT,Premium,2023-06-30,True
C00052,Lukas,Braun,customer52@example.com,Berlin,DE,Standard,2023-09-13,True
C00053,Elena,Braun,customer53@example.com,Hamburg,DE,Standard,2024-11-16,True
C00054,Lena,Schmidt,customer54@example.com,München,DE,Standard,2024-09-30,True
C00055,Lisa,Wagner,customer55@example.com,Dresden,DE,Standard,2023-09-03,True
C00056,Paul,Wagner,customer56@example.com,Hamburg,DE,Standard,2024-02-12,True
C00057,Sarah,Schröder,customer57@example.com,Berlin,DE,Premium,2024-05-26,True
C00058,Anna,Schmidt,customer58@example.com,Linz,AT,Standard,2023-04-02,True
C00059,Clara,Neumann,customer59@example.com,Bern,CH,Premium,2024-10-26,True
C00060,Leon,Müller,customer60@example.com,Lausanne,CH,Budget,2024-03-19,True
C00061,Felix,Fischer,customer61@example.com,Bremen,DE,Budget,2023-01-05,True
C00062,Paul,Braun,customer62@example.com,Linz,AT,Standard,2024-10-17,True
C00063,Jan,Weber,customer63@example.com,Innsbruck,AT,Standard,2023-04-30,False
C00064,Max,Wolf,customer64@example.com,Dresden,DE,Standard,2024-10-02,True
C00065,Laura,Richter,customer65@example.com,Salzburg,AT,Standard,2024-08-23,True
C00066,Leon,Schneider,customer66@example.com,Düsseldorf,DE,Standard,2024-12-04,True
C00067,Sarah,Weber,customer67@example.com,Köln,DE,Premium,2023-03-27,True
C00068,Julia,Schröder,customer68@example.com,Basel,CH,Premium,2024-03-28,True
C00069,Max,Weber,customer69@example.com,Düsseldorf,DE,Standard,2024-09-03,True
C00070,Anna,Schäfer,customer70@example.com,Köln,DE,Standard,2023-04-10,True
C00071,Paul,Fischer,customer71@example.com,Berlin,DE,Standard,2023-11-21,True
C00072,Mia,Bauer,customer72@example.com,München,DE,Standard,2024-05-11,True
C00073,Tim,Weber,customer73@example.com,Berlin,DE,Standard,2024-11-21,True
C00074,Julia,Richter,customer74@example.com,Leipzig,DE,Standard,2023-02-12,True
C00075,Simon,Neumann,customer75@example.com,Bern,CH,Standard,2023-02-04,True
C00076,Anna,Hoffmann,customer76@example.com,Nürnberg,DE,Standard,2024-08-24,True
C00077,Tim,Fischer,customer77@example.com,Zürich,CH,Standard,2024-05-07,True
C00078,Leon,Hoffmann,customer78@example.com,Frankfurt,DE,Standard,2024-01-29,True
C00079,Emma,Neumann,customer79@example.com,Hamburg,DE,Budget,2024-07-01,True
C00080,Simon,Richter,customer80@example.com,Köln,DE,Budget,2024-01-04,True
C00081,Mia,Schröder,customer81@example.com,Innsbruck,AT,Standard,2023-03-03,True
C00082,Sophie,Bauer,customer82@example.com,Bern,CH,Budget,2023-06-26,True
C00083,Sarah,Wolf,customer83@example.com,Dresden,DE,Premium,2024-03-30,False
C00084,Mia,Fischer,customer84@example.com,Bremen,DE,Budget,2023-01-25,True
C00085,Niklas,Schäfer,customer85@example.com,Düsseldorf,DE,Budget,2023-04-19,True
C00086,Simon,Koch,customer86@example.com,Köln,DE,Budget,2023-06-12,True
C00087,Julia,Neumann,customer87@example.com,Dresden,DE,Premium,2023-03-15,False
C00088,Lena,Hoffmann,customer88@example.com,Wien,AT,Budget,2023-06-17,True
C00089,Leon,Meyer,customer89@example.com,Köln,DE,Budget,2023-01-29,True
C00090,Mia,Neumann,customer90@example.com,Berlin,DE,Budget,2023-12-08,True
C00091,Jan,Bauer,customer91@example.com,Frankfurt,DE,Standard,2023-03-11,True
C00092,Lukas,Richter,customer92@example.com,Bern,CH,Premium,2023-02-08,True
C00093,Laura,Hoffmann,customer93@example.com,Basel,CH,Budget,2024-04-20,True
C00094,Elena,Müller,customer94@example.com,Innsbruck,AT,Standard,2024-02-13,True
C00095,Paul,Wolf,customer95@example.com,Bremen,DE,Budget,2024-11-15,True
C00096,Sophie,Schneider,customer96@example.com,Hannover,DE,Standard,2023-08-17,False
C00097,Moritz,Klein,customer97@example.com,Linz,AT,Standard,2023-08-21,True
C00098,Lisa,Koch,customer98@example.com,Lausanne,CH,Standard,2023-09-16,True
C00099,Julia,Becker,customer99@example.com,Leipzig,DE,Standard,2023-12-24,True
C00100,Emma,Weber,customer100@example.com,Leipzig,DE,Budget,2024-11-28,True
C00101,Jonas,Müller,customer101@example.com,Lausanne,CH,Standard,2023-05-25,True
C00102,Lukas,Meyer,customer102@example.com,Salzburg,AT,Budget,2024-07-11,True
C00103,Lena,Braun,customer103@example.com,Linz,AT,Standard,2024-03-25,True
C00104,Max,Braun,customer104@example.com,Berlin,DE,Budget,2024-01-09,True
C00105,Clara,Neumann,customer105@example.com,Genf,CH,Budget,2023-10-09,True
C00106,Max,Schröder,customer106@example.com,Hamburg,DE,Premium,2024-05-25,True
C00107,Marie,Schneider,customer107@example.com,Köln,DE,Standard,2024-10-06,True
C00108,Lena,Neumann,customer108@example.com,Köln,DE,Standard,2024-12-14,True
C00109,Paul,Richter,customer109@example.com,Berlin,DE,Standard,2023-02-20,True
C00110,Laura,Wagner,customer110@example.com,Leipzig,DE,Standard,2023-02-03,True
C00111,Julia,Müller,customer111@example.com,Lausanne,CH,Standard,2023-11-02,True
C00112,David,Wolf,customer112@example.com,Innsbruck,AT,Budget,2024-09-15,True
C00113,Felix,Meyer,customer113@example.com,Hannover,DE,Standard,2024-03-10,True
C00114,Emma,Wolf,customer114@example.com,Zürich,CH,Standard,2023-04-08,True
C00115,Marie,Müller,customer115@example.com,Basel,CH,Budget,2023-09-06,True
C00116,Moritz,Weber,customer116@example.com,Nürnberg,DE,Budget,2024-07-16,True
C00117,Moritz,Weber,customer117@example.com,Innsbruck,AT,Budget,2023-11-26,True
C00118,Tim,Koch,customer118@example.com,Wien,AT,Standard,2023-05-06,False
C00119,Tim,Schröder,customer119@example.com,Salzburg,AT,Standard,2023-04-05,True
C00120,Emma,Weber,customer120@example.com,Hamburg,DE,Standard,2023-07-14,True
C00121,Marie,Müller,customer121@example.com,Lausanne,CH,Standard,2024-02-09,True
C00122,Moritz,Klein,customer122@example.com,Graz,AT,Standard,2024-06-29,True
C00123,Clara,Wolf,customer123@example.com,Linz,AT,Standard,2023-05-01,True
C00124,Moritz,Fischer,customer124@example.com,Salzburg,AT,Budget,2024-07-26,True
C00125,David,Klein,customer125@example.com,Basel,CH,Standard,2024-12-19,True
C00126,Sarah,Wagner,customer126@example.com,München,DE,Standard,2023-12-31,True
C00127,Paul,Braun,customer127@example.com,Hannover,DE,Standard,2024-05-22,True
C00128,Simon,Weber,customer128@example.com,Linz,AT,Standard,2023-07-11,True
C00129,Clara,Bauer,customer129@example.com,Innsbruck,AT,Standard,2023-08-19,True
C00130,Lukas,Hoffmann,customer130@example.com,Frankfurt,DE,Standard,2024-01-29,False
C00131,Anna,Wolf,customer131@example.com,Linz,AT,Budget,2024-04-14,True
C00132,Jonas,Weber,customer132@example.com,Bern,CH,Standard,2024-07-07,True
C00133,Elena,Richter,customer133@example.com,München,DE,Standard,2024-03-18,True
C00134,Niklas,Meyer,customer134@example.com,Genf,CH,Standard,2024-10-23,True
C00135,Elena,Hoffmann,customer135@example.com,Hannover,DE,Premium,2024-03-21,True
C00136,Sophie,Meyer,customer136@example.com,Leipzig,DE,Standard,2023-08-17,True
C00137,Clara,Neumann,customer137@example.com,Frankfurt,DE,Standard,2024-10-07,True
C00138,Laura,Richter,customer138@example.com,München,DE,Budget,2024-12-15,True
C00139,Max,Neumann,customer139@example.com,Lausanne,CH,Standard,2024-12-24,True
C00140,Marie,Weber,customer140@example.com,Graz,AT,Standard,2023-11-16,True
C00141,Max,Meyer,customer141@example.com,Wien,AT,Standard,2023-09-16,True
C00142,Anna,Richter,customer142@example.com,Nürnberg,DE,Standard,2023-06-21,False
C00143,Moritz,Hoffmann,customer143@example.com,Köln,DE,Standard,2023-11-25,True
C00144,Moritz,Weber,customer144@example.com,Hamburg,DE,Budget,2024-08-28,True
C00145,Tim,Hoffmann,customer145@example.com,Graz,AT,Standard,2024-01-11,True
C00146,Clara,Becker,customer146@example.com,Berlin,DE,Budget,2023-10-23,True
C00147,Leon,Weber,customer147@example.com,Hamburg,DE,Standard,2024-12-25,True
C00148,Paul,Schäfer,customer148@example.com,Frankfurt,DE,Standard,2024-08-23,True
C00149,Sarah,Meyer,customer149@example.com,Düsseldorf,DE,Standard,2024-09-07,True
C00150,Moritz,Müller,customer150@example.com,Berlin,DE,Standard,2024-10-26,True
C00151,Laura,Wagner,customer151@example.com,Genf,CH,Premium,2024-09-07,True
C00152,Laura,Schäfer,customer152@example.com,Düsseldorf,DE,Premium,2023-06-28,True
C00153,Felix,Fischer,customer153@example.com,Berlin,DE,Budget,2024-04-22,True
C00154,Simon,Müller,customer154@example.com,Köln,DE,Premium,2024-02-15,True
C00155,Lena,Müller,customer155@example.com,Nürnberg,DE,Premium,2024-05-31,True
C00156,Paul,Wolf,customer156@example.com,Linz,AT,Budget,2023-08-16,True
C00157,Julia,Richter,customer157@example.com,Linz,AT,Budget,2023-11-20,True
C00158,Tim,Weber,customer158@example.com,Bern,CH,Budget,2023-10-19,True
C00159,Marie,Becker,customer159@example.com,Leipzig,DE,Standard,2024-07-03,True
C00160,Paul,Becker,customer160@example.com,Hannover,DE,Standard,2024-01-31,True
C00161,Tim,Bauer,customer161@example.com,Linz,AT,Premium,2024-09-07,True
C00162,Lena,Neumann,customer162@example.com,Köln,DE,Standard,2023-05-07,True
C00163,Sarah,Becker,customer163@example.com,Lausanne,CH,Budget,2023-02-20,True
C00164,Niklas,Klein,customer164@example.com,Berlin,DE,Standard,2024-09-04,True
C00165,Jan,Becker,customer165@example.com,Berlin,DE,Standard,2024-07-20,True
C00166,Lena,Hoffmann,customer166@example.com,Genf,CH,Premium,2023-05-17,True
C00167,Felix,Braun,customer167@example.com,Hannover,DE,Standard,2024-01-21,True
C00168,Clara,Wagner,customer168@example.com,Hannover,DE,Standard,2023-06-28,False
C00169,Tim,Braun,customer169@example.com,Berlin,DE,Standard,2023-06-26,True
C00170,Moritz,Becker,customer170@example.com,Basel,CH,Standard,2023-12-27,True
C00171,Jan,Neumann,customer171@example.com,Wien,AT,Premium,2023-08-03,True
C00172,Emma,Müller,customer172@example.com,Leipzig,DE,Budget,2023-01-19,True
C00173,Moritz,Braun,customer173@example.com,München,DE,Standard,2024-05-16,True
C00174,Simon,Wagner,customer174@example.com,Frankfurt,DE,Budget,2023-09-21,True
C00175,Max,Braun,customer175@example.com,Bern,CH,Budget,2023-06-11,True
C00176,Laura,Wolf,customer176@example.com,Hamburg,DE,Standard,2024-03-18,True
C00177,Anna,Schneider,customer177@example.com,Linz,AT,Standard,2023-09-21,True
C00178,Lisa,Fischer,customer178@example.com,Graz,AT,Budget,2024-05-05,True
C00179,Lena,Wagner,customer179@example.com,Graz,AT,Budget,2023-01-07,True
C00180,Jan,Fischer,customer180@example.com,Salzburg,AT,Standard,2024-01-16,True
C00181,Mia,Koch,customer181@example.com,Berlin,DE,Standard,2024-12-09,True
C00182,Leon,Weber,customer182@example.com,Bremen,DE,Standard,2024-06-15,True
C00183,Julia,Schneider,customer183@example.com,München,DE,Budget,2023-02-22,True
C00184,Elena,Klein,customer184@example.com,Innsbruck,AT,Standard,2024-12-14,True
C00185,Moritz,Klein,customer185@example.com,Zürich,CH,Budget,2023-04-25,True
C00186,Clara,Koch,customer186@example.com,Düsseldorf,DE,Standard,2023-07-20,True
C00187,Simon,Weber,customer187@example.com,Wien,AT,Premium,2024-09-01,True
C00188,Sophie,Hoffmann,customer188@example.com,Genf,CH,Standard,2023-02-11,True
C00189,Julia,Schäfer,customer189@example.com,Stuttgart,DE,Premium,2024-01-13,True
C00190,Anna,Bauer,customer190@example.com,Stuttgart,DE,Standard,2023-06-17,True
C00191,Moritz,Klein,customer191@example.com,Nürnberg,DE,Premium,2024-11-15,True
C00192,Jan,Fischer,customer192@example.com,Hannover,DE,Budget,2024-12-05,False
C00193,Tim,Fischer,customer193@example.com,Hannover,DE,Budget,2023-10-23,True
C00194,Anna,Wolf,customer194@example.com,Hamburg,DE,Budget,2023-11-06,True
C00195,David,Schneider,customer195@example.com,Berlin,DE,Budget,2024-07-01,True
C00196,Jonas,Schmidt,customer196@example.com,Wien,AT,Premium,2024-04-26,False
C00197,Tim,Becker,customer197@example.com,Innsbruck,AT,Standard,2024-10-02,True
C00198,Leon,Bauer,customer198@example.com,Hamburg,DE,Standard,2024-05-12,True
C00199,Jan,Weber,customer199@example.com,München,DE,Premium,2024-06-07,True
C00200,Simon,Neumann,customer200@example.com,Innsbruck,AT,Standard,2023-11-26,True
C00201,Moritz,Weber,customer201@example.com,Bern,CH,Standard,2024-10-22,True
C00202,Julia,Wolf,customer202@example.com,Zürich,CH,Standard,2023-03-30,False
C00203,Lena,Schröder,customer203@example.com,Linz,AT,Budget,2023-10-15,True
C00204,Felix,Klein,customer204@example.com,Genf,CH,Premium,2023-03-27,True
C00205,Laura,Braun,customer205@example.com,Bern,CH,Standard,2024-11-18,True
C00206,Lena,Wagner,customer206@example.com,Basel,CH,Premium,2024-02-06,True
C00207,Paul,Schmidt,customer207@example.com,Hamburg,DE,Budget,2024-09-11,True
C00208,David,Neumann,customer208@example.com,Bremen,DE,Standard,2023-02-08,True
C00209,Max,Schröder,customer209@example.com,Wien,AT,Standard,2024-12-22,True
C00210,Lukas,Schäfer,customer210@example.com,München,DE,Budget,2023-11-07,False
C00211,Emma,Schneider,customer211@example.com,Wien,AT,Premium,2023-05-21,False
C00212,Niklas,Bauer,customer212@example.com,Innsbruck,AT,Standard,2024-04-21,True
C00213,Lena,Wagner,customer213@example.com,Linz,AT,Standard,2024-01-12,True
C00214,Paul,Klein,customer214@example.com,Innsbruck,AT,Standard,2023-01-03,True
C00215,Lisa,Müller,customer215@example.com,Zürich,CH,Budget,2023-10-20,False
C00216,Sophie,Bauer,customer216@example.com,Linz,AT,Budget,2023-12-10,True
C00217,Marie,Wagner,customer217@example.com,Köln,DE,Budget,2024-01-15,True
C00218,Paul,Schmidt,customer218@example.com,Hannover,DE,Standard,2023-03-03,True
C00219,Clara,Richter,customer219@example.com,Leipzig,DE,Premium,2024-10-21,False
C00220,Lukas,Meyer,customer220@example.com,Dresden,DE,Budget,2024-05-20,True
C00221,Lukas,Neumann,customer221@example.com,Innsbruck,AT,Standard,2024-06-04,True
C00222,Moritz,Schneider,customer222@example.com,Zürich,CH,Budget,2023-03-03,True
C00223,Jonas,Fischer,customer223@example.com,Linz,AT,Standard,2023-03-30,False
C00224,Jonas,Schneider,customer224@example.com,Dresden,DE,Budget,2023-11-19,True
C00225,Laura,Weber,customer225@example.com,Dresden,DE,Budget,2024-04-07,True
C00226,Laura,Weber,customer226@example.com,Linz,AT,Premium,2023-02-07,True
C00227,Lisa,Richter,customer227@example.com,Köln,DE,Budget,2023-11-12,True
C00228,Paul,Schneider,customer228@example.com,Zürich,CH,Standard,2023-02-09,True
C00229,Marie,Schröder,customer229@example.com,Wien,AT,Standard,2023-10-16,True
C00230,Paul,Koch,customer230@example.com,Salzburg,AT,Standard,2024-11-11,True
C00231,Marie,Wagner,customer231@example.com,Frankfurt,DE,Budget,2023-07-10,True
C00232,Simon,Schäfer,customer232@example.com,Bern,CH,Premium,2023-01-31,True
C00233,Sophie,Schmidt,customer233@example.com,Düsseldorf,DE,Budget,2023-03-23,True
C00234,Paul,Klein,customer234@example.com,Düsseldorf,DE,Standard,2023-08-12,True
C00235,Anna,Richter,customer235@example.com,Leipzig,DE,Budget,2023-08-11,True
C00236,Jonas,Schmidt,customer236@example.com,Düsseldorf,DE,Standard,2024-08-08,True
C00237,Sophie,Fischer,customer237@example.com,Köln,DE,Premium,2023-10-05,True
C00238,Clara,Neumann,customer238@example.com,Innsbruck,AT,Standard,2024-06-07,True
C00239,Sarah,Wolf,customer239@example.com,Zürich,CH,Budget,2023-11-02,True
C00240,Julia,Wagner,customer240@example.com,Hamburg,DE,Premium,2024-01-16,True
C00241,Jan,Koch,customer241@example.com,Linz,AT,Standard,2023-03-20,True
C00242,Sophie,Neumann,customer242@example.com,Graz,AT,Premium,2023-10-12,True
C00243,Tim,Schmidt,customer243@example.com,Linz,AT,Budget,2023-06-06,True
C00244,Lukas,Neumann,customer244@example.com,Hannover,DE,Budget,2024-06-22,False
C00245,Lisa,Weber,customer245@example.com,Genf,CH,Standard,2023-10-30,True
C00246,Max,Meyer,customer246@example.com,Köln,DE,Standard,2024-01-22,True
C00247,Emma,Wolf,customer247@example.com,Innsbruck,AT,Standard,2024-06-07,True
C00248,Niklas,Becker,customer248@example.com,Graz,AT,Budget,2024-10-18,True
C00249,Lukas,Bauer,customer249@example.com,Basel,CH,Premium,2023-07-18,True
C00250,David,Klein,customer250@example.com,Hamburg,DE,Standard,2024-07-11,True
C00251,Marie,Schröder,customer251@example.com,Basel,CH,Standard,2024-06-04,False
C00252,Niklas,Schmidt,customer252@example.com,Lausanne,CH,Budget,2024-05-15,True
C00253,Laura,Braun,customer253@example.com,Wien,AT,Standard,2024-12-21,True
C00254,Marie,Koch,customer254@example.com,Linz,AT,Standard,2024-08-29,True
C00255,Laura,Koch,customer255@example.com,Stuttgart,DE,Standard,2024-02-29,True
C00256,Sarah,Wolf,customer256@example.com,Innsbruck,AT,Standard,2024-08-10,True
C00257,Lena,Becker,customer257@example.com,Basel,CH,Premium,2024-11-03,True
C00258,Max,Hoffmann,customer258@example.com,München,DE,Standard,2023-08-13,False
C00259,Clara,Wagner,customer259@example.com,Basel,CH,Premium,2024-10-27,True
C00260,Emma,Wolf,customer260@example.com,Graz,AT,Standard,2023-05-02,True
C00261,Lukas,Meyer,customer261@example.com,Innsbruck,AT,Standard,2023-11-13,True
C00262,Julia,Becker,customer262@example.com,Dresden,DE,Budget,2024-01-05,True
C00263,David,Wagner,customer263@example.com,Basel,CH,Standard,2023-11-14,True
C00264,Clara,Schneider,customer264@example.com,Stuttgart,DE,Premium,2023-11-10,True
C00265,Simon,Bauer,customer265@example.com,Graz,AT,Standard,2023-01-12,True
C00266,Sarah,Fischer,customer266@example.com,Bern,CH,Budget,2024-07-20,True
C00267,Jan,Bauer,customer267@example.com,Genf,CH,Standard,2024-11-25,True
C00268,Elena,Hoffmann,customer268@example.com,Lausanne,CH,Standard,2024-07-02,False
C00269,Clara,Wolf,customer269@example.com,Bern,CH,Standard,2023-02-04,True
C00270,Elena,Weber,customer270@example.com,Genf,CH,Standard,2023-06-08,True
C00271,Emma,Neumann,customer271@example.com,Basel,CH,Standard,2023-06-01,True
C00272,Sophie,Schmidt,customer272@example.com,Genf,CH,Standard,2024-05-26,True
C00273,Clara,Bauer,customer273@example.com,Düsseldorf,DE,Standard,2024-01-06,True
C00274,Sophie,Schröder,customer274@example.com,Genf,CH,Standard,2024-06-03,True
C00275,Anna,Weber,customer275@example.com,Graz,AT,Budget,2023-11-30,True
C00276,David,Klein,customer276@example.com,Lausanne,CH,Standard,2024-01-16,True
C00277,Anna,Schneider,customer277@example.com,München,DE,Standard,2023-05-25,True
C00278,Elena,Fischer,customer278@example.com,Leipzig,DE,Budget,2024-04-04,True
C00279,Lukas,Klein,customer279@example.com,Hannover,DE,Standard,2023-01-10,True
C00280,Max,Weber,customer280@example.com,Bremen,DE,Standard,2023-12-27,True
C00281,Clara,Koch,customer281@example.com,Berlin,DE,Budget,2023-11-09,True
C00282,Moritz,Bauer,customer282@example.com,Köln,DE,Standard,2023-11-01,True
C00283,Mia,Braun,customer283@example.com,Stuttgart,DE,Budget,2024-09-11,True
C00284,Max,Schneider,customer284@example.com,Köln,DE,Standard,2023-01-20,True
C00285,Moritz,Klein,customer285@example.com,Köln,DE,Standard,2023-06-10,True
C00286,Tim,Schmidt,customer286@example.com,Zürich,CH,Standard,2023-08-04,True
C00287,Elena,Wolf,customer287@example.com,Düsseldorf,DE,Standard,2023-08-11,True
C00288,Paul,Schröder,customer288@example.com,Stuttgart,DE,Budget,2023-05-31,True
C00289,Max,Becker,customer289@example.com,Leipzig,DE,Standard,2023-12-07,True
C00290,David,Schmidt,customer290@example.com,Linz,AT,Standard,2023-03-27,True
C00291,Emma,Braun,customer291@example.com,Hannover,DE,Standard,2024-02-18,True
C00292,Laura,Klein,customer292@example.com,Leipzig,DE,Budget,2024-08-10,True
C00293,Niklas,Schröder,customer293@example.com,Salzburg,AT,Standard,2024-10-15,True
C00294,Marie,Hoffmann,customer294@example.com,München,DE,Budget,2024-12-04,True
C00295,Niklas,Richter,customer295@example.com,Wien,AT,Standard,2024-08-07,True
C00296,Marie,Klein,customer296@example.com,München,DE,Budget,2024-01-16,True
C00297,Paul,Hoffmann,customer297@example.com,München,DE,Standard,2024-08-16,True
C00298,Clara,Wagner,customer298@example.com,Berlin,DE,Premium,2023-12-10,True
C00299,David,Müller,customer299@example.com,Bremen,DE,Standard,2024-12-11,True
C00300,Tim,Schneider,customer300@example.com,Bremen,DE,Standard,2023-04-12,True
C00301,Niklas,Becker,customer301@example.com,München,DE,Standard,2023-01-03,True
C00302,Julia,Weber,customer302@example.com,Genf,CH,Standard,2023-08-09,True
C00303,Lisa,Meyer,customer303@example.com,Bremen,DE,Budget,2023-02-12,True
C00304,Simon,Koch,customer304@example.com,Hannover,DE,Premium,2023-01-21,True
C00305,Jan,Wolf,customer305@example.com,Linz,AT,Standard,2024-12-15,True
C00306,Sophie,Schröder,customer306@example.com,Bern,CH,Standard,2023-11-30,True
C00307,Lukas,Becker,customer307@example.com,Linz,AT,Standard,2023-06-05,True
C00308,Moritz,Richter,customer308@example.com,Zürich,CH,Standard,2023-01-02,True
C00309,Julia,Schäfer,customer309@example.com,Hannover,DE,Budget,2023-09-20,True
C00310,Lena,Fischer,customer310@example.com,Innsbruck,AT,Standard,2024-03-20,False
C00311,Julia,Richter,customer311@example.com,Lausanne,CH,Standard,2024-01-20,True
C00312,Niklas,Hoffmann,customer312@example.com,Lausanne,CH,Budget,2023-04-28,True
C00313,Elena,Schröder,customer313@example.com,Nürnberg,DE,Standard,2024-08-06,True
C00314,Elena,Fischer,customer314@example.com,Frankfurt,DE,Standard,2023-02-19,True
C00315,Lena,Müller,customer315@example.com,Zürich,CH,Standard,2024-11-06,True
C00316,Julia,Schmidt,customer316@example.com,Innsbruck,AT,Standard,2024-04-27,True
C00317,Leon,Wolf,customer317@example.com,Lausanne,CH,Standard,2024-03-07,True
C00318,Jonas,Klein,customer318@example.com,Hannover,DE,Standard,2024-10-11,False
C00319,Lukas,Wagner,customer319@example.com,München,DE,Standard,2023-11-16,True
C00320,Felix,Hoffmann,customer320@example.com,Lausanne,CH,Standard,2024-09-28,True
C00321,Sophie,Meyer,customer321@example.com,Graz,AT,Standard,2024-06-14,True
C00322,Laura,Weber,customer322@example.com,Graz,AT,Budget,2023-02-05,True
C00323,Marie,Hoffmann,customer323@example.com,Leipzig,DE,Standard,2023-12-19,True
C00324,Julia,Becker,customer324@example.com,München,DE,Budget,2024-05-31,True
C00325,Lukas,Meyer,customer325@example.com,Lausanne,CH,Premium,2024-01-16,True
C00326,Lukas,Schmidt,customer326@example.com,Stuttgart,DE,Standard,2023-07-28,True
C00327,Sophie,Weber,customer327@example.com,Lausanne,CH,Standard,2024-03-17,True
C00328,Simon,Schröder,customer328@example.com,Salzburg,AT,Premium,2024-09-09,True
C00329,Lisa,Richter,customer329@example.com,Leipzig,DE,Premium,2024-05-29,True
C00330,Mia,Becker,customer330@example.com,Lausanne,CH,Budget,2024-05-31,True
C00331,Marie,Braun,customer331@example.com,Genf,CH,Budget,2023-03-25,True
C00332,Marie,Schmidt,customer332@example.com,Genf,CH,Premium,2024-04-04,True
C00333,Jonas,Schmidt,customer333@example.com,Zürich,CH,Budget,2024-07-31,True
C00334,Simon,Fischer,customer334@example.com,Hannover,DE,Budget,2023-06-29,True
C00335,Clara,Weber,customer335@example.com,Lausanne,CH,Standard,2023-05-23,True
C00336,Marie,Braun,customer336@example.com,Innsbruck,AT,Standard,2023-02-11,True
C00337,Sarah,Meyer,customer337@example.com,Nürnberg,DE,Premium,2024-10-31,True
C00338,David,Schneider,customer338@example.com,Graz,AT,Standard,2023-03-14,True
C00339,Mia,Braun,customer339@example.com,Zürich,CH,Standard,2023-07-25,True
C00340,Sophie,Klein,customer340@example.com,Lausanne,CH,Premium,2023-10-16,True
C00341,Mia,Schneider,customer341@example.com,Graz,AT,Budget,2024-01-16,True
C00342,Anna,Becker,customer342@example.com,Wien,AT,Standard,2023-04-27,True
C00343,Paul,Bauer,customer343@example.com,Linz,AT,Budget,2024-08-02,True
C00344,Sarah,Braun,customer344@example.com,Wien,AT,Standard,2024-06-26,True
C00345,Anna,Weber,customer345@example.com,Hannover,DE,Budget,2023-09-11,True
C00346,Tim,Braun,customer346@example.com,München,DE,Premium,2024-01-17,True
C00347,Jonas,Schneider,customer347@example.com,Dresden,DE,Premium,2023-03-24,True
C00348,Lisa,Schröder,customer348@example.com,Graz,AT,Premium,2023-09-20,True
C00349,Moritz,Weber,customer349@example.com,Düsseldorf,DE,Standard,2024-07-05,True
C00350,Marie,Wagner,customer350@example.com,Basel,CH,Budget,2024-02-24,True
C00351,Clara,Klein,customer351@example.com,Hamburg,DE,Standard,2024-06-02,True
C00352,Simon,Schmidt,customer352@example.com,Köln,DE,Premium,2024-05-24,True
C00353,Niklas,Schäfer,customer353@example.com,Stuttgart,DE,Standard,2024-08-13,True
C00354,Paul,Braun,customer354@example.com,Köln,DE,Standard,2023-03-06,True
C00355,Sophie,Neumann,customer355@example.com,Köln,DE,Premium,2023-06-22,True
C00356,Simon,Fischer,customer356@example.com,Genf,CH,Budget,2023-11-04,True
C00357,Jonas,Meyer,customer357@example.com,Zürich,CH,Standard,2023-08-15,True
C00358,Moritz,Hoffmann,customer358@example.com,Innsbruck,AT,Budget,2023-04-15,True
C00359,Max,Schäfer,customer359@example.com,Salzburg,AT,Budget,2023-01-29,True
C00360,Tim,Schmidt,customer360@example.com,Leipzig,DE,Standard,2023-10-11,True
C00361,Moritz,Richter,customer361@example.com,Innsbruck,AT,Standard,2023-03-20,True
C00362,Leon,Becker,customer362@example.com,Berlin,DE,Premium,2023-03-28,False
C00363,Paul,Schneider,customer363@example.com,Hannover,DE,Premium,2024-01-20,True
C00364,Sarah,Fischer,customer364@example.com,Genf,CH,Standard,2023-08-20,True
C00365,Jan,Koch,customer365@example.com,Düsseldorf,DE,Standard,2024-05-13,True
C00366,Laura,Schäfer,customer366@example.com,Lausanne,CH,Premium,2023-12-18,False
C00367,Laura,Becker,customer367@example.com,Innsbruck,AT,Standard,2023-08-11,True
C00368,Sophie,Fischer,customer368@example.com,Zürich,CH,Budget,2024-07-14,True
C00369,Sophie,Bauer,customer369@example.com,Zürich,CH,Standard,2023-05-29,True
C00370,Lisa,Schmidt,customer370@example.com,Wien,AT,Premium,2024-11-23,True
C00371,Simon,Hoffmann,customer371@example.com,Leipzig,DE,Standard,2024-02-06,True
C00372,Mia,Bauer,customer372@example.com,Zürich,CH,Standard,2024-02-18,True
C00373,Simon,Wagner,customer373@example.com,Genf,CH,Budget,2023-05-02,True
C00374,Paul,Becker,customer374@example.com,Zürich,CH,Budget,2023-05-29,True
C00375,Clara,Koch,customer375@example.com,Bremen,DE,Standard,2023-07-22,True
C00376,Anna,Wolf,customer376@example.com,Wien,AT,Premium,2024-04-10,True
C00377,Elena,Bauer,customer377@example.com,Linz,AT,Budget,2024-02-11,True
C00378,Lukas,Wagner,customer378@example.com,Berlin,DE,Standard,2024-11-26,True
C00379,Laura,Schäfer,customer379@example.com,Köln,DE,Standard,2023-04-21,True
C00380,Lukas,Müller,customer380@example.com,Bremen,DE,Standard,2023-09-18,True
C00381,Lena,Klein,customer381@example.com,Nürnberg,DE,Standard,2024-05-05,True
C00382,Paul,Hoffmann,customer382@example.com,Dresden,DE,Standard,2023-04-22,False
C00383,Moritz,Klein,customer383@example.com,Lausanne,CH,Standard,2023-01-12,True
C00384,Lisa,Meyer,customer384@example.com,Basel,CH,Budget,2024-08-09,True
C00385,Sophie,Schäfer,customer385@example.com,Frankfurt,DE,Budget,2024-09-14,True
C00386,Clara,Becker,customer386@example.com,Köln,DE,Standard,2024-04-13,False
C00387,Paul,Neumann,customer387@example.com,Graz,AT,Standard,2023-07-07,True
C00388,Elena,Weber,customer388@example.com,Graz,AT,Standard,2024-05-29,True
C00389,Anna,Braun,customer389@example.com,Frankfurt,DE,Standard,2024-06-19,False
C00390,Sarah,Richter,customer390@example.com,Bern,CH,Budget,2023-11-15,True
C00391,Jan,Schröder,customer391@example.com,Genf,CH,Standard,2024-12-04,True
C00392,Max,Braun,customer392@example.com,Innsbruck,AT,Standard,2023-07-02,False
C00393,Paul,Müller,customer393@example.com,Linz,AT,Standard,2023-04-28,True
C00394,David,Meyer,customer394@example.com,Salzburg,AT,Budget,2023-02-16,True
C00395,Lisa,Weber,customer395@example.com,Düsseldorf,DE,Standard,2023-05-17,True
C00396,Moritz,Richter,customer396@example.com,Zürich,CH,Standard,2024-09-10,True
C00397,Lukas,Klein,customer397@example.com,Bern,CH,Standard,2024-03-01,True
C00398,Niklas,Schäfer,customer398@example.com,Köln,DE,Budget,2023-02-18,True
C00399,Felix,Wagner,customer399@example.com,Frankfurt,DE,Standard,2024-09-29,True
C00400,Sarah,Bauer,customer400@example.com,Frankfurt,DE,Premium,2023-07-01,True
C00401,Elena,Bauer,customer401@example.com,Frankfurt,DE,Premium,2024-12-25,False
C00402,Simon,Klein,customer402@example.com,Düsseldorf,DE,Standard,2023-06-12,True
C00403,Paul,Meyer,customer403@example.com,Lausanne,CH,Premium,2024-09-09,True
C00404,Emma,Koch,customer404@example.com,Hannover,DE,Premium,2024-08-18,True
C00405,Marie,Wolf,customer405@example.com,Berlin,DE,Premium,2024-06-02,True
C00406,David,Schröder,customer406@example.com,Basel,CH,Budget,2024-04-16,False
C00407,Leon,Braun,customer407@example.com,Bremen,DE,Premium,2023-05-22,True
C00408,Jan,Bauer,customer408@example.com,Köln,DE,Standard,2023-11-01,True
C00409,Sophie,Schäfer,customer409@example.com,Zürich,CH,Premium,2024-09-20,True
C00410,Elena,Schmidt,customer410@example.com,Berlin,DE,Standard,2024-08-15,True
C00411,Moritz,Neumann,customer411@example.com,Düsseldorf,DE,Standard,2024-08-20,True
C00412,Lena,Weber,customer412@example.com,München,DE,Budget,2024-07-30,True
C00413,Lisa,Schröder,customer413@example.com,München,DE,Standard,2023-04-08,True
C00414,David,Becker,customer414@example.com,Bremen,DE,Premium,2023-12-10,True
C00415,Jan,Neumann,customer415@example.com,Hamburg,DE,Standard,2024-12-04,True
C00416,Sophie,Klein,customer416@example.com,Basel,CH,Budget,2023-06-03,False
C00417,David,Klein,customer417@example.com,Leipzig,DE,Standard,2023-08-01,True
C00418,Anna,Schneider,customer418@example.com,Innsbruck,AT,Budget,2024-03-22,True
C00419,Marie,Wagner,customer419@example.com,Basel,CH,Standard,2023-08-15,True
C00420,Jan,Weber,customer420@example.com,Zürich,CH,Budget,2024-03-02,True
C00421,Elena,Hoffmann,customer421@example.com,Nürnberg,DE,Standard,2023-01-08,True
C00422,David,Schröder,customer422@example.com,Dresden,DE,Budget,2024-07-12,True
C00423,Julia,Schmidt,customer423@example.com,Basel,CH,Standard,2024-03-29,True
C00424,Emma,Koch,customer424@example.com,Hamburg,DE,Budget,2023-10-10,True
C00425,Leon,Schröder,customer425@example.com,Berlin,DE,Standard,2024-06-03,True
C00426,Clara,Hoffmann,customer426@example.com,Stuttgart,DE,Budget,2024-01-01,True
C00427,Paul,Richter,customer427@example.com,Salzburg,AT,Standard,2023-05-09,True
C00428,Lukas,Müller,customer428@example.com,Köln,DE,Premium,2024-06-20,True
C00429,Jonas,Meyer,customer429@example.com,Köln,DE,Standard,2023-08-15,True
C00430,Tim,Schmidt,customer430@example.com,Bremen,DE,Budget,2024-01-12,True
C00431,Anna,Schneider,customer431@example.com,Genf,CH,Budget,2024-12-28,True
C00432,Elena,Müller,customer432@example.com,Salzburg,AT,Standard,2023-10-04,True
C00433,David,Braun,customer433@example.com,Dresden,DE,Budget,2023-11-03,True
C00434,Moritz,Weber,customer434@example.com,Salzburg,AT,Budget,2024-10-23,True
C00435,Mia,Schröder,customer435@example.com,Hamburg,DE,Premium,2023-10-16,True
C00436,Jonas,Müller,customer436@example.com,Linz,AT,Budget,2024-03-29,True
C00437,David,Meyer,customer437@example.com,Hamburg,DE,Standard,2024-05-30,False
C00438,Mia,Klein,customer438@example.com,Genf,CH,Budget,2023-10-29,True
C00439,Emma,Müller,customer439@example.com,Dresden,DE,Budget,2023-07-26,False
C00440,Marie,Klein,customer440@example.com,München,DE,Budget,2024-07-11,True
C00441,Sarah,Neumann,customer441@example.com,Hamburg,DE,Premium,2024-10-20,True
C00442,Clara,Schröder,customer442@example.com,Stuttgart,DE,Budget,2024-12-27,True
C00443,Jan,Hoffmann,customer443@example.com,Hamburg,DE,Budget,2024-03-01,True
C00444,Jonas,Wolf,customer444@example.com,Graz,AT,Standard,2023-03-04,True
C00445,Laura,Neumann,customer445@example.com,Genf,CH,Standard,2024-11-06,False
C00446,Sarah,Koch,customer446@example.com,Basel,CH,Premium,2023-03-30,True
C00447,Jonas,Fischer,customer447@example.com,Graz,AT,Premium,2023-08-10,True
C00448,Sarah,Hoffmann,customer448@example.com,München,DE,Budget,2024-09-28,True
C00449,Moritz,Schröder,customer449@example.com,Salzburg,AT,Premium,2024-04-21,True
C00450,Niklas,Weber,customer450@example.com,Graz,AT,Standard,2024-07-15,True
C00451,Jonas,Fischer,customer451@example.com,Bremen,DE,Budget,2023-07-20,False
C00452,Paul,Wolf,customer452@example.com,Berlin,DE,Premium,2023-01-08,True
C00453,David,Hoffmann,customer453@example.com,Graz,AT,Standard,2024-07-12,True
C00454,Niklas,Meyer,customer454@example.com,Lausanne,CH,Standard,2023-08-20,True
C00455,Sophie,Bauer,customer455@example.com,Frankfurt,DE,Standard,2024-03-30,True
C00456,Simon,Hoffmann,customer456@example.com,München,DE,Standard,2023-06-11,True
C00457,Emma,Neumann,customer457@example.com,Stuttgart,DE,Premium,2023-08-02,True
C00458,Lena,Müller,customer458@example.com,Leipzig,DE,Standard,2024-04-11,True
C00459,Sarah,Schneider,customer459@example.com,Hamburg,DE,Standard,2024-02-28,True
C00460,Marie,Neumann,customer460@example.com,Innsbruck,AT,Premium,2024-10-14,True
C00461,Max,Wagner,customer461@example.com,Hannover,DE,Budget,2024-02-08,True
C00462,Clara,Hoffmann,customer462@example.com,Nürnberg,DE,Standard,2023-12-29,False
C00463,Elena,Wagner,customer463@example.com,Dresden,DE,Standard,2024-06-12,False
C00464,Jan,Koch,customer464@example.com,Hannover,DE,Premium,2024-05-08,True
C00465,Julia,Bauer,customer465@example.com,Berlin,DE,Budget,2023-06-17,True
C00466,Lisa,Müller,customer466@example.com,Wien,AT,Budget,2023-09-25,True
C00467,Sarah,Richter,customer467@example.com,Köln,DE,Budget,2024-06-03,False
C00468,Anna,Fischer,customer468@example.com,Basel,CH,Standard,2024-10-19,True
C00469,Jan,Wolf,customer469@example.com,Zürich,CH,Standard,2024-04-29,True
C00470,Jan,Wolf,customer470@example.com,Berlin,DE,Budget,2023-11-28,True
C00471,Anna,Koch,customer471@example.com,Dresden,DE,Standard,2023-07-21,True
C00472,Jonas,Wagner,customer472@example.com,Bern,CH,Budget,2023-04-28,True
C00473,Marie,Schneider,customer473@example.com,Genf,CH,Standard,2024-05-28,True
C00474,Lukas,Koch,customer474@example.com,Innsbruck,AT,Standard,2023-09-25,True
C00475,Moritz,Meyer,customer475@example.com,Köln,DE,Budget,2023-08-01,True
C00476,Lukas,Richter,customer476@example.com,Zürich,CH,Standard,2024-02-24,True
C00477,Lukas,Bauer,customer477@example.com,Bremen,DE,Budget,2024-03-26,True
C00478,Lisa,Fischer,customer478@example.com,Leipzig,DE,Standard,2023-03-16,True
C00479,Leon,Wagner,customer479@example.com,München,DE,Premium,2024-03-15,True
C00480,Mia,Schäfer,customer480@example.com,Berlin,DE,Standard,2024-07-12,True
C00481,Tim,Neumann,customer481@example.com,Hannover,DE,Premium,2024-04-23,True
C00482,Mia,Bauer,customer482@example.com,Leipzig,DE,Standard,2024-11-18,True
C00483,Leon,Schneider,customer483@example.com,Innsbruck,AT,Budget,2024-03-09,True
C00484,Lena,Braun,customer484@example.com,Graz,AT,Standard,2023-12-29,True
C00485,Lena,Weber,customer485@example.com,Genf,CH,Budget,2024-06-25,True
C00486,Simon,Meyer,customer486@example.com,Köln,DE,Standard,2023-02-04,True
C00487,David,Neumann,customer487@example.com,Innsbruck,AT,Standard,2023-03-18,True
C00488,Leon,Hoffmann,customer488@example.com,Frankfurt,DE,Standard,2023-03-10,True
C00489,Simon,Schneider,customer489@example.com,Lausanne,CH,Standard,2024-01-14,True
C00490,Niklas,Klein,customer490@example.com,Bern,CH,Standard,2024-05-11,True
C00491,Sophie,Müller,customer491@example.com,Hannover,DE,Standard,2023-12-25,True
C00492,Anna,Koch,customer492@example.com,Hamburg,DE,Standard,2023-04-21,True
C00493,Clara,Weber,customer493@example.com,Hamburg,DE,Budget,2023-04-14,True
C00494,Leon,Fischer,customer494@example.com,Köln,DE,Budget,2024-10-18,True
C00495,Clara,Richter,customer495@example.com,Genf,CH,Standard,2023-09-24,False
C00496,Felix,Weber,customer496@example.com,Lausanne,CH,Budget,2024-01-30,True
C00497,Marie,Neumann,customer497@example.com,Graz,AT,Budget,2024-06-07,True
C00498,Simon,Fischer,customer498@example.com,Bremen,DE,Standard,2024-08-04,True
C00499,Jan,Braun,customer499@example.com,Linz,AT,Budget,2024-12-15,True
C00500,Jan,Wolf,customer500@example.com,Zürich,CH,Budget,2024-08-26,True
C00501,Lisa,Hoffmann,customer501@example.com,Wien,AT,Premium,2023-06-12,False
C00502,Marie,Schneider,customer502@example.com,Innsbruck,AT,Standard,2023-05-27,True
C00503,Simon,Schröder,customer503@example.com,Graz,AT,Budget,2024-12-01,True
C00504,Lukas,Schäfer,customer504@example.com,Lausanne,CH,Premium,2024-11-13,True
C00505,Anna,Hoffmann,customer505@example.com,Salzburg,AT,Standard,2023-07-23,True
C00506,Jan,Braun,customer506@example.com,Linz,AT,Standard,2023-06-12,True
C00507,Felix,Schneider,customer507@example.com,Düsseldorf,DE,Budget,2024-06-25,True
C00508,Paul,Becker,customer508@example.com,Berlin,DE,Budget,2024-07-02,True
C00509,Max,Fischer,customer509@example.com,Dresden,DE,Budget,2023-05-07,True
C00510,Sophie,Meyer,customer510@example.com,Dresden,DE,Standard,2024-01-19,True
C00511,Paul,Richter,customer511@example.com,Graz,AT,Standard,2023-07-07,False
C00512,Marie,Schröder,customer512@example.com,Bern,CH,Standard,2023-05-03,True
C00513,Lisa,Meyer,customer513@example.com,München,DE,Premium,2024-01-15,False
C00514,David,Schmidt,customer514@example.com,Wien,AT,Standard,2023-07-03,True
C00515,Simon,Wagner,customer515@example.com,Graz,AT,Standard,2024-09-23,True
C00516,Niklas,Richter,customer516@example.com,Dresden,DE,Standard,2024-10-31,True
C00517,Moritz,Schäfer,customer517@example.com,Lausanne,CH,Standard,2023-01-31,True
C00518,Emma,Klein,customer518@example.com,Basel,CH,Standard,2024-10-21,True
C00519,David,Fischer,customer519@example.com,Genf,CH,Premium,2024-02-12,True
C00520,Simon,Klein,customer520@example.com,Zürich,CH,Budget,2023-01-12,True
C00521,Moritz,Wolf,customer521@example.com,Hannover,DE,Premium,2024-12-16,True
C00522,Clara,Meyer,customer522@example.com,Zürich,CH,Budget,2023-04-06,True
C00523,Leon,Bauer,customer523@example.com,Leipzig,DE,Budget,2024-01-25,True
C00524,Max,Koch,customer524@example.com,Hannover,DE,Standard,2024-09-24,True
C00525,Sophie,Braun,customer525@example.com,Bremen,DE,Budget,2024-03-27,True
C00526,Lisa,Bauer,customer526@example.com,Innsbruck,AT,Standard,2023-07-17,True
C00527,Elena,Schäfer,customer527@example.com,Berlin,DE,Premium,2024-12-29,True
C00528,Leon,Müller,customer528@example.com,Hannover,DE,Standard,2023-01-13,True
C00529,Jonas,Bauer,customer529@example.com,Frankfurt,DE,Budget,2024-03-06,True
C00530,Felix,Hoffmann,customer530@example.com,Lausanne,CH,Standard,2023-10-31,True
C00531,Julia,Hoffmann,customer531@example.com,Graz,AT,Premium,2023-08-15,True
C00532,Sophie,Schmidt,customer532@example.com,Zürich,CH,Standard,2024-02-01,True
C00533,Paul,Richter,customer533@example.com,Hannover,DE,Premium,2023-04-10,True
C00534,Sophie,Braun,customer534@example.com,Leipzig,DE,Budget,2023-09-20,True
C00535,Laura,Müller,customer535@example.com,Bremen,DE,Budget,2023-05-29,True
C00536,Moritz,Schäfer,customer536@example.com,Hamburg,DE,Standard,2024-06-08,False
C00537,Paul,Weber,customer537@example.com,Nürnberg,DE,Budget,2024-07-11,True
C00538,Lena,Schneider,customer538@example.com,Innsbruck,AT,Standard,2024-02-02,True
C00539,Mia,Koch,customer539@example.com,Innsbruck,AT,Budget,2023-07-01,False
C00540,Lisa,Wolf,customer540@example.com,Stuttgart,DE,Standard,2023-04-29,True
C00541,Niklas,Schäfer,customer541@example.com,Bremen,DE,Budget,2024-05-16,True
C00542,Marie,Wagner,customer542@example.com,München,DE,Premium,2024-02-25,True
C00543,Felix,Bauer,customer543@example.com,Berlin,DE,Premium,2023-02-24,True
C00544,Sophie,Wolf,customer544@example.com,Frankfurt,DE,Standard,2024-10-08,True
C00545,Simon,Becker,customer545@example.com,Leipzig,DE,Standard,2023-08-13,True
C00546,Jonas,Schmidt,customer546@example.com,Leipzig,DE,Standard,2023-07-14,True
C00547,Sophie,Becker,customer547@example.com,Bremen,DE,Budget,2023-08-06,True
C00548,Tim,Wolf,customer548@example.com,Basel,CH,Standard,2024-03-09,True
C00549,Julia,Wagner,customer549@example.com,Innsbruck,AT,Premium,2024-07-24,True
C00550,Paul,Koch,customer550@example.com,Nürnberg,DE,Budget,2024-05-21,True
C00551,Tim,Koch,customer551@example.com,Frankfurt,DE,Budget,2024-02-16,True
C00552,Clara,Wolf,customer552@example.com,Stuttgart,DE,Premium,2023-08-04,True
C00553,Mia,Hoffmann,customer553@example.com,Innsbruck,AT,Standard,2023-01-05,True
C00554,Anna,Wolf,customer554@example.com,Zürich,CH,Standard,2024-02-26,True
C00555,Marie,Meyer,customer555@example.com,Graz,AT,Budget,2024-03-28,True
C00556,Sarah,Richter,customer556@example.com,Graz,AT,Standard,2024-12-14,True
C00557,Laura,Bauer,customer557@example.com,Stuttgart,DE,Budget,2023-04-03,True
C00558,Paul,Braun,customer558@example.com,Innsbruck,AT,Budget,2023-11-27,True
C00559,Lisa,Fischer,customer559@example.com,Stuttgart,DE,Budget,2024-11-11,True
C00560,Leon,Braun,customer560@example.com,Bremen,DE,Standard,2023-05-19,False
C00561,Marie,Fischer,customer561@example.com,Lausanne,CH,Budget,2023-06-03,True
C00562,Tim,Koch,customer562@example.com,München,DE,Standard,2023-09-30,True
C00563,Lena,Becker,customer563@example.com,Leipzig,DE,Budget,2023-05-21,True
C00564,Felix,Neumann,customer564@example.com,Berlin,DE,Standard,2024-03-02,True
C00565,Clara,Bauer,customer565@example.com,Lausanne,CH,Premium,2023-04-03,False
C00566,Lena,Koch,customer566@example.com,Köln,DE,Premium,2024-05-26,True
C00567,Simon,Becker,customer567@example.com,Leipzig,DE,Budget,2023-11-18,True
C00568,Paul,Schäfer,customer568@example.com,Hamburg,DE,Budget,2024-10-14,True
C00569,Max,Wagner,customer569@example.com,München,DE,Standard,2024-05-13,True
C00570,Lukas,Schneider,customer570@example.com,Genf,CH,Budget,2024-08-28,True
C00571,Emma,Richter,customer571@example.com,Graz,AT,Standard,2023-01-17,True
C00572,Max,Braun,customer572@example.com,Zürich,CH,Budget,2023-11-20,True
C00573,Simon,Schäfer,customer573@example.com,Basel,CH,Budget,2024-09-19,True
C00574,Moritz,Schmidt,customer574@example.com,Köln,DE,Standard,2023-07-12,True
C00575,Tim,Schneider,customer575@example.com,Frankfurt,DE,Standard,2024-12-09,True
C00576,Felix,Wolf,customer576@example.com,Wien,AT,Budget,2024-11-30,True
C00577,Sarah,Fischer,customer577@example.com,Köln,DE,Budget,2024-02-09,True
C00578,Paul,Becker,customer578@example.com,Zürich,CH,Standard,2024-09-19,True
C00579,Sarah,Fischer,customer579@example.com,Düsseldorf,DE,Standard,2024-07-11,True
C00580,David,Becker,customer580@example.com,Berlin,DE,Premium,2024-12-07,True
C00581,Lukas,Schmidt,customer581@example.com,Nürnberg,DE,Budget,2023-01-04,True
C00582,Paul,Weber,customer582@example.com,Basel,CH,Standard,2023-10-06,True
C00583,Clara,Meyer,customer583@example.com,Dresden,DE,Premium,2024-05-23,True
C00584,Marie,Schneider,customer584@example.com,Düsseldorf,DE,Budget,2024-09-06,False
C00585,Jan,Fischer,customer585@example.com,Frankfurt,DE,Budget,2023-02-07,True
C00586,Leon,Schröder,customer586@example.com,Zürich,CH,Budget,2024-06-25,True
C00587,David,Fischer,customer587@example.com,Salzburg,AT,Budget,2024-01-14,True
C00588,Niklas,Becker,customer588@example.com,Genf,CH,Standard,2023-11-06,False
C00589,Anna,Hoffmann,customer589@example.com,Nürnberg,DE,Standard,2023-07-21,True
C00590,Moritz,Fischer,customer590@example.com,Lausanne,CH,Budget,2024-05-19,True
C00591,Moritz,Müller,customer591@example.com,Genf,CH,Budget,2023-04-12,True
C00592,Elena,Schmidt,customer592@example.com,Innsbruck,AT,Standard,2024-05-03,True
C00593,David,Wagner,customer593@example.com,Stuttgart,DE,Budget,2023-01-01,True
C00594,Jonas,Richter,customer594@example.com,München,DE,Standard,2024-11-11,True
C00595,Moritz,Neumann,customer595@example.com,Genf,CH,Budget,2024-05-29,True
C00596,David,Fischer,customer596@example.com,Berlin,DE,Budget,2024-04-18,True
C00597,Jan,Koch,customer597@example.com,Zürich,CH,Budget,2024-01-04,False
C00598,Anna,Fischer,customer598@example.com,Berlin,DE,Standard,2023-09-27,True
C00599,Jan,Müller,customer599@example.com,Stuttgart,DE,Standard,2023-06-17,True
C00600,Lisa,Schneider,customer600@example.com,Leipzig,DE,Budget,2024-06-08,True
C00601,Mia,Fischer,customer601@example.com,Hannover,DE,Standard,2024-04-02,True
C00602,Leon,Becker,customer602@example.com,Lausanne,CH,Standard,2023-11-09,True
C00603,Lisa,Braun,customer603@example.com,Hamburg,DE,Standard,2024-09-17,True
C00604,Julia,Koch,customer604@example.com,Berlin,DE,Standard,2023-04-23,True
C00605,Leon,Klein,customer605@example.com,Stuttgart,DE,Standard,2023-04-07,True
C00606,Emma,Schröder,customer606@example.com,Berlin,DE,Standard,2023-11-14,True
C00607,Felix,Fischer,customer607@example.com,München,DE,Budget,2024-07-12,True
C00608,Simon,Klein,customer608@example.com,Düsseldorf,DE,Budget,2024-08-13,True
C00609,Elena,Braun,customer609@example.com,Basel,CH,Budget,2023-01-29,True
C00610,Lena,Neumann,customer610@example.com,Leipzig,DE,Premium,2023-08-06,True
C00611,Mia,Hoffmann,customer611@example.com,Dresden,DE,Standard,2023-03-23,True
C00612,Lena,Schmidt,customer612@example.com,Düsseldorf,DE,Standard,2024-01-22,True
C00613,Clara,Koch,customer613@example.com,Nürnberg,DE,Standard,2023-06-15,True
C00614,Mia,Hoffmann,customer614@example.com,Linz,AT,Premium,2023-08-18,True
C00615,David,Schmidt,customer615@example.com,Basel,CH,Standard,2024-04-27,False
C00616,David,Schäfer,customer616@example.com,Hamburg,DE,Standard,2023-05-14,True
C00617,Sophie,Schmidt,customer617@example.com,Stuttgart,DE,Budget,2024-03-18,True
C00618,Clara,Schröder,customer618@example.com,Nürnberg,DE,Premium,2023-03-20,True
C00619,Paul,Müller,customer619@example.com,Frankfurt,DE,Premium,2024-09-01,True
C00620,Sophie,Müller,customer620@example.com,Innsbruck,AT,Standard,2023-05-17,True
C00621,Marie,Schröder,customer621@example.com,Graz,AT,Standard,2024-09-09,True
C00622,Lukas,Wolf,customer622@example.com,Lausanne,CH,Standard,2024-11-20,True
C00623,Moritz,Koch,customer623@example.com,Dresden,DE,Standard,2023-09-05,True
C00624,Laura,Wagner,customer624@example.com,Basel,CH,Standard,2024-05-07,True
C00625,Max,Klein,customer625@example.com,Basel,CH,Standard,2023-02-16,True
C00626,Emma,Schneider,customer626@example.com,Leipzig,DE,Standard,2023-07-22,True
C00627,Lisa,Schäfer,customer627@example.com,Salzburg,AT,Budget,2023-12-04,True
C00628,Paul,Klein,customer628@example.com,Frankfurt,DE,Standard,2024-03-18,True
C00629,Sarah,Schäfer,customer629@example.com,Graz,AT,Standard,2024-11-21,True
C00630,Moritz,Müller,customer630@example.com,Hannover,DE,Budget,2023-10-22,True
C00631,Tim,Meyer,customer631@example.com,Genf,CH,Standard,2024-03-20,True
C00632,David,Braun,customer632@example.com,Hannover,DE,Budget,2024-07-02,True
C00633,Paul,Fischer,customer633@example.com,Hannover,DE,Standard,2024-11-28,True
C00634,Sophie,Wolf,customer634@example.com,Hannover,DE,Standard,2023-03-29,True
C00635,Max,Meyer,customer635@example.com,Stuttgart,DE,Standard,2023-05-01,True
C00636,Niklas,Braun,customer636@example.com,Köln,DE,Budget,2024-12-14,True
C00637,Lukas,Fischer,customer637@example.com,Basel,CH,Standard,2024-08-17,True
C00638,Niklas,Richter,customer638@example.com,Nürnberg,DE,Standard,2024-06-18,True
C00639,Sarah,Schäfer,customer639@example.com,Köln,DE,Standard,2024-07-01,True
C00640,Moritz,Hoffmann,customer640@example.com,Salzburg,AT,Premium,2023-04-07,True
C00641,Jonas,Weber,customer641@example.com,Düsseldorf,DE,Standard,2024-10-23,True
C00642,Clara,Hoffmann,customer642@example.com,Salzburg,AT,Standard,2024-02-18,True
C00643,Sarah,Wolf,customer643@example.com,Wien,AT,Standard,2024-11-02,True
C00644,Anna,Weber,customer644@example.com,Leipzig,DE,Budget,2024-08-19,True
C00645,Moritz,Koch,customer645@example.com,Lausanne,CH,Budget,2023-10-16,True
C00646,Sophie,Schmidt,customer646@example.com,Nürnberg,DE,Standard,2023-04-25,True
C00647,Simon,Wolf,customer647@example.com,Graz,AT,Standard,2024-11-09,True
C00648,Elena,Becker,customer648@example.com,Linz,AT,Budget,2024-01-17,True
C00649,Jan,Schneider,customer649@example.com,Berlin,DE,Standard,2024-04-25,True
C00650,Jan,Richter,customer650@example.com,Berlin,DE,Budget,2023-12-20,True
C00651,Paul,Schröder,customer651@example.com,Salzburg,AT,Standard,2023-08-27,True
C00652,Elena,Neumann,customer652@example.com,Düsseldorf,DE,Standard,2024-10-01,True
C00653,Felix,Neumann,customer653@example.com,Innsbruck,AT,Budget,2024-03-26,True
C00654,Lukas,Wolf,customer654@example.com,Innsbruck,AT,Budget,2023-06-20,True
C00655,Clara,Hoffmann,customer655@example.com,Salzburg,AT,Standard,2023-01-25,True
C00656,Jonas,Bauer,customer656@example.com,Lausanne,CH,Standard,2023-12-02,True
C00657,Jan,Schmidt,customer657@example.com,Graz,AT,Standard,2024-02-17,True
C00658,Sarah,Becker,customer658@example.com,Hannover,DE,Premium,2024-11-23,True
C00659,Clara,Meyer,customer659@example.com,München,DE,Standard,2024-10-09,True
C00660,Mia,Neumann,customer660@example.com,Frankfurt,DE,Premium,2023-12-01,True
C00661,Mia,Schäfer,customer661@example.com,Wien,AT,Standard,2023-12-01,True
C00662,Laura,Fischer,customer662@example.com,Lausanne,CH,Standard,2023-07-25,True
C00663,Tim,Schmidt,customer663@example.com,Hannover,DE,Standard,2023-04-06,True
C00664,Elena,Wolf,customer664@example.com,München,DE,Premium,2023-11-13,True
C00665,Leon,Schröder,customer665@example.com,Dresden,DE,Budget,2023-09-07,True
C00666,Lukas,Weber,customer666@example.com,Basel,CH,Standard,2024-12-21,True
C00667,Jonas,Meyer,customer667@example.com,Düsseldorf,DE,Budget,2023-04-02,True
C00668,Sophie,Schäfer,customer668@example.com,Hamburg,DE,Standard,2024-07-29,True
C00669,Paul,Koch,customer669@example.com,Nürnberg,DE,Standard,2024-11-12,True
C00670,Anna,Bauer,customer670@example.com,Leipzig,DE,Budget,2023-08-25,True
C00671,Anna,Braun,customer671@example.com,Salzburg,AT,Standard,2024-08-15,True
C00672,Moritz,Meyer,customer672@example.com,Zürich,CH,Standard,2023-11-14,True
C00673,Max,Richter,customer673@example.com,Hamburg,DE,Budget,2023-08-10,True
C00674,Felix,Wolf,customer674@example.com,Graz,AT,Budget,2024-08-08,True
C00675,Leon,Bauer,customer675@example.com,Stuttgart,DE,Standard,2023-12-06,True
C00676,Clara,Meyer,customer676@example.com,Köln,DE,Standard,2024-07-28,True
C00677,Elena,Klein,customer677@example.com,Linz,AT,Standard,2024-05-31,True
C00678,Elena,Becker,customer678@example.com,Graz,AT,Budget,2024-11-29,True
C00679,Emma,Schmidt,customer679@example.com,Wien,AT,Budget,2023-08-18,True
C00680,Mia,Bauer,customer680@example.com,Stuttgart,DE,Standard,2024-11-18,True
C00681,Paul,Schneider,customer681@example.com,Nürnberg,DE,Standard,2024-03-26,True
C00682,Niklas,Koch,customer682@example.com,Wien,AT,Premium,2024-04-03,False
C00683,Marie,Klein,customer683@example.com,Genf,CH,Budget,2024-08-20,True
C00684,David,Koch,customer684@example.com,Frankfurt,DE,Premium,2024-11-25,True
C00685,Lena,Fischer,customer685@example.com,Köln,DE,Budget,2023-05-05,True
C00686,Lena,Koch,customer686@example.com,Hannover,DE,Standard,2024-03-25,True
C00687,Anna,Weber,customer687@example.com,Hannover,DE,Standard,2024-09-13,True
C00688,Sophie,Neumann,customer688@example.com,Genf,CH,Standard,2024-07-15,True
C00689,Tim,Braun,customer689@example.com,Graz,AT,Standard,2024-12-15,True
C00690,Julia,Weber,customer690@example.com,Hannover,DE,Premium,2023-10-04,True
C00691,Lena,Müller,customer691@example.com,Dresden,DE,Standard,2023-07-01,True
C00692,Julia,Braun,customer692@example.com,Linz,AT,Standard,2024-09-07,True
C00693,Mia,Braun,customer693@example.com,Graz,AT,Budget,2024-03-09,True
C00694,Julia,Becker,customer694@example.com,Hannover,DE,Budget,2023-07-26,True
C00695,Elena,Richter,customer695@example.com,Hamburg,DE,Standard,2023-06-05,True
C00696,Tim,Becker,customer696@example.com,Stuttgart,DE,Premium,2024-03-13,True
C00697,Laura,Neumann,customer697@example.com,Basel,CH,Standard,2023-01-08,True
C00698,Lisa,Richter,customer698@example.com,Salzburg,AT,Budget,2024-06-02,True
C00699,Elena,Hoffmann,customer699@example.com,Genf,CH,Budget,2023-08-03,False
C00700,David,Becker,customer700@example.com,Nürnberg,DE,Budget,2024-04-09,True
C00701,Felix,Bauer,customer701@example.com,Graz,AT,Budget,2023-10-03,True
C00702,Tim,Schmidt,customer702@example.com,Bern,CH,Premium,2024-05-08,True
C00703,Emma,Meyer,customer703@example.com,München,DE,Budget,2023-10-03,False
C00704,Mia,Schneider,customer704@example.com,Linz,AT,Budget,2024-04-29,True
C00705,Julia,Becker,customer705@example.com,Leipzig,DE,Standard,2023-10-23,True
C00706,Moritz,Fischer,customer706@example.com,Nürnberg,DE,Standard,2023-02-08,False
C00707,Sophie,Braun,customer707@example.com,Köln,DE,Standard,2023-03-27,True
C00708,Simon,Koch,customer708@example.com,Lausanne,CH,Standard,2024-10-03,True
C00709,Marie,Schäfer,customer709@example.com,Köln,DE,Standard,2023-07-11,True
C00710,Simon,Neumann,customer710@example.com,Hamburg,DE,Standard,2023-04-22,True
C00711,Lena,Schmidt,customer711@example.com,Nürnberg,DE,Standard,2024-03-14,True
C00712,Jan,Bauer,customer712@example.com,Salzburg,AT,Budget,2024-06-13,True
C00713,Felix,Richter,customer713@example.com,Linz,AT,Budget,2024-05-17,True
C00714,Niklas,Braun,customer714@example.com,Basel,CH,Standard,2023-08-06,True
C00715,Marie,Wagner,customer715@example.com,Bremen,DE,Premium,2024-03-03,True
C00716,Felix,Fischer,customer716@example.com,Salzburg,AT,Standard,2024-03-14,True
C00717,Marie,Richter,customer717@example.com,Leipzig,DE,Standard,2023-08-17,True
C00718,Felix,Becker,customer718@example.com,Lausanne,CH,Standard,2023-05-12,True
C00719,Marie,Schneider,customer719@example.com,Stuttgart,DE,Standard,2023-07-10,True
C00720,Clara,Meyer,customer720@example.com,München,DE,Budget,2024-12-20,True
C00721,Lukas,Schäfer,customer721@example.com,Stuttgart,DE,Standard,2023-07-25,False
C00722,Leon,Hoffmann,customer722@example.com,Innsbruck,AT,Standard,2023-12-15,True
C00723,Clara,Fischer,customer723@example.com,Basel,CH,Premium,2024-05-01,True
C00724,Mia,Richter,customer724@example.com,Zürich,CH,Standard,2023-10-03,True
C00725,Elena,Becker,customer725@example.com,Berlin,DE,Budget,2023-09-30,False
C00726,Laura,Wolf,customer726@example.com,Graz,AT,Budget,2023-11-24,True
C00727,Lisa,Schmidt,customer727@example.com,Innsbruck,AT,Budget,2023-06-05,True
C00728,Emma,Klein,customer728@example.com,Düsseldorf,DE,Budget,2023-01-13,True
C00729,Niklas,Schröder,customer729@example.com,Genf,CH,Standard,2024-08-28,True
C00730,Jonas,Schäfer,customer730@example.com,Basel,CH,Budget,2023-05-23,True
C00731,Mia,Hoffmann,customer731@example.com,Basel,CH,Budget,2024-02-21,True
C00732,Lisa,Hoffmann,customer732@example.com,Hamburg,DE,Standard,2023-04-08,True
C00733,Julia,Müller,customer733@example.com,Wien,AT,Standard,2023-03-13,True
C00734,Felix,Koch,customer734@example.com,Bern,CH,Standard,2023-05-19,True
C00735,Simon,Meyer,customer735@example.com,Genf,CH,Standard,2024-02-28,True
C00736,Jan,Becker,customer736@example.com,Wien,AT,Budget,2023-07-11,True
C00737,Jan,Schmidt,customer737@example.com,Hannover,DE,Standard,2023-05-29,True
C00738,Jan,Meyer,customer738@example.com,Innsbruck,AT,Standard,2023-01-06,True
C00739,Mia,Fischer,customer739@example.com,Köln,DE,Standard,2024-01-06,True
C00740,Paul,Neumann,customer740@example.com,Frankfurt,DE,Budget,2023-02-27,True
C00741,Lukas,Klein,customer741@example.com,Graz,AT,Premium,2023-03-24,True
C00742,Lisa,Becker,customer742@example.com,Berlin,DE,Standard,2023-07-29,True
C00743,Sophie,Meyer,customer743@example.com,Salzburg,AT,Premium,2024-01-05,False
C00744,Julia,Klein,customer744@example.com,Salzburg,AT,Standard,2023-07-03,True
C00745,Elena,Schäfer,customer745@example.com,Hamburg,DE,Budget,2023-09-07,True
C00746,Jan,Schneider,customer746@example.com,Leipzig,DE,Standard,2023-01-10,True
C00747,David,Schneider,customer747@example.com,Salzburg,AT,Standard,2023-04-23,True
C00748,Simon,Braun,customer748@example.com,Linz,AT,Budget,2023-06-11,True
C00749,Lisa,Müller,customer749@example.com,Salzburg,AT,Standard,2023-07-02,True
C00750,Niklas,Neumann,customer750@example.com,Hamburg,DE,Budget,2024-01-13,True
C00751,David,Klein,customer751@example.com,Berlin,DE,Standard,2023-10-21,True
C00752,Moritz,Koch,customer752@example.com,Genf,CH,Standard,2023-03-11,True
C00753,Emma,Schneider,customer753@example.com,Frankfurt,DE,Standard,2023-04-01,True
C00754,Emma,Schäfer,customer754@example.com,Hamburg,DE,Standard,2024-07-05,False
C00755,Leon,Richter,customer755@example.com,Hannover,DE,Premium,2024-07-26,True
C00756,Jonas,Schröder,customer756@example.com,Wien,AT,Budget,2023-07-16,True
C00757,Tim,Bauer,customer757@example.com,Bern,CH,Premium,2023-01-30,True
C00758,Clara,Hoffmann,customer758@example.com,Leipzig,DE,Premium,2024-03-20,True
C00759,Simon,Bauer,customer759@example.com,Linz,AT,Standard,2024-11-04,True
C00760,Max,Müller,customer760@example.com,Köln,DE,Premium,2023-04-21,True
C00761,David,Neumann,customer761@example.com,Nürnberg,DE,Premium,2024-02-09,True
C00762,David,Neumann,customer762@example.com,Salzburg,AT,Standard,2023-01-08,True
C00763,Moritz,Schröder,customer763@example.com,Innsbruck,AT,Standard,2023-06-15,True
C00764,David,Becker,customer764@example.com,Graz,AT,Budget,2024-06-09,True
C00765,Niklas,Schneider,customer765@example.com,Wien,AT,Premium,2024-02-19,True
C00766,Anna,Wolf,customer766@example.com,Innsbruck,AT,Standard,2024-02-11,True
C00767,Emma,Braun,customer767@example.com,Stuttgart,DE,Standard,2024-07-24,True
C00768,Felix,Bauer,customer768@example.com,Graz,AT,Premium,2023-01-13,True
C00769,Moritz,Schneider,customer769@example.com,Hannover,DE,Standard,2024-02-23,True
C00770,Laura,Neumann,customer770@example.com,Salzburg,AT,Budget,2023-02-13,True
C00771,Paul,Meyer,customer771@example.com,Hamburg,DE,Standard,2023-06-13,True
C00772,David,Fischer,customer772@example.com,Salzburg,AT,Standard,2024-04-07,False
C00773,Sophie,Richter,customer773@example.com,Salzburg,AT,Standard,2023-07-09,True
C00774,Lukas,Becker,customer774@example.com,München,DE,Standard,2023-10-14,True
C00775,Paul,Schmidt,customer775@example.com,Dresden,DE,Budget,2024-05-01,True
C00776,Lena,Schröder,customer776@example.com,Bern,CH,Standard,2023-04-13,True
C00777,Niklas,Wagner,customer777@example.com,Zürich,CH,Budget,2023-07-16,True
C00778,Leon,Meyer,customer778@example.com,Wien,AT,Budget,2024-10-24,True
C00779,Simon,Meyer,customer779@example.com,Bremen,DE,Standard,2023-01-04,True
C00780,Jonas,Weber,customer780@example.com,Leipzig,DE,Budget,2024-08-30,True
C00781,Tim,Koch,customer781@example.com,Hamburg,DE,Budget,2023-04-16,True
C00782,Clara,Meyer,customer782@example.com,Frankfurt,DE,Standard,2024-02-20,True
C00783,Jonas,Bauer,customer783@example.com,Lausanne,CH,Standard,2024-05-29,True
C00784,Jonas,Hoffmann,customer784@example.com,Innsbruck,AT,Standard,2023-09-08,True
C00785,David,Schmidt,customer785@example.com,Linz,AT,Standard,2023-03-10,True
C00786,Lena,Klein,customer786@example.com,Nürnberg,DE,Standard,2024-12-18,True
C00787,Sarah,Schneider,customer787@example.com,Dresden,DE,Standard,2023-01-25,True
C00788,Tim,Richter,customer788@example.com,Hamburg,DE,Standard,2024-04-03,True
C00789,Lena,Braun,customer789@example.com,München,DE,Premium,2023-05-01,False
C00790,Lukas,Schröder,customer790@example.com,Innsbruck,AT,Premium,2024-06-13,True
C00791,Lisa,Schäfer,customer791@example.com,Linz,AT,Standard,2023-08-27,True
C00792,David,Becker,customer792@example.com,Düsseldorf,DE,Budget,2024-10-03,True
C00793,Laura,Bauer,customer793@example.com,Graz,AT,Standard,2024-07-28,True
C00794,Sophie,Becker,customer794@example.com,Innsbruck,AT,Budget,2024-01-11,False
C00795,Julia,Weber,customer795@example.com,Lausanne,CH,Premium,2023-06-24,True
C00796,Paul,Weber,customer796@example.com,Nürnberg,DE,Budget,2023-03-12,True
C00797,Jan,Richter,customer797@example.com,Linz,AT,Standard,2024-03-11,True
C00798,Mia,Meyer,customer798@example.com,Basel,CH,Standard,2023-10-12,True
C00799,Leon,Fischer,customer799@example.com,Salzburg,AT,Standard,2023-05-26,True
C00800,Tim,Fischer,customer800@example.com,München,DE,Budget,2024-10-14,True
C00801,Marie,Wolf,customer801@example.com,Frankfurt,DE,Budget,2024-07-03,True
C00802,Emma,Weber,customer802@example.com,Frankfurt,DE,Standard,2023-02-19,True
C00803,Sophie,Bauer,customer803@example.com,Köln,DE,Premium,2023-10-05,True
C00804,Felix,Fischer,customer804@example.com,Nürnberg,DE,Budget,2024-08-29,True
C00805,Niklas,Schmidt,customer805@example.com,Hamburg,DE,Standard,2024-03-16,True
C00806,Elena,Neumann,customer806@example.com,München,DE,Standard,2023-11-12,True
C00807,Tim,Müller,customer807@example.com,Düsseldorf,DE,Premium,2023-09-02,False
C00808,David,Braun,customer808@example.com,Düsseldorf,DE,Standard,2024-02-14,True
C00809,Max,Wolf,customer809@example.com,Hannover,DE,Standard,2023-12-14,True
C00810,Elena,Fischer,customer810@example.com,München,DE,Premium,2024-09-09,True
C00811,Tim,Richter,customer811@example.com,Leipzig,DE,Premium,2023-06-20,True
C00812,Anna,Neumann,customer812@example.com,Innsbruck,AT,Standard,2023-07-01,True
C00813,Lena,Schäfer,customer813@example.com,Basel,CH,Standard,2024-11-08,True
C00814,Lena,Wolf,customer814@example.com,Dresden,DE,Premium,2024-01-09,True
C00815,Mia,Braun,customer815@example.com,Lausanne,CH,Premium,2023-07-04,True
C00816,Anna,Bauer,customer816@example.com,München,DE,Standard,2023-06-09,True
C00817,Anna,Schröder,customer817@example.com,Dresden,DE,Premium,2024-06-05,True
C00818,Sophie,Schmidt,customer818@example.com,Berlin,DE,Standard,2024-03-10,True
C00819,Leon,Wagner,customer819@example.com,Linz,AT,Standard,2024-06-07,False
C00820,Elena,Klein,customer820@example.com,Graz,AT,Budget,2024-10-19,True
C00821,Sophie,Richter,customer821@example.com,Lausanne,CH,Standard,2024-03-29,True
C00822,Elena,Müller,customer822@example.com,Salzburg,AT,Budget,2023-12-22,True
C00823,Simon,Richter,customer823@example.com,Stuttgart,DE,Standard,2023-07-14,True
C00824,Laura,Klein,customer824@example.com,Frankfurt,DE,Standard,2024-10-22,False
C00825,Paul,Klein,customer825@example.com,Bremen,DE,Premium,2023-12-03,True
C00826,Moritz,Hoffmann,customer826@example.com,Linz,AT,Standard,2024-07-09,True
C00827,Mia,Becker,customer827@example.com,Köln,DE,Standard,2023-04-19,True
C00828,Lukas,Neumann,customer828@example.com,Hannover,DE,Standard,2023-09-02,True
C00829,Mia,Schneider,customer829@example.com,Leipzig,DE,Budget,2023-09-08,True
C00830,Laura,Müller,customer830@example.com,Lausanne,CH,Standard,2024-05-22,False
C00831,Elena,Koch,customer831@example.com,Hannover,DE,Standard,2024-07-19,True
C00832,Sarah,Schneider,customer832@example.com,Hamburg,DE,Budget,2024-06-15,True
C00833,Moritz,Schmidt,customer833@example.com,Linz,AT,Standard,2023-05-09,True
C00834,Lukas,Schneider,customer834@example.com,Salzburg,AT,Standard,2024-11-03,True
C00835,Mia,Hoffmann,customer835@example.com,Basel,CH,Budget,2024-09-12,True
C00836,Paul,Koch,customer836@example.com,Bern,CH,Standard,2023-04-12,False
C00837,Mia,Wolf,customer837@example.com,Lausanne,CH,Standard,2024-04-20,True
C00838,Lena,Schröder,customer838@example.com,Bern,CH,Standard,2023-07-19,True
C00839,Mia,Schröder,customer839@example.com,Wien,AT,Premium,2023-05-17,True
C00840,Lena,Koch,customer840@example.com,Graz,AT,Premium,2024-10-27,True
C00841,Lena,Müller,customer841@example.com,Stuttgart,DE,Budget,2024-01-04,True
C00842,Felix,Koch,customer842@example.com,Basel,CH,Budget,2024-01-11,True
C00843,Marie,Klein,customer843@example.com,Bremen,DE,Standard,2024-10-27,True
C00844,Niklas,Schröder,customer844@example.com,Köln,DE,Premium,2023-02-15,True
C00845,Mia,Fischer,customer845@example.com,Lausanne,CH,Standard,2024-07-19,True
C00846,Tim,Hoffmann,customer846@example.com,Graz,AT,Standard,2024-09-25,True
C00847,Clara,Müller,customer847@example.com,Hannover,DE,Standard,2024-01-02,True
C00848,Sarah,Richter,customer848@example.com,Innsbruck,AT,Premium,2024-12-20,True
C00849,Lena,Wolf,customer849@example.com,Bern,CH,Standard,2023-12-24,True
C00850,Simon,Schäfer,customer850@example.com,Stuttgart,DE,Budget,2023-11-16,True
C00851,Lena,Schäfer,customer851@example.com,Innsbruck,AT,Standard,2023-06-18,True
C00852,Max,Bauer,customer852@example.com,Zürich,CH,Standard,2024-11-03,True
C00853,Tim,Fischer,customer853@example.com,Innsbruck,AT,Standard,2024-10-05,True
C00854,Lukas,Becker,customer854@example.com,Dresden,DE,Standard,2023-07-08,True
C00855,Tim,Klein,customer855@example.com,Zürich,CH,Premium,2024-09-26,True
C00856,David,Fischer,customer856@example.com,Salzburg,AT,Standard,2023-12-21,True
C00857,Jonas,Fischer,customer857@example.com,Graz,AT,Standard,2023-02-08,True
C00858,Julia,Fischer,customer858@example.com,München,DE,Budget,2023-04-18,True
C00859,Max,Richter,customer859@example.com,Düsseldorf,DE,Standard,2023-09-10,True
C00860,Leon,Braun,customer860@example.com,Lausanne,CH,Standard,2023-01-19,True
C00861,Lena,Weber,customer861@example.com,Nürnberg,DE,Budget,2023-02-02,True
C00862,Niklas,Bauer,customer862@example.com,Düsseldorf,DE,Budget,2023-09-03,True
C00863,Anna,Wagner,customer863@example.com,Genf,CH,Standard,2023-09-28,False
C00864,Tim,Braun,customer864@example.com,Hamburg,DE,Standard,2023-05-15,True
C00865,Tim,Fischer,customer865@example.com,Berlin,DE,Standard,2023-12-30,True
C00866,Elena,Schmidt,customer866@example.com,München,DE,Budget,2024-08-27,True
C00867,Lisa,Klein,customer867@example.com,Genf,CH,Standard,2024-07-20,True
C00868,Moritz,Hoffmann,customer868@example.com,Bern,CH,Premium,2024-09-22,True
C00869,Leon,Schäfer,customer869@example.com,Köln,DE,Standard,2024-12-27,True
C00870,David,Schneider,customer870@example.com,Düsseldorf,DE,Standard,2023-05-03,True
C00871,Marie,Bauer,customer871@example.com,Linz,AT,Standard,2023-02-04,True
C00872,Laura,Becker,customer872@example.com,Bern,CH,Budget,2023-03-08,True
C00873,Niklas,Schneider,customer873@example.com,Frankfurt,DE,Premium,2024-11-21,True
C00874,Lisa,Hoffmann,customer874@example.com,Wien,AT,Standard,2023-07-14,True
C00875,Felix,Meyer,customer875@example.com,Düsseldorf,DE,Budget,2023-01-15,True
C00876,Max,Schäfer,customer876@example.com,Innsbruck,AT,Budget,2024-03-03,True
C00877,Julia,Neumann,customer877@example.com,Innsbruck,AT,Budget,2023-11-02,True
C00878,Simon,Koch,customer878@example.com,Graz,AT,Standard,2024-02-24,True
C00879,Paul,Koch,customer879@example.com,Zürich,CH,Standard,2023-07-09,False
C00880,David,Hoffmann,customer880@example.com,Bern,CH,Standard,2023-02-25,False
C00881,Sarah,Schmidt,customer881@example.com,Berlin,DE,Premium,2023-03-09,True
C00882,Felix,Richter,customer882@example.com,Stuttgart,DE,Standard,2024-03-07,False
C00883,Emma,Schmidt,customer883@example.com,Lausanne,CH,Standard,2024-01-02,True
C00884,David,Richter,customer884@example.com,Linz,AT,Standard,2024-08-10,True
C00885,Lukas,Wagner,customer885@example.com,Hannover,DE,Standard,2023-05-27,True
C00886,Julia,Hoffmann,customer886@example.com,Lausanne,CH,Standard,2024-07-10,True
C00887,Elena,Braun,customer887@example.com,Lausanne,CH,Budget,2024-10-24,True
C00888,Mia,Neumann,customer888@example.com,Berlin,DE,Budget,2024-06-23,True
C00889,Lisa,Meyer,customer889@example.com,Hamburg,DE,Standard,2023-06-17,True
C00890,Lisa,Schröder,customer890@example.com,Lausanne,CH,Budget,2024-10-23,True
C00891,Simon,Becker,customer891@example.com,Leipzig,DE,Premium,2023-08-24,True
C00892,Jan,Koch,customer892@example.com,Stuttgart,DE,Budget,2024-10-24,True
C00893,Emma,Wolf,customer893@example.com,Wien,AT,Standard,2024-05-05,True
C00894,Elena,Wolf,customer894@example.com,Wien,AT,Premium,2024-04-10,True
C00895,Mia,Meyer,customer895@example.com,Zürich,CH,Standard,2024-03-07,True
C00896,Laura,Schröder,customer896@example.com,Genf,CH,Premium,2023-03-31,True
C00897,Clara,Neumann,customer897@example.com,Basel,CH,Standard,2023-04-11,True
C00898,Marie,Koch,customer898@example.com,Zürich,CH,Standard,2023-10-24,True
C00899,Sarah,Schmidt,customer899@example.com,Wien,AT,Budget,2023-03-16,True
C00900,Elena,Braun,customer900@example.com,Hamburg,DE,Budget,2023-08-13,True
C00901,Max,Fischer,customer901@example.com,Wien,AT,Standard,2023-02-04,True
C00902,Lisa,Schmidt,customer902@example.com,Hannover,DE,Standard,2024-04-26,True
C00903,Jan,Hoffmann,customer903@example.com,Salzburg,AT,Standard,2023-07-01,True
C00904,Emma,Schmidt,customer904@example.com,München,DE,Standard,2024-03-14,True
C00905,Marie,Hoffmann,customer905@example.com,Genf,CH,Premium,2024-09-25,False
C00906,Mia,Braun,customer906@example.com,Nürnberg,DE,Standard,2023-01-10,True
C00907,David,Fischer,customer907@example.com,Dresden,DE,Standard,2024-04-23,True
C00908,Sophie,Neumann,customer908@example.com,Dresden,DE,Premium,2023-06-03,True
C00909,Simon,Weber,customer909@example.com,Basel,CH,Standard,2023-03-10,True
C00910,Paul,Fischer,customer910@example.com,München,DE,Budget,2024-08-27,True
C00911,Lukas,Schröder,customer911@example.com,Dresden,DE,Standard,2023-01-08,False
C00912,Lukas,Weber,customer912@example.com,Genf,CH,Premium,2023-09-24,True
C00913,Leon,Schäfer,customer913@example.com,Wien,AT,Budget,2023-09-25,False
C00914,Clara,Wagner,customer914@example.com,Düsseldorf,DE,Budget,2023-05-10,True
C00915,Leon,Braun,customer915@example.com,Graz,AT,Standard,2023-06-28,False
C00916,Paul,Wagner,customer916@example.com,Wien,AT,Standard,2023-05-10,True
C00917,Lukas,Braun,customer917@example.com,Hamburg,DE,Standard,2024-11-28,True
C00918,Jan,Wolf,customer918@example.com,Köln,DE,Budget,2024-12-26,True
C00919,David,Bauer,customer919@example.com,Dresden,DE,Budget,2023-11-20,True
C00920,Marie,Fischer,customer920@example.com,Innsbruck,AT,Standard,2024-04-11,True
C00921,Clara,Becker,customer921@example.com,Salzburg,AT,Budget,2023-04-21,False
C00922,Jan,Schäfer,customer922@example.com,Salzburg,AT,Standard,2024-05-14,True
C00923,Lena,Schmidt,customer923@example.com,Düsseldorf,DE,Standard,2023-06-04,True
C00924,Marie,Neumann,customer924@example.com,Zürich,CH,Standard,2023-08-03,True
C00925,Lukas,Koch,customer925@example.com,Bern,CH,Budget,2024-04-26,True
C00926,Clara,Wagner,customer926@example.com,Salzburg,AT,Budget,2023-01-21,True
C00927,Clara,Wagner,customer927@example.com,Basel,CH,Premium,2023-04-22,True
C00928,Clara,Fischer,customer928@example.com,Leipzig,DE,Standard,2023-11-08,True
C00929,Felix,Müller,customer929@example.com,Wien,AT,Standard,2024-09-07,True
C00930,Jonas,Koch,customer930@example.com,Bremen,DE,Standard,2023-03-28,True
C00931,Jonas,Neumann,customer931@example.com,Frankfurt,DE,Standard,2023-06-14,True
C00932,David,Schneider,customer932@example.com,Hamburg,DE,Budget,2024-01-07,True
C00933,Mia,Braun,customer933@example.com,Innsbruck,AT,Standard,2023-01-24,True
C00934,Marie,Wolf,customer934@example.com,Linz,AT,Budget,2023-03-20,True
C00935,David,Richter,customer935@example.com,Linz,AT,Standard,2024-01-22,True
C00936,Anna,Wolf,customer936@example.com,Basel,CH,Standard,2023-01-01,True
C00937,Clara,Wagner,customer937@example.com,München,DE,Budget,2023-03-23,True
C00938,Laura,Schmidt,customer938@example.com,Stuttgart,DE,Premium,2023-01-14,True
C00939,Niklas,Schneider,customer939@example.com,Basel,CH,Budget,2024-08-19,True
C00940,Lisa,Schmidt,customer940@example.com,Innsbruck,AT,Budget,2023-09-30,True
C00941,Felix,Weber,customer941@example.com,Stuttgart,DE,Standard,2024-08-15,False
C00942,Leon,Becker,customer942@example.com,Bern,CH,Standard,2024-09-08,True
C00943,Tim,Fischer,customer943@example.com,München,DE,Standard,2023-09-22,True
C00944,Marie,Klein,customer944@example.com,München,DE,Budget,2024-03-14,True
C00945,Elena,Fischer,customer945@example.com,Berlin,DE,Standard,2024-05-27,True
C00946,Max,Schäfer,customer946@example.com,Hannover,DE,Premium,2023-02-28,False
C00947,Lisa,Schmidt,customer947@example.com,Stuttgart,DE,Premium,2023-11-14,True
C00948,Elena,Braun,customer948@example.com,Innsbruck,AT,Standard,2023-01-13,True
C00949,Lena,Neumann,customer949@example.com,Hannover,DE,Budget,2023-10-22,True
C00950,Lukas,Wagner,customer950@example.com,Bern,CH,Standard,2024-12-08,True
C00951,Clara,Müller,customer951@example.com,Leipzig,DE,Budget,2024-08-04,True
C00952,Niklas,Klein,customer952@example.com,Zürich,CH,Budget,2023-12-29,True
C00953,Elena,Meyer,customer953@example.com,Nürnberg,DE,Standard,2024-03-10,True
C00954,Clara,Neumann,customer954@example.com,Stuttgart,DE,Premium,2023-03-06,True
C00955,Clara,Schneider,customer955@example.com,Düsseldorf,DE,Standard,2023-03-24,True
C00956,Jan,Hoffmann,customer956@example.com,Hannover,DE,Standard,2023-07-31,True
C00957,Simon,Neumann,customer957@example.com,Salzburg,AT,Standard,2024-02-06,True
C00958,Elena,Schneider,customer958@example.com,Linz,AT,Standard,2023-04-20,True
C00959,Lukas,Braun,customer959@example.com,Bremen,DE,Standard,2024-04-26,True
C00960,Jan,Müller,customer960@example.com,Stuttgart,DE,Standard,2023-11-17,True
C00961,Clara,Becker,customer961@example.com,Bremen,DE,Standard,2023-03-02,True
C00962,Tim,Neumann,customer962@example.com,Frankfurt,DE,Budget,2024-08-08,True
C00963,Felix,Bauer,customer963@example.com,Bremen,DE,Standard,2024-11-23,True
C00964,Sarah,Schröder,customer964@example.com,Frankfurt,DE,Standard,2023-07-25,True
C00965,Moritz,Weber,customer965@example.com,Nürnberg,DE,Budget,2024-03-09,True
C00966,Max,Wolf,customer966@example.com,Dresden,DE,Standard,2023-12-06,False
C00967,Max,Richter,customer967@example.com,Zürich,CH,Budget,2023-02-14,True
C00968,Paul,Weber,customer968@example.com,Berlin,DE,Premium,2024-07-01,True
C00969,Marie,Schröder,customer969@example.com,Berlin,DE,Budget,2024-08-21,True
C00970,Simon,Schmidt,customer970@example.com,Linz,AT,Standard,2024-08-01,True
C00971,Emma,Koch,customer971@example.com,Düsseldorf,DE,Premium,2024-05-29,True
C00972,Marie,Wagner,customer972@example.com,Graz,AT,Standard,2023-06-29,True
C00973,Moritz,Müller,customer973@example.com,Frankfurt,DE,Standard,2023-05-06,True
C00974,Elena,Schröder,customer974@example.com,Nürnberg,DE,Standard,2024-12-16,True
C00975,Emma,Schmidt,customer975@example.com,Innsbruck,AT,Standard,2024-05-08,True
C00976,Simon,Müller,customer976@example.com,Wien,AT,Budget,2023-09-28,True
C00977,Niklas,Meyer,customer977@example.com,Salzburg,AT,Standard,2024-03-02,True
C00978,Max,Neumann,customer978@example.com,Graz,AT,Standard,2023-04-30,True
C00979,Moritz,Braun,customer979@example.com,Dresden,DE,Budget,2023-12-03,True
C00980,Niklas,Braun,customer980@example.com,Hannover,DE,Budget,2023-12-07,True
C00981,Lena,Schröder,customer981@example.com,Wien,AT,Standard,2023-10-01,True
C00982,Sarah,Neumann,customer982@example.com,Innsbruck,AT,Premium,2023-03-14,False
C00983,Elena,Wolf,customer983@example.com,Basel,CH,Budget,2024-01-11,False
C00984,David,Weber,customer984@example.com,Linz,AT,Budget,2023-06-04,False
C00985,Moritz,Braun,customer985@example.com,Graz,AT,Budget,2023-04-02,True
C00986,Julia,Müller,customer986@example.com,Berlin,DE,Standard,2023-09-30,True
C00987,Simon,Schneider,customer987@example.com,Hamburg,DE,Budget,2023-02-18,True
C00988,Sarah,Fischer,customer988@example.com,Lausanne,CH,Budget,2023-02-15,True
C00989,Lena,Schröder,customer989@example.com,Berlin,DE,Standard,2024-07-14,True
C00990,Lisa,Schröder,customer990@example.com,Düsseldorf,DE,Standard,2023-05-14,True
C00991,Max,Richter,customer991@example.com,Graz,AT,Standard,2023-07-18,True
C00992,Anna,Klein,customer992@example.com,Frankfurt,DE,Budget,2024-04-03,True
C00993,Elena,Schmidt,customer993@example.com,Bremen,DE,Standard,2024-08-12,True
C00994,Lena,Hoffmann,customer994@example.com,Salzburg,AT,Standard,2024-07-31,True
C00995,Lisa,Schmidt,customer995@example.com,Innsbruck,AT,Standard,2023-09-11,True
C00996,Julia,Becker,customer996@example.com,Hamburg,DE,Budget,2023-07-02,True
C00997,Anna,Bauer,customer997@example.com,Salzburg,AT,Standard,2023-12-05,False
C00998,Emma,Bauer,customer998@example.com,Frankfurt,DE,Budget,2023-10-05,True
C00999,Laura,Wagner,customer999@example.com,Genf,CH,Standard,2023-02-20,True
C01000,Niklas,Koch,customer1000@example.com,Basel,CH,Premium,2023-06-04,True
C01001,David,Schneider,customer1001@example.com,Köln,DE,Standard,2024-06-06,True
C01002,David,Schneider,customer1002@example.com,Köln,DE,Standard,2023-01-09,True
C01003,Tim,Meyer,customer1003@example.com,Genf,CH,Budget,2023-05-29,True
C01004,Sarah,Klein,customer1004@example.com,Hamburg,DE,Standard,2024-09-22,True
C01005,Jonas,Schäfer,customer1005@example.com,Graz,AT,Budget,2024-06-29,True
C01006,Lena,Richter,customer1006@example.com,Bern,CH,Budget,2024-05-30,True
C01007,Jan,Schmidt,customer1007@example.com,Frankfurt,DE,Premium,2023-07-16,True
C01008,Jan,Koch,customer1008@example.com,Stuttgart,DE,Standard,2024-01-27,True
C01009,Laura,Koch,customer1009@example.com,Dresden,DE,Premium,2023-01-02,True
C01010,Lisa,Becker,customer1010@example.com,Genf,CH,Budget,2023-07-31,True
C01011,Emma,Bauer,customer1011@example.com,Graz,AT,Standard,2024-03-13,True
C01012,Marie,Meyer,customer1012@example.com,Düsseldorf,DE,Premium,2023-05-09,True
C01013,Marie,Neumann,customer1013@example.com,Bremen,DE,Standard,2024-01-10,False
C01014,Elena,Becker,customer1014@example.com,Bern,CH,Standard,2023-09-23,True
C01015,Emma,Bauer,customer1015@example.com,Düsseldorf,DE,Standard,2024-03-18,True
C01016,Lena,Schäfer,customer1016@example.com,Graz,AT,Standard,2023-06-29,True
C01017,Mia,Becker,customer1017@example.com,München,DE,Budget,2023-02-26,True
C01018,Max,Schmidt,customer1018@example.com,Düsseldorf,DE,Standard,2023-08-20,True
C01019,Lukas,Braun,customer1019@example.com,München,DE,Standard,2024-08-18,True
C01020,Julia,Schäfer,customer1020@example.com,Leipzig,DE,Standard,2024-06-25,True
C01021,Sophie,Müller,customer1021@example.com,München,DE,Standard,2023-07-05,True
C01022,Jan,Braun,customer1022@example.com,Frankfurt,DE,Standard,2023-02-11,True
C01023,Max,Bauer,customer1023@example.com,Lausanne,CH,Budget,2024-12-20,False
C01024,Lisa,Weber,customer1024@example.com,Leipzig,DE,Standard,2024-06-13,False
C01025,Laura,Bauer,customer1025@example.com,Bern,CH,Budget,2023-09-16,True
C01026,Leon,Bauer,customer1026@example.com,Zürich,CH,Premium,2024-08-11,True
C01027,Simon,Becker,customer1027@example.com,Bremen,DE,Budget,2023-01-16,True
C01028,Leon,Koch,customer1028@example.com,Linz,AT,Budget,2024-02-01,True
C01029,Emma,Wolf,customer1029@example.com,Genf,CH,Standard,2024-01-01,True
C01030,Lukas,Wolf,customer1030@example.com,Leipzig,DE,Standard,2024-02-20,True
C01031,Julia,Weber,customer1031@example.com,Berlin,DE,Budget,2023-01-11,True
C01032,Moritz,Wagner,customer1032@example.com,Wien,AT,Standard,2023-08-25,True
C01033,Sophie,Becker,customer1033@example.com,Salzburg,AT,Standard,2023-07-08,False
C01034,Leon,Schröder,customer1034@example.com,Bremen,DE,Premium,2024-08-24,True
C01035,Elena,Schneider,customer1035@example.com,Köln,DE,Premium,2024-11-24,True
C01036,Lena,Richter,customer1036@example.com,Wien,AT,Standard,2024-09-06,True
C01037,Sophie,Müller,customer1037@example.com,Nürnberg,DE,Standard,2024-02-26,True
C01038,Lena,Koch,customer1038@example.com,Köln,DE,Budget,2023-11-03,True
C01039,Jan,Schäfer,customer1039@example.com,Köln,DE,Standard,2023-08-09,True
C01040,Simon,Bauer,customer1040@example.com,Zürich,CH,Standard,2023-10-08,True
C01041,Niklas,Braun,customer1041@example.com,Dresden,DE,Budget,2024-07-26,True
C01042,Sarah,Fischer,customer1042@example.com,München,DE,Standard,2023-04-15,True
C01043,Lena,Schröder,customer1043@example.com,Zürich,CH,Premium,2023-07-26,True
C01044,Felix,Neumann,customer1044@example.com,Nürnberg,DE,Standard,2024-05-27,False
C01045,Lena,Wagner,customer1045@example.com,Hamburg,DE,Premium,2024-11-16,True
C01046,Moritz,Hoffmann,customer1046@example.com,Lausanne,CH,Standard,2023-05-12,True
C01047,Laura,Wolf,customer1047@example.com,Innsbruck,AT,Standard,2024-04-16,True
C01048,Simon,Neumann,customer1048@example.com,Bern,CH,Budget,2024-09-01,True
C01049,David,Fischer,customer1049@example.com,Linz,AT,Budget,2024-04-05,True
C01050,Clara,Neumann,customer1050@example.com,Frankfurt,DE,Premium,2024-12-07,True
C01051,Simon,Fischer,customer1051@example.com,Innsbruck,AT,Budget,2024-08-10,True
C01052,David,Schröder,customer1052@example.com,Lausanne,CH,Standard,2023-03-25,True
C01053,Paul,Richter,customer1053@example.com,Zürich,CH,Standard,2023-02-06,True
C01054,Mia,Richter,customer1054@example.com,Frankfurt,DE,Standard,2024-04-12,False
C01055,Anna,Schmidt,customer1055@example.com,Genf,CH,Standard,2024-08-02,True
C01056,Paul,Wagner,customer1056@example.com,Nürnberg,DE,Budget,2023-10-24,True
C01057,Jan,Becker,customer1057@example.com,Stuttgart,DE,Premium,2024-03-19,True
C01058,Niklas,Neumann,customer1058@example.com,Graz,AT,Premium,2023-03-26,True
C01059,Laura,Meyer,customer1059@example.com,Basel,CH,Standard,2024-03-20,True
C01060,Paul,Klein,customer1060@example.com,Zürich,CH,Standard,2024-11-03,True
C01061,Julia,Schäfer,customer1061@example.com,Hannover,DE,Standard,2024-01-13,True
C01062,Niklas,Schröder,customer1062@example.com,Düsseldorf,DE,Budget,2023-08-07,True
C01063,Clara,Weber,customer1063@example.com,Basel,CH,Premium,2024-04-30,True
C01064,Jan,Müller,customer1064@example.com,Stuttgart,DE,Budget,2023-02-26,False
C01065,Jonas,Becker,customer1065@example.com,Genf,CH,Standard,2023-08-15,True
C01066,Mia,Bauer,customer1066@example.com,Stuttgart,DE,Premium,2023-02-24,True
C01067,Jan,Richter,customer1067@example.com,Salzburg,AT,Standard,2023-07-17,True
C01068,Jan,Wagner,customer1068@example.com,München,DE,Standard,2023-10-02,True
C01069,Moritz,Wolf,customer1069@example.com,Basel,CH,Standard,2023-11-25,True
C01070,Leon,Wagner,customer1070@example.com,Bern,CH,Budget,2024-06-12,True
C01071,Felix,Fischer,customer1071@example.com,Düsseldorf,DE,Premium,2023-03-22,False
C01072,Julia,Fischer,customer1072@example.com,Köln,DE,Standard,2024-10-31,True
C01073,Sarah,Weber,customer1073@example.com,Bern,CH,Standard,2024-10-25,True
C01074,Moritz,Koch,customer1074@example.com,Bremen,DE,Standard,2023-07-29,True
C01075,Jonas,Wolf,customer1075@example.com,Linz,AT,Premium,2023-10-15,True
C01076,Jan,Richter,customer1076@example.com,Hamburg,DE,Budget,2024-12-26,True
C01077,Max,Schäfer,customer1077@example.com,Innsbruck,AT,Standard,2023-04-19,False
C01078,Lisa,Klein,customer1078@example.com,Düsseldorf,DE,Premium,2023-05-26,True
C01079,Julia,Becker,customer1079@example.com,Düsseldorf,DE,Standard,2023-03-23,True
C01080,Marie,Hoffmann,customer1080@example.com,Düsseldorf,DE,Budget,2024-02-06,True
C01081,Emma,Weber,customer1081@example.com,Bern,CH,Standard,2024-06-30,True
C01082,Julia,Schmidt,customer1082@example.com,Düsseldorf,DE,Standard,2024-04-12,True
C01083,Marie,Fischer,customer1083@example.com,Salzburg,AT,Budget,2024-02-08,True
C01084,Julia,Schäfer,customer1084@example.com,Düsseldorf,DE,Standard,2024-11-27,True
C01085,Julia,Wagner,customer1085@example.com,Stuttgart,DE,Standard,2024-01-15,True
C01086,Moritz,Fischer,customer1086@example.com,Bremen,DE,Standard,2023-05-02,False
C01087,Simon,Wagner,customer1087@example.com,Bern,CH,Standard,2023-09-09,False
C01088,Jan,Schmidt,customer1088@example.com,Stuttgart,DE,Budget,2023-02-14,False
C01089,Emma,Schneider,customer1089@example.com,Zürich,CH,Budget,2023-12-23,True
C01090,Julia,Schröder,customer1090@example.com,Bern,CH,Standard,2024-08-01,True
C01091,Lena,Wagner,customer1091@example.com,München,DE,Budget,2023-01-04,True
C01092,Lena,Hoffmann,customer1092@example.com,Bern,CH,Standard,2023-11-21,True
C01093,Elena,Schneider,customer1093@example.com,Stuttgart,DE,Budget,2024-05-30,True
C01094,Clara,Schneider,customer1094@example.com,Leipzig,DE,Standard,2024-11-18,True
C01095,Sophie,Klein,customer1095@example.com,Leipzig,DE,Budget,2024-04-05,True
C01096,Laura,Neumann,customer1096@example.com,Innsbruck,AT,Premium,2024-02-24,True
C01097,Anna,Koch,customer1097@example.com,Wien,AT,Budget,2023-06-29,True
C01098,Lukas,Schneider,customer1098@example.com,Hannover,DE,Budget,2024-03-14,True
C01099,Felix,Wagner,customer1099@example.com,Köln,DE,Premium,2023-03-25,True
C01100,Paul,Schäfer,customer1100@example.com,Wien,AT,Standard,2023-09-25,True
C01101,Paul,Schneider,customer1101@example.com,Salzburg,AT,Standard,2024-10-01,True
C01102,Elena,Schäfer,customer1102@example.com,Hannover,DE,Standard,2023-04-27,True
C01103,Tim,Richter,customer1103@example.com,Leipzig,DE,Standard,2024-06-26,True
C01104,Mia,Schmidt,customer1104@example.com,Dresden,DE,Standard,2024-03-22,True
C01105,Moritz,Richter,customer1105@example.com,Düsseldorf,DE,Budget,2024-07-04,True
C01106,Marie,Schmidt,customer1106@example.com,Graz,AT,Budget,2023-03-11,True
C01107,Laura,Weber,customer1107@example.com,Linz,AT,Budget,2024-01-04,True
C01108,Leon,Wagner,customer1108@example.com,Zürich,CH,Budget,2023-08-27,False
C01109,Jan,Schäfer,customer1109@example.com,Köln,DE,Standard,2024-04-22,True
C01110,Simon,Müller,customer1110@example.com,Bremen,DE,Premium,2023-03-23,True
C01111,Anna,Richter,customer1111@example.com,München,DE,Standard,2024-10-29,True
C01112,Mia,Richter,customer1112@example.com,Genf,CH,Premium,2023-10-28,True
C01113,Niklas,Meyer,customer1113@example.com,Nürnberg,DE,Standard,2024-07-12,True
C01114,Lisa,Hoffmann,customer1114@example.com,Genf,CH,Budget,2023-08-12,True
C01115,Sophie,Schneider,customer1115@example.com,Bern,CH,Budget,2023-02-08,True
C01116,Marie,Koch,customer1116@example.com,Hannover,DE,Budget,2023-04-07,True
C01117,Anna,Fischer,customer1117@example.com,Stuttgart,DE,Budget,2023-02-15,True
C01118,Lukas,Schneider,customer1118@example.com,Berlin,DE,Standard,2024-03-22,True
C01119,Mia,Schneider,customer1119@example.com,Hannover,DE,Standard,2024-04-30,False
C01120,Lena,Weber,customer1120@example.com,Bremen,DE,Budget,2024-05-23,True
C01121,Lena,Braun,customer1121@example.com,Stuttgart,DE,Standard,2023-07-08,True
C01122,Marie,Schröder,customer1122@example.com,Innsbruck,AT,Standard,2024-05-09,True
C01123,Niklas,Richter,customer1123@example.com,Graz,AT,Standard,2023-08-06,True
C01124,David,Schröder,customer1124@example.com,Leipzig,DE,Premium,2023-09-18,True
C01125,Paul,Schröder,customer1125@example.com,Basel,CH,Standard,2023-02-16,False
C01126,Marie,Meyer,customer1126@example.com,Lausanne,CH,Budget,2023-06-04,True
C01127,Niklas,Wagner,customer1127@example.com,Leipzig,DE,Standard,2024-08-31,True
C01128,Elena,Becker,customer1128@example.com,Bern,CH,Budget,2024-03-23,True
C01129,Lena,Schröder,customer1129@example.com,Salzburg,AT,Budget,2023-09-28,True
C01130,Felix,Hoffmann,customer1130@example.com,Köln,DE,Budget,2023-12-08,False
C01131,Sarah,Müller,customer1131@example.com,Salzburg,AT,Standard,2024-11-08,True
C01132,Jan,Neumann,customer1132@example.com,Wien,AT,Standard,2024-08-24,True
C01133,Felix,Schäfer,customer1133@example.com,Köln,DE,Standard,2024-07-07,True
C01134,Jonas,Müller,customer1134@example.com,Graz,AT,Premium,2024-06-20,True
C01135,Lukas,Meyer,customer1135@example.com,Lausanne,CH,Standard,2023-05-05,True
C01136,Emma,Schmidt,customer1136@example.com,München,DE,Premium,2024-05-20,True
C01137,Lisa,Müller,customer1137@example.com,Düsseldorf,DE,Premium,2024-06-19,True
C01138,Paul,Hoffmann,customer1138@example.com,Genf,CH,Standard,2024-09-19,True
C01139,Clara,Bauer,customer1139@example.com,Hannover,DE,Premium,2023-08-04,True
C01140,Elena,Fischer,customer1140@example.com,Nürnberg,DE,Budget,2024-06-30,True
C01141,Clara,Wolf,customer1141@example.com,Innsbruck,AT,Standard,2023-08-31,True
C01142,David,Fischer,customer1142@example.com,Hannover,DE,Standard,2024-12-05,True
C01143,Emma,Schmidt,customer1143@example.com,Nürnberg,DE,Standard,2023-03-16,True
C01144,Felix,Schneider,customer1144@example.com,Düsseldorf,DE,Standard,2023-11-11,True
C01145,David,Schmidt,customer1145@example.com,Berlin,DE,Budget,2023-06-25,True
C01146,Emma,Fischer,customer1146@example.com,Frankfurt,DE,Standard,2023-10-03,True
C01147,Clara,Fischer,customer1147@example.com,Hamburg,DE,Premium,2023-04-22,True
C01148,Leon,Koch,customer1148@example.com,Bern,CH,Budget,2024-07-30,True
C01149,Sophie,Fischer,customer1149@example.com,Frankfurt,DE,Standard,2024-11-06,True
C01150,Emma,Schmidt,customer1150@example.com,Salzburg,AT,Standard,2024-11-11,True
C01151,Felix,Neumann,customer1151@example.com,Düsseldorf,DE,Budget,2024-07-12,True
C01152,Sarah,Neumann,customer1152@example.com,Dresden,DE,Standard,2024-04-23,True
C01153,Max,Schneider,customer1153@example.com,Graz,AT,Standard,2023-02-28,True
C01154,Jan,Hoffmann,customer1154@example.com,Bern,CH,Budget,2024-05-28,True
C01155,Julia,Wagner,customer1155@example.com,Salzburg,AT,Standard,2024-01-23,False
C01156,Lena,Schäfer,customer1156@example.com,Köln,DE,Budget,2023-12-03,True
C01157,Moritz,Müller,customer1157@example.com,Nürnberg,DE,Standard,2024-10-10,True
C01158,David,Meyer,customer1158@example.com,Zürich,CH,Budget,2024-04-06,False
C01159,Emma,Neumann,customer1159@example.com,Frankfurt,DE,Budget,2023-03-23,True
C01160,Lena,Meyer,customer1160@example.com,Graz,AT,Premium,2024-09-17,True
C01161,Lisa,Meyer,customer1161@example.com,Basel,CH,Premium,2024-07-23,True
C01162,Mia,Weber,customer1162@example.com,Berlin,DE,Premium,2023-04-02,True
C01163,Leon,Richter,customer1163@example.com,Köln,DE,Budget,2024-01-09,True
C01164,Emma,Bauer,customer1164@example.com,Hamburg,DE,Budget,2024-06-25,True
C01165,Lukas,Klein,customer1165@example.com,Dresden,DE,Standard,2024-01-21,True
C01166,Lukas,Hoffmann,customer1166@example.com,Düsseldorf,DE,Premium,2023-10-27,True
C01167,Julia,Wolf,customer1167@example.com,Bremen,DE,Budget,2024-07-29,True
C01168,Lena,Bauer,customer1168@example.com,Graz,AT,Standard,2024-08-03,True
C01169,Felix,Meyer,customer1169@example.com,München,DE,Standard,2023-10-13,True
C01170,Elena,Meyer,customer1170@example.com,Hamburg,DE,Budget,2023-01-26,True
C01171,Moritz,Fischer,customer1171@example.com,Nürnberg,DE,Standard,2024-12-16,True
C01172,Sophie,Becker,customer1172@example.com,Zürich,CH,Premium,2024-08-19,True
C01173,Emma,Koch,customer1173@example.com,Genf,CH,Budget,2024-11-29,True
C01174,David,Hoffmann,customer1174@example.com,Leipzig,DE,Standard,2024-09-01,True
C01175,Laura,Becker,customer1175@example.com,Bern,CH,Standard,2024-12-19,True
C01176,Felix,Hoffmann,customer1176@example.com,Bern,CH,Premium,2024-11-12,True
C01177,Lisa,Wagner,customer1177@example.com,Berlin,DE,Standard,2024-01-02,True
C01178,Niklas,Weber,customer1178@example.com,Köln,DE,Standard,2023-04-16,True
C01179,Max,Koch,customer1179@example.com,Linz,AT,Standard,2023-09-26,True
C01180,Lisa,Richter,customer1180@example.com,Zürich,CH,Budget,2023-04-27,True
C01181,Anna,Neumann,customer1181@example.com,Berlin,DE,Budget,2024-02-26,True
C01182,Emma,Hoffmann,customer1182@example.com,Nürnberg,DE,Standard,2023-08-04,True
C01183,Clara,Meyer,customer1183@example.com,Stuttgart,DE,Standard,2023-05-30,True
C01184,Jan,Schröder,customer1184@example.com,Graz,AT,Standard,2023-10-05,False
C01185,Jonas,Schäfer,customer1185@example.com,Wien,AT,Budget,2024-12-25,True
C01186,Anna,Richter,customer1186@example.com,Linz,AT,Budget,2023-02-21,True
C01187,Lena,Meyer,customer1187@example.com,Hamburg,DE,Standard,2023-05-11,True
C01188,Emma,Wagner,customer1188@example.com,Bern,CH,Standard,2023-11-19,True
C01189,Sophie,Weber,customer1189@example.com,Hamburg,DE,Budget,2024-10-12,False
C01190,Paul,Hoffmann,customer1190@example.com,Zürich,CH,Standard,2024-06-07,True
C01191,Lukas,Fischer,customer1191@example.com,Salzburg,AT,Budget,2023-01-24,True
C01192,Clara,Wolf,customer1192@example.com,Hamburg,DE,Standard,2024-05-10,True
C01193,Lena,Neumann,customer1193@example.com,Hannover,DE,Budget,2024-12-20,True
C01194,Simon,Schmidt,customer1194@example.com,München,DE,Standard,2024-10-25,True
C01195,Sarah,Schröder,customer1195@example.com,Hamburg,DE,Premium,2024-05-20,True
C01196,Marie,Müller,customer1196@example.com,Zürich,CH,Standard,2024-01-28,True
C01197,Sophie,Richter,customer1197@example.com,Stuttgart,DE,Standard,2024-07-09,True
C01198,Felix,Bauer,customer1198@example.com,Basel,CH,Standard,2023-03-17,True
C01199,Niklas,Koch,customer1199@example.com,Köln,DE,Standard,2024-01-28,True
C01200,Max,Wagner,customer1200@example.com,München,DE,Standard,2024-12-28,False
C01201,Anna,Becker,customer1201@example.com,Hannover,DE,Standard,2023-12-09,True
C01202,Niklas,Weber,customer1202@example.com,Düsseldorf,DE,Budget,2023-04-11,True
C01203,Marie,Braun,customer1203@example.com,Basel,CH,Premium,2023-09-12,True
C01204,Lukas,Müller,customer1204@example.com,Stuttgart,DE,Standard,2024-11-11,True
C01205,Jan,Schneider,customer1205@example.com,Bern,CH,Standard,2024-07-13,False
C01206,David,Schneider,customer1206@example.com,Lausanne,CH,Standard,2023-07-24,True
C01207,Laura,Müller,customer1207@example.com,Köln,DE,Premium,2024-04-16,True
C01208,Mia,Bauer,customer1208@example.com,Salzburg,AT,Standard,2024-05-12,False
C01209,Elena,Schröder,customer1209@example.com,Graz,AT,Budget,2023-09-13,True
C01210,Emma,Richter,customer1210@example.com,Zürich,CH,Budget,2024-04-15,True
C01211,Clara,Schröder,customer1211@example.com,Linz,AT,Budget,2023-11-21,True
C01212,Felix,Fischer,customer1212@example.com,Innsbruck,AT,Standard,2023-05-26,True
C01213,Emma,Klein,customer1213@example.com,Salzburg,AT,Standard,2023-08-15,False
C01214,Simon,Koch,customer1214@example.com,Genf,CH,Budget,2024-02-05,True
C01215,Jan,Wagner,customer1215@example.com,Basel,CH,Standard,2023-06-07,True
C01216,Emma,Hoffmann,customer1216@example.com,Graz,AT,Standard,2024-05-02,True
C01217,Marie,Schneider,customer1217@example.com,Innsbruck,AT,Standard,2024-06-14,True
C01218,Elena,Koch,customer1218@example.com,Frankfurt,DE,Standard,2023-07-21,True
C01219,Felix,Schröder,customer1219@example.com,Innsbruck,AT,Budget,2024-08-14,True
C01220,Emma,Koch,customer1220@example.com,Bremen,DE,Standard,2023-01-21,True
C01221,Elena,Schmidt,customer1221@example.com,Dresden,DE,Premium,2023-05-14,True
C01222,Mia,Meyer,customer1222@example.com,Stuttgart,DE,Standard,2023-09-16,True
C01223,Paul,Schmidt,customer1223@example.com,Köln,DE,Standard,2023-07-17,True
C01224,Clara,Wagner,customer1224@example.com,Graz,AT,Standard,2024-05-20,True
C01225,Sarah,Becker,customer1225@example.com,Nürnberg,DE,Standard,2023-09-30,True
C01226,Clara,Braun,customer1226@example.com,Wien,AT,Premium,2024-12-03,True
C01227,Lukas,Becker,customer1227@example.com,Dresden,DE,Standard,2024-05-22,True
C01228,Lukas,Koch,customer1228@example.com,Bern,CH,Budget,2023-02-22,True
C01229,Simon,Bauer,customer1229@example.com,Salzburg,AT,Standard,2023-04-10,True
C01230,Emma,Koch,customer1230@example.com,Köln,DE,Premium,2024-04-07,False
C01231,Sophie,Braun,customer1231@example.com,Linz,AT,Premium,2023-09-01,True
C01232,Anna,Becker,customer1232@example.com,Bern,CH,Budget,2024-05-18,True
C01233,Lena,Schneider,customer1233@example.com,Zürich,CH,Budget,2023-04-28,True
C01234,Lukas,Wagner,customer1234@example.com,Bremen,DE,Premium,2024-04-04,True
C01235,Lena,Koch,customer1235@example.com,Düsseldorf,DE,Budget,2023-01-21,True
C01236,Mia,Bauer,customer1236@example.com,Genf,CH,Premium,2024-11-30,True
C01237,Sarah,Becker,customer1237@example.com,Köln,DE,Standard,2023-09-17,True
C01238,Emma,Müller,customer1238@example.com,Köln,DE,Standard,2024-10-22,True
C01239,Anna,Meyer,customer1239@example.com,Innsbruck,AT,Standard,2024-07-08,True
C01240,Paul,Schmidt,customer1240@example.com,Frankfurt,DE,Standard,2023-01-12,True
C01241,Felix,Klein,customer1241@example.com,Innsbruck,AT,Premium,2024-04-24,True
C01242,Jan,Meyer,customer1242@example.com,Graz,AT,Standard,2023-11-22,False
C01243,Laura,Wolf,customer1243@example.com,Stuttgart,DE,Premium,2023-10-17,True
C01244,Julia,Bauer,customer1244@example.com,Berlin,DE,Standard,2023-10-01,False
C01245,Tim,Schäfer,customer1245@example.com,Düsseldorf,DE,Premium,2024-11-04,True
C01246,Emma,Becker,customer1246@example.com,Zürich,CH,Standard,2023-07-25,True
C01247,Sophie,Weber,customer1247@example.com,Leipzig,DE,Premium,2024-04-19,True
C01248,David,Weber,customer1248@example.com,Leipzig,DE,Budget,2023-04-13,True
C01249,Felix,Klein,customer1249@example.com,Düsseldorf,DE,Standard,2023-07-09,True
C01250,Lisa,Wagner,customer1250@example.com,Nürnberg,DE,Standard,2023-12-30,False
C01251,Lena,Schröder,customer1251@example.com,Bremen,DE,Standard,2024-01-02,True
C01252,Felix,Klein,customer1252@example.com,Düsseldorf,DE,Standard,2024-12-01,True
C01253,Jan,Braun,customer1253@example.com,Dresden,DE,Standard,2023-10-31,True
C01254,Julia,Wagner,customer1254@example.com,Basel,CH,Standard,2024-08-12,True
C01255,Sophie,Wolf,customer1255@example.com,Leipzig,DE,Budget,2023-03-15,True
C01256,Lukas,Weber,customer1256@example.com,Bern,CH,Budget,2023-01-22,True
C01257,Clara,Meyer,customer1257@example.com,München,DE,Premium,2024-12-16,True
C01258,David,Schmidt,customer1258@example.com,München,DE,Standard,2024-12-13,True
C01259,Laura,Weber,customer1259@example.com,Bremen,DE,Standard,2023-07-02,True
C01260,Laura,Richter,customer1260@example.com,Stuttgart,DE,Standard,2023-08-24,True
C01261,Max,Becker,customer1261@example.com,Hannover,DE,Premium,2024-05-14,True
C01262,Lena,Schmidt,customer1262@example.com,Leipzig,DE,Standard,2024-07-22,True
C01263,David,Braun,customer1263@example.com,Zürich,CH,Budget,2023-07-18,True
C01264,Anna,Klein,customer1264@example.com,Graz,AT,Premium,2023-06-01,True
C01265,Lukas,Neumann,customer1265@example.com,Düsseldorf,DE,Standard,2023-08-23,True
C01266,Laura,Schmidt,customer1266@example.com,Köln,DE,Standard,2023-08-07,True
C01267,David,Klein,customer1267@example.com,Innsbruck,AT,Standard,2023-06-10,True
C01268,Moritz,Richter,customer1268@example.com,Dresden,DE,Standard,2024-03-19,True
C01269,Paul,Müller,customer1269@example.com,Nürnberg,DE,Premium,2023-04-25,True
C01270,Jonas,Neumann,customer1270@example.com,Leipzig,DE,Standard,2024-06-05,True
C01271,Moritz,Koch,customer1271@example.com,Nürnberg,DE,Standard,2024-11-19,True
C01272,Sarah,Wagner,customer1272@example.com,Genf,CH,Premium,2023-08-06,True
C01273,Julia,Schneider,customer1273@example.com,Lausanne,CH,Standard,2023-09-10,True
C01274,Mia,Schröder,customer1274@example.com,Hannover,DE,Budget,2024-12-08,True
C01275,Felix,Bauer,customer1275@example.com,Berlin,DE,Premium,2024-07-23,True
C01276,Lisa,Becker,customer1276@example.com,Düsseldorf,DE,Budget,2024-07-27,True
C01277,Simon,Fischer,customer1277@example.com,Wien,AT,Budget,2024-03-14,True
C01278,Emma,Wolf,customer1278@example.com,München,DE,Standard,2023-05-21,True
C01279,Julia,Weber,customer1279@example.com,Basel,CH,Standard,2024-11-12,True
C01280,Paul,Richter,customer1280@example.com,Salzburg,AT,Budget,2023-09-27,True
C01281,Paul,Koch,customer1281@example.com,Hannover,DE,Premium,2024-01-24,True
C01282,Lukas,Richter,customer1282@example.com,Düsseldorf,DE,Standard,2024-02-26,True
C01283,Laura,Neumann,customer1283@example.com,Lausanne,CH,Budget,2024-01-17,True
C01284,Lisa,Klein,customer1284@example.com,Innsbruck,AT,Standard,2023-07-23,True
C01285,Moritz,Braun,customer1285@example.com,Nürnberg,DE,Budget,2024-01-16,False
C01286,Elena,Becker,customer1286@example.com,Bern,CH,Standard,2024-01-11,True
C01287,Julia,Bauer,customer1287@example.com,Dresden,DE,Standard,2024-09-03,True
C01288,Julia,Wagner,customer1288@example.com,Düsseldorf,DE,Budget,2024-11-18,True
C01289,Mia,Schneider,customer1289@example.com,Bremen,DE,Standard,2024-03-02,True
C01290,Lisa,Becker,customer1290@example.com,Köln,DE,Budget,2023-07-29,True
C01291,Tim,Schäfer,customer1291@example.com,Basel,CH,Budget,2023-03-27,True
C01292,Simon,Hoffmann,customer1292@example.com,Stuttgart,DE,Budget,2023-05-13,True
C01293,Clara,Becker,customer1293@example.com,Lausanne,CH,Budget,2023-02-15,False
C01294,Emma,Schmidt,customer1294@example.com,Düsseldorf,DE,Budget,2023-10-20,True
C01295,Emma,Wagner,customer1295@example.com,Lausanne,CH,Premium,2023-02-03,False
C01296,Clara,Schneider,customer1296@example.com,Graz,AT,Standard,2024-10-08,True
C01297,Julia,Neumann,customer1297@example.com,Innsbruck,AT,Budget,2023-02-13,True
C01298,Julia,Neumann,customer1298@example.com,Zürich,CH,Budget,2023-02-14,True
C01299,Marie,Meyer,customer1299@example.com,Nürnberg,DE,Budget,2023-09-24,True
C01300,Moritz,Becker,customer1300@example.com,München,DE,Standard,2023-12-23,True
C01301,Emma,Wolf,customer1301@example.com,Leipzig,DE,Standard,2023-11-19,True
C01302,Lisa,Koch,customer1302@example.com,Zürich,CH,Standard,2024-11-22,True
C01303,Felix,Klein,customer1303@example.com,Bremen,DE,Standard,2023-05-18,True
C01304,Mia,Wagner,customer1304@example.com,Genf,CH,Standard,2023-10-20,True
C01305,Felix,Koch,customer1305@example.com,Düsseldorf,DE,Premium,2023-08-13,True
C01306,Paul,Schäfer,customer1306@example.com,Frankfurt,DE,Budget,2023-08-08,True
C01307,Anna,Wagner,customer1307@example.com,Berlin,DE,Premium,2024-01-31,True
C01308,Anna,Wagner,customer1308@example.com,Wien,AT,Budget,2024-06-26,True
C01309,Tim,Schmidt,customer1309@example.com,Düsseldorf,DE,Budget,2023-07-15,True
C01310,Niklas,Bauer,customer1310@example.com,Köln,DE,Budget,2024-08-15,False
C01311,Leon,Schmidt,customer1311@example.com,Leipzig,DE,Standard,2023-03-18,True
C01312,Felix,Wagner,customer1312@example.com,Stuttgart,DE,Budget,2024-07-26,True
C01313,Anna,Fischer,customer1313@example.com,Hannover,DE,Standard,2023-12-25,True
C01314,Felix,Hoffmann,customer1314@example.com,Köln,DE,Premium,2024-07-26,True
C01315,Lena,Koch,customer1315@example.com,Bern,CH,Standard,2024-06-13,True
C01316,Lukas,Braun,customer1316@example.com,Basel,CH,Premium,2023-02-21,True
C01317,Sarah,Fischer,customer1317@example.com,Innsbruck,AT,Budget,2024-03-14,True
C01318,Anna,Weber,customer1318@example.com,Lausanne,CH,Standard,2024-05-23,True
C01319,Clara,Weber,customer1319@example.com,Genf,CH,Standard,2024-12-17,True
C01320,Max,Klein,customer1320@example.com,Düsseldorf,DE,Standard,2024-04-12,True
C01321,Sarah,Schröder,customer1321@example.com,Graz,AT,Premium,2023-05-24,True
C01322,Lukas,Müller,customer1322@example.com,Leipzig,DE,Budget,2023-12-10,True
C01323,Sarah,Neumann,customer1323@example.com,Nürnberg,DE,Standard,2024-10-23,False
C01324,Sarah,Schneider,customer1324@example.com,Wien,AT,Standard,2024-02-15,True
C01325,Sarah,Bauer,customer1325@example.com,Hamburg,DE,Standard,2024-07-13,True
C01326,Niklas,Koch,customer1326@example.com,Innsbruck,AT,Standard,2023-06-26,True
C01327,Marie,Fischer,customer1327@example.com,Nürnberg,DE,Budget,2023-12-29,True
C01328,Max,Meyer,customer1328@example.com,Wien,AT,Standard,2023-05-14,True
C01329,Elena,Schröder,customer1329@example.com,Linz,AT,Standard,2023-02-20,True
C01330,Max,Klein,customer1330@example.com,Hamburg,DE,Standard,2023-04-16,True
C01331,Lena,Braun,customer1331@example.com,Hannover,DE,Standard,2023-09-25,True
C01332,Emma,Hoffmann,customer1332@example.com,Basel,CH,Standard,2023-05-21,True
C01333,Anna,Meyer,customer1333@example.com,Dresden,DE,Standard,2024-11-30,True
C01334,Elena,Koch,customer1334@example.com,Stuttgart,DE,Standard,2023-11-19,True
C01335,David,Braun,customer1335@example.com,Nürnberg,DE,Standard,2024-02-26,True
C01336,Jonas,Schmidt,customer1336@example.com,Zürich,CH,Standard,2024-01-07,True
C01337,Lena,Weber,customer1337@example.com,Düsseldorf,DE,Standard,2024-08-28,True
C01338,Anna,Fischer,customer1338@example.com,Berlin,DE,Standard,2024-04-11,True
C01339,Max,Klein,customer1339@example.com,Zürich,CH,Budget,2024-10-02,False
C01340,Elena,Richter,customer1340@example.com,Wien,AT,Standard,2023-07-27,True
C01341,Sarah,Müller,customer1341@example.com,Salzburg,AT,Standard,2024-02-26,True
C01342,Leon,Neumann,customer1342@example.com,Hannover,DE,Premium,2024-06-24,True
C01343,Mia,Schäfer,customer1343@example.com,Hannover,DE,Budget,2024-01-22,True
C01344,Lena,Müller,customer1344@example.com,Linz,AT,Standard,2024-07-07,True
C01345,Elena,Wagner,customer1345@example.com,München,DE,Premium,2024-10-31,True
C01346,Moritz,Müller,customer1346@example.com,Lausanne,CH,Budget,2023-04-20,True
C01347,Paul,Fischer,customer1347@example.com,Frankfurt,DE,Standard,2023-06-17,True
C01348,Lena,Koch,customer1348@example.com,Zürich,CH,Premium,2024-12-16,True
C01349,David,Wagner,customer1349@example.com,Salzburg,AT,Standard,2024-09-29,True
C01350,Felix,Weber,customer1350@example.com,Bern,CH,Premium,2024-07-02,True
C01351,Laura,Müller,customer1351@example.com,Lausanne,CH,Budget,2024-07-27,True
C01352,Lena,Fischer,customer1352@example.com,Zürich,CH,Standard,2023-12-29,True
C01353,Elena,Schmidt,customer1353@example.com,Wien,AT,Premium,2024-02-06,True
C01354,Lukas,Wagner,customer1354@example.com,Dresden,DE,Standard,2024-06-23,True
C01355,David,Wolf,customer1355@example.com,Genf,CH,Budget,2024-01-28,True
C01356,Jonas,Wagner,customer1356@example.com,Lausanne,CH,Standard,2023-11-16,True
C01357,Jonas,Neumann,customer1357@example.com,Dresden,DE,Standard,2023-06-11,True
C01358,Anna,Hoffmann,customer1358@example.com,Köln,DE,Standard,2023-10-14,True
C01359,Niklas,Wolf,customer1359@example.com,Frankfurt,DE,Standard,2024-02-24,True
C01360,Sophie,Schröder,customer1360@example.com,Genf,CH,Standard,2023-01-28,True
C01361,Leon,Braun,customer1361@example.com,Leipzig,DE,Standard,2024-03-01,True
C01362,Max,Wolf,customer1362@example.com,Berlin,DE,Standard,2023-10-04,True
C01363,Jonas,Schmidt,customer1363@example.com,Nürnberg,DE,Budget,2023-12-09,True
C01364,Lena,Müller,customer1364@example.com,München,DE,Premium,2023-11-13,True
C01365,Simon,Schröder,customer1365@example.com,Linz,AT,Standard,2024-06-23,True
C01366,Lena,Schneider,customer1366@example.com,München,DE,Standard,2024-10-12,True
C01367,Jonas,Schäfer,customer1367@example.com,Innsbruck,AT,Budget,2024-05-09,True
C01368,Marie,Neumann,customer1368@example.com,Zürich,CH,Standard,2024-12-09,True
C01369,Max,Fischer,customer1369@example.com,München,DE,Standard,2023-10-20,True
C01370,Clara,Bauer,customer1370@example.com,Hamburg,DE,Standard,2023-09-22,True
C01371,Anna,Schäfer,customer1371@example.com,Lausanne,CH,Premium,2023-05-10,True
C01372,Emma,Richter,customer1372@example.com,Leipzig,DE,Standard,2024-03-07,True
C01373,Leon,Braun,customer1373@example.com,Nürnberg,DE,Standard,2024-07-11,True
C01374,Tim,Braun,customer1374@example.com,Hannover,DE,Standard,2024-09-20,True
C01375,Lena,Fischer,customer1375@example.com,Dresden,DE,Standard,2023-04-25,True
C01376,David,Schröder,customer1376@example.com,Frankfurt,DE,Standard,2024-08-24,True
C01377,Tim,Schröder,customer1377@example.com,Bern,CH,Standard,2024-04-21,True
C01378,Elena,Schäfer,customer1378@example.com,Düsseldorf,DE,Standard,2024-10-27,True
C01379,Anna,Schmidt,customer1379@example.com,Wien,AT,Standard,2024-12-29,True
C01380,Paul,Schmidt,customer1380@example.com,Hamburg,DE,Budget,2024-11-11,True
C01381,Clara,Becker,customer1381@example.com,München,DE,Budget,2023-08-18,False
C01382,Simon,Fischer,customer1382@example.com,Berlin,DE,Standard,2023-11-26,True
C01383,Marie,Bauer,customer1383@example.com,Hannover,DE,Standard,2023-09-27,True
C01384,Jonas,Schneider,customer1384@example.com,München,DE,Standard,2023-11-27,True
C01385,Moritz,Becker,customer1385@example.com,Graz,AT,Premium,2024-02-22,True
C01386,Laura,Schneider,customer1386@example.com,Bern,CH,Standard,2024-12-12,False
C01387,Moritz,Klein,customer1387@example.com,Innsbruck,AT,Budget,2023-08-16,True
C01388,Tim,Schneider,customer1388@example.com,Genf,CH,Standard,2024-11-07,True
C01389,Sophie,Bauer,customer1389@example.com,Basel,CH,Standard,2024-10-09,True
C01390,Lisa,Fischer,customer1390@example.com,Bremen,DE,Standard,2024-07-13,True
C01391,Jonas,Richter,customer1391@example.com,Frankfurt,DE,Budget,2023-03-17,True
C01392,Jan,Neumann,customer1392@example.com,Nürnberg,DE,Standard,2024-07-04,True
C01393,Lena,Richter,customer1393@example.com,Genf,CH,Budget,2024-07-31,True
C01394,David,Müller,customer1394@example.com,Salzburg,AT,Budget,2023-03-25,True
C01395,Lisa,Schröder,customer1395@example.com,Wien,AT,Budget,2023-10-30,True
C01396,Julia,Schröder,customer1396@example.com,Leipzig,DE,Standard,2023-01-03,True
C01397,Tim,Neumann,customer1397@example.com,Innsbruck,AT,Standard,2023-03-04,True
C01398,Emma,Klein,customer1398@example.com,Bremen,DE,Budget,2024-06-10,True
C01399,David,Schäfer,customer1399@example.com,Linz,AT,Standard,2023-07-18,False
C01400,Mia,Schmidt,customer1400@example.com,Lausanne,CH,Standard,2024-08-09,True
C01401,Anna,Weber,customer1401@example.com,Graz,AT,Standard,2023-03-14,True
C01402,Lisa,Richter,customer1402@example.com,Salzburg,AT,Budget,2023-09-03,True
C01403,Marie,Klein,customer1403@example.com,Lausanne,CH,Budget,2023-05-11,True
C01404,Lena,Neumann,customer1404@example.com,Zürich,CH,Budget,2024-08-01,True
C01405,Leon,Wagner,customer1405@example.com,Hannover,DE,Standard,2024-09-16,True
C01406,David,Weber,customer1406@example.com,Linz,AT,Premium,2024-04-27,True
C01407,Jonas,Hoffmann,customer1407@example.com,Köln,DE,Standard,2024-10-04,True
C01408,Jonas,Richter,customer1408@example.com,Genf,CH,Premium,2024-02-04,True
C01409,Marie,Fischer,customer1409@example.com,Basel,CH,Budget,2023-07-28,True
C01410,Laura,Richter,customer1410@example.com,Dresden,DE,Premium,2024-10-14,True
C01411,Elena,Fischer,customer1411@example.com,Frankfurt,DE,Premium,2024-02-21,True
C01412,Jonas,Richter,customer1412@example.com,Frankfurt,DE,Standard,2023-05-28,True
C01413,Julia,Schröder,customer1413@example.com,Zürich,CH,Standard,2024-08-28,True
C01414,Tim,Hoffmann,customer1414@example.com,Bremen,DE,Standard,2024-02-09,True
C01415,Moritz,Klein,customer1415@example.com,Hamburg,DE,Standard,2024-09-19,True
C01416,Jonas,Schneider,customer1416@example.com,Leipzig,DE,Standard,2024-01-24,True
C01417,Max,Schmidt,customer1417@example.com,Zürich,CH,Standard,2023-05-24,True
C01418,David,Bauer,customer1418@example.com,Salzburg,AT,Standard,2023-07-26,True
C01419,David,Becker,customer1419@example.com,Linz,AT,Standard,2023-07-02,True
C01420,Moritz,Becker,customer1420@example.com,Hamburg,DE,Standard,2024-12-27,True
C01421,Max,Fischer,customer1421@example.com,Genf,CH,Standard,2023-12-28,True
C01422,Moritz,Wagner,customer1422@example.com,Innsbruck,AT,Standard,2023-12-12,True
C01423,Jan,Richter,customer1423@example.com,Linz,AT,Standard,2023-07-13,True
C01424,Jonas,Müller,customer1424@example.com,Linz,AT,Premium,2023-10-24,True
C01425,David,Meyer,customer1425@example.com,Köln,DE,Standard,2023-07-29,True
C01426,Sarah,Bauer,customer1426@example.com,Bremen,DE,Budget,2023-02-22,True
C01427,Felix,Hoffmann,customer1427@example.com,Linz,AT,Standard,2023-01-31,True
C01428,Leon,Schneider,customer1428@example.com,Düsseldorf,DE,Standard,2024-10-29,True
C01429,Elena,Bauer,customer1429@example.com,Basel,CH,Budget,2023-04-11,False
C01430,Simon,Richter,customer1430@example.com,Nürnberg,DE,Premium,2024-01-16,True
C01431,Max,Schröder,customer1431@example.com,Bern,CH,Premium,2024-03-17,True
C01432,Felix,Braun,customer1432@example.com,Zürich,CH,Standard,2024-04-10,True
C01433,Clara,Schäfer,customer1433@example.com,Düsseldorf,DE,Budget,2023-10-15,True
C01434,Lukas,Schneider,customer1434@example.com,Düsseldorf,DE,Premium,2023-09-26,True
C01435,Lukas,Wolf,customer1435@example.com,Basel,CH,Budget,2024-04-24,True
C01436,Mia,Müller,customer1436@example.com,Wien,AT,Standard,2023-12-19,True
C01437,David,Klein,customer1437@example.com,München,DE,Standard,2023-07-11,True
C01438,Jonas,Weber,customer1438@example.com,Stuttgart,DE,Budget,2023-09-01,False
C01439,Simon,Hoffmann,customer1439@example.com,Zürich,CH,Standard,2024-08-26,True
C01440,Elena,Richter,customer1440@example.com,Stuttgart,DE,Budget,2024-08-12,True
C01441,Jan,Richter,customer1441@example.com,Genf,CH,Budget,2023-05-02,True
C01442,Lena,Neumann,customer1442@example.com,Bremen,DE,Budget,2023-12-22,True
C01443,Lukas,Wolf,customer1443@example.com,Frankfurt,DE,Standard,2023-11-26,True
C01444,Lukas,Braun,customer1444@example.com,Stuttgart,DE,Standard,2024-12-12,True
C01445,Sophie,Hoffmann,customer1445@example.com,Düsseldorf,DE,Standard,2024-05-17,True
C01446,Jan,Wolf,customer1446@example.com,Stuttgart,DE,Premium,2023-04-24,True
C01447,Jonas,Weber,customer1447@example.com,Graz,AT,Standard,2024-11-19,True
C01448,Anna,Schröder,customer1448@example.com,Basel,CH,Premium,2024-04-16,True
C01449,Leon,Neumann,customer1449@example.com,Dresden,DE,Budget,2023-07-22,True
C01450,Paul,Koch,customer1450@example.com,Linz,AT,Standard,2024-09-13,True
C01451,Sarah,Braun,customer1451@example.com,Dresden,DE,Standard,2024-09-16,False
C01452,Lena,Hoffmann,customer1452@example.com,Düsseldorf,DE,Budget,2023-05-04,True
C01453,David,Schmidt,customer1453@example.com,Hamburg,DE,Budget,2024-03-17,True
C01454,Emma,Weber,customer1454@example.com,Düsseldorf,DE,Premium,2023-12-22,True
C01455,Max,Fischer,customer1455@example.com,Linz,AT,Budget,2023-10-09,True
C01456,Lena,Neumann,customer1456@example.com,Zürich,CH,Premium,2024-01-30,False
C01457,Paul,Hoffmann,customer1457@example.com,Salzburg,AT,Standard,2024-06-16,True
C01458,Paul,Weber,customer1458@example.com,Lausanne,CH,Standard,2023-07-17,True
C01459,David,Weber,customer1459@example.com,Graz,AT,Premium,2024-10-01,True
C01460,Lena,Braun,customer1460@example.com,Düsseldorf,DE,Standard,2024-07-13,True
C01461,Max,Wolf,customer1461@example.com,Wien,AT,Standard,2023-09-14,False
C01462,Max,Weber,customer1462@example.com,Wien,AT,Standard,2024-07-24,True
C01463,Laura,Neumann,customer1463@example.com,Innsbruck,AT,Budget,2023-02-17,True
C01464,Marie,Müller,customer1464@example.com,Köln,DE,Standard,2024-12-28,True
C01465,Moritz,Koch,customer1465@example.com,Nürnberg,DE,Standard,2024-10-04,True
C01466,Sophie,Neumann,customer1466@example.com,Innsbruck,AT,Standard,2024-01-01,False
C01467,Tim,Braun,customer1467@example.com,Zürich,CH,Budget,2024-10-04,False
C01468,David,Müller,customer1468@example.com,Graz,AT,Standard,2023-06-19,True
C01469,Clara,Schröder,customer1469@example.com,Stuttgart,DE,Standard,2024-09-28,True
C01470,Julia,Neumann,customer1470@example.com,Dresden,DE,Standard,2024-12-26,True
C01471,Jan,Schäfer,customer1471@example.com,Linz,AT,Standard,2024-08-28,True
C01472,Jonas,Richter,customer1472@example.com,Bremen,DE,Premium,2024-02-19,False
C01473,Lisa,Wagner,customer1473@example.com,Genf,CH,Budget,2024-04-02,True
C01474,Mia,Fischer,customer1474@example.com,Hannover,DE,Budget,2023-04-22,True
C01475,Tim,Schneider,customer1475@example.com,Innsbruck,AT,Standard,2024-05-07,True
C01476,Leon,Klein,customer1476@example.com,Hannover,DE,Premium,2023-04-25,True
C01477,Moritz,Richter,customer1477@example.com,Salzburg,AT,Budget,2023-05-27,True
C01478,Sophie,Koch,customer1478@example.com,Berlin,DE,Budget,2024-03-03,True
C01479,Jonas,Richter,customer1479@example.com,Stuttgart,DE,Standard,2024-08-19,True
C01480,Julia,Becker,customer1480@example.com,München,DE,Premium,2024-09-09,True
C01481,Lukas,Richter,customer1481@example.com,Innsbruck,AT,Standard,2024-04-16,False
C01482,Laura,Braun,customer1482@example.com,Wien,AT,Budget,2024-07-19,True
C01483,Max,Klein,customer1483@example.com,Zürich,CH,Budget,2023-07-22,True
C01484,Sarah,Wolf,customer1484@example.com,Düsseldorf,DE,Standard,2024-11-18,True
C01485,Marie,Koch,customer1485@example.com,Salzburg,AT,Standard,2023-05-03,False
C01486,Clara,Weber,customer1486@example.com,Bremen,DE,Standard,2023-01-23,True
C01487,Simon,Neumann,customer1487@example.com,Hamburg,DE,Premium,2023-08-04,True
C01488,Niklas,Braun,customer1488@example.com,Wien,AT,Budget,2023-09-14,True
C01489,Lena,Becker,customer1489@example.com,Innsbruck,AT,Standard,2023-10-27,True
C01490,Jan,Fischer,customer1490@example.com,Genf,CH,Standard,2024-09-19,True
C01491,Lena,Braun,customer1491@example.com,Nürnberg,DE,Standard,2024-11-17,True
C01492,Lukas,Schneider,customer1492@example.com,Bremen,DE,Standard,2024-05-27,True
C01493,Sophie,Neumann,customer1493@example.com,Berlin,DE,Premium,2023-04-10,True
C01494,Lukas,Hoffmann,customer1494@example.com,Lausanne,CH,Standard,2023-06-25,True
C01495,Jonas,Schneider,customer1495@example.com,Hannover,DE,Standard,2023-08-01,True
C01496,Max,Klein,customer1496@example.com,Linz,AT,Standard,2024-03-26,True
C01497,Lisa,Müller,customer1497@example.com,Graz,AT,Standard,2023-02-13,True
C01498,Max,Müller,customer1498@example.com,Bern,CH,Budget,2024-02-27,False
C01499,Lisa,Klein,customer1499@example.com,Salzburg,AT,Standard,2023-01-31,True
C01500,Paul,Schneider,customer1500@example.com,Nürnberg,DE,Premium,2024-07-06,False
C01501,Jan,Richter,customer1501@example.com,Innsbruck,AT,Standard,2024-02-16,True
C01502,Leon,Schneider,customer1502@example.com,Berlin,DE,Budget,2023-09-05,True
C01503,Simon,Braun,customer1503@example.com,Lausanne,CH,Standard,2024-05-07,True
C01504,Laura,Wolf,customer1504@example.com,Berlin,DE,Standard,2023-04-23,True
C01505,Leon,Meyer,customer1505@example.com,Berlin,DE,Standard,2023-05-01,True
C01506,Clara,Müller,customer1506@example.com,Frankfurt,DE,Budget,2023-02-08,True
C01507,Simon,Braun,customer1507@example.com,Genf,CH,Budget,2024-11-15,True
C01508,Jan,Hoffmann,customer1508@example.com,Bremen,DE,Standard,2024-10-04,True
C01509,Anna,Müller,customer1509@example.com,Zürich,CH,Standard,2024-01-22,True
C01510,Lisa,Wolf,customer1510@example.com,München,DE,Premium,2024-12-11,True
C01511,Mia,Becker,customer1511@example.com,Genf,CH,Standard,2023-06-16,True
C01512,Jan,Klein,customer1512@example.com,Berlin,DE,Standard,2023-09-15,True
C01513,Marie,Fischer,customer1513@example.com,Stuttgart,DE,Budget,2024-06-12,True
C01514,Elena,Fischer,customer1514@example.com,Bern,CH,Budget,2023-06-03,True
C01515,Max,Richter,customer1515@example.com,Köln,DE,Standard,2024-05-07,True
C01516,Felix,Müller,customer1516@example.com,Graz,AT,Standard,2023-02-06,True
C01517,Laura,Meyer,customer1517@example.com,Hannover,DE,Budget,2023-12-10,False
C01518,Sarah,Müller,customer1518@example.com,Basel,CH,Budget,2023-07-03,False
C01519,Tim,Schröder,customer1519@example.com,Frankfurt,DE,Standard,2024-04-19,True
C01520,Clara,Hoffmann,customer1520@example.com,Bern,CH,Standard,2024-10-22,True
C01521,Lisa,Braun,customer1521@example.com,Bremen,DE,Budget,2023-01-08,True
C01522,Jonas,Weber,customer1522@example.com,Bremen,DE,Budget,2024-06-01,True
C01523,Clara,Becker,customer1523@example.com,Zürich,CH,Premium,2023-12-05,True
C01524,Laura,Braun,customer1524@example.com,Köln,DE,Budget,2024-11-25,True
C01525,Felix,Schröder,customer1525@example.com,Linz,AT,Budget,2023-05-26,True
C01526,Sarah,Koch,customer1526@example.com,Dresden,DE,Standard,2024-10-08,True
C01527,Lisa,Schröder,customer1527@example.com,Stuttgart,DE,Premium,2024-10-23,True
C01528,Leon,Bauer,customer1528@example.com,Wien,AT,Standard,2024-11-26,True
C01529,Elena,Bauer,customer1529@example.com,Lausanne,CH,Premium,2024-07-15,True
C01530,Paul,Neumann,customer1530@example.com,Düsseldorf,DE,Standard,2024-09-03,True
C01531,Lukas,Wagner,customer1531@example.com,Köln,DE,Standard,2024-10-15,True
C01532,Paul,Schröder,customer1532@example.com,Lausanne,CH,Premium,2023-05-18,True
C01533,Clara,Neumann,customer1533@example.com,Köln,DE,Standard,2023-11-13,True
C01534,Elena,Braun,customer1534@example.com,Dresden,DE,Premium,2023-09-15,False
C01535,Max,Neumann,customer1535@example.com,Wien,AT,Standard,2024-10-09,True
C01536,Felix,Weber,customer1536@example.com,Dresden,DE,Standard,2023-09-11,True
C01537,Jan,Schröder,customer1537@example.com,Stuttgart,DE,Budget,2023-03-30,True
C01538,Paul,Richter,customer1538@example.com,Köln,DE,Standard,2023-07-26,True
C01539,Emma,Fischer,customer1539@example.com,Leipzig,DE,Standard,2024-03-02,True
C01540,Max,Becker,customer1540@example.com,Köln,DE,Budget,2023-03-18,True
C01541,Laura,Schneider,customer1541@example.com,Hamburg,DE,Premium,2023-01-15,True
C01542,Moritz,Meyer,customer1542@example.com,Hannover,DE,Budget,2024-03-02,True
C01543,Sophie,Koch,customer1543@example.com,Bern,CH,Budget,2023-09-16,True
C01544,Lisa,Fischer,customer1544@example.com,Bern,CH,Standard,2023-12-31,True
C01545,Sarah,Klein,customer1545@example.com,Köln,DE,Standard,2024-04-29,True
C01546,Clara,Fischer,customer1546@example.com,Bern,CH,Standard,2024-11-17,False
C01547,Paul,Klein,customer1547@example.com,Dresden,DE,Standard,2023-02-22,True
C01548,Leon,Meyer,customer1548@example.com,Nürnberg,DE,Budget,2024-09-15,True
C01549,Jan,Müller,customer1549@example.com,Wien,AT,Premium,2023-11-02,True
C01550,Marie,Schröder,customer1550@example.com,München,DE,Standard,2024-07-05,True
C01551,Laura,Fischer,customer1551@example.com,Bern,CH,Budget,2023-04-17,True
C01552,Marie,Becker,customer1552@example.com,München,DE,Premium,2023-12-02,True
C01553,Elena,Braun,customer1553@example.com,Köln,DE,Standard,2023-02-25,True
C01554,Anna,Schäfer,customer1554@example.com,Bremen,DE,Standard,2023-07-08,True
C01555,Jonas,Meyer,customer1555@example.com,Dresden,DE,Standard,2023-06-13,True
C01556,Emma,Meyer,customer1556@example.com,Lausanne,CH,Standard,2023-12-11,False
C01557,Paul,Koch,customer1557@example.com,Salzburg,AT,Budget,2024-03-31,True
C01558,Clara,Richter,customer1558@example.com,Innsbruck,AT,Budget,2024-03-09,True
C01559,Leon,Schneider,customer1559@example.com,Lausanne,CH,Premium,2024-07-13,True
C01560,Paul,Richter,customer1560@example.com,Düsseldorf,DE,Budget,2024-11-05,True
C01561,Julia,Wolf,customer1561@example.com,Frankfurt,DE,Budget,2023-10-08,True
C01562,Clara,Richter,customer1562@example.com,Bern,CH,Premium,2023-10-29,True
C01563,Max,Fischer,customer1563@example.com,Bern,CH,Standard,2024-01-16,True
C01564,Marie,Bauer,customer1564@example.com,Dresden,DE,Standard,2023-03-11,True
C01565,Lena,Richter,customer1565@example.com,Köln,DE,Standard,2024-02-29,True
C01566,Lukas,Wagner,customer1566@example.com,Zürich,CH,Premium,2023-02-13,True
C01567,Elena,Weber,customer1567@example.com,Berlin,DE,Standard,2023-08-05,True
C01568,Tim,Koch,customer1568@example.com,Düsseldorf,DE,Standard,2024-03-20,True
C01569,Felix,Schäfer,customer1569@example.com,München,DE,Standard,2024-11-09,True
C01570,Tim,Bauer,customer1570@example.com,Bremen,DE,Standard,2024-06-30,False
C01571,Sophie,Meyer,customer1571@example.com,Basel,CH,Standard,2023-04-24,True
C01572,Moritz,Klein,customer1572@example.com,Hamburg,DE,Standard,2023-03-27,True
C01573,Tim,Schmidt,customer1573@example.com,Wien,AT,Standard,2024-11-05,True
C01574,Emma,Wagner,customer1574@example.com,Bern,CH,Budget,2023-05-24,True
C01575,Felix,Wolf,customer1575@example.com,Nürnberg,DE,Budget,2023-08-21,True
C01576,Lena,Schröder,customer1576@example.com,Köln,DE,Standard,2024-12-06,True
C01577,Simon,Schröder,customer1577@example.com,Hannover,DE,Premium,2024-09-10,True
C01578,Lena,Braun,customer1578@example.com,Stuttgart,DE,Standard,2023-12-30,True
C01579,Laura,Koch,customer1579@example.com,Düsseldorf,DE,Budget,2024-09-17,True
C01580,David,Klein,customer1580@example.com,Innsbruck,AT,Premium,2024-12-06,True
C01581,Mia,Meyer,customer1581@example.com,Lausanne,CH,Premium,2023-01-04,True
C01582,Lukas,Richter,customer1582@example.com,Innsbruck,AT,Budget,2024-12-28,True
C01583,David,Weber,customer1583@example.com,Hannover,DE,Standard,2023-05-26,True
C01584,Mia,Richter,customer1584@example.com,Dresden,DE,Standard,2023-06-12,True
C01585,Mia,Schneider,customer1585@example.com,Stuttgart,DE,Standard,2024-06-16,True
C01586,Julia,Müller,customer1586@example.com,Wien,AT,Budget,2023-05-07,True
C01587,Tim,Meyer,customer1587@example.com,Linz,AT,Budget,2024-04-08,True
C01588,Moritz,Hoffmann,customer1588@example.com,Düsseldorf,DE,Standard,2023-01-01,True
C01589,Mia,Meyer,customer1589@example.com,Hannover,DE,Standard,2023-12-15,True
C01590,Moritz,Fischer,customer1590@example.com,Lausanne,CH,Standard,2023-02-20,True
C01591,Laura,Müller,customer1591@example.com,Genf,CH,Premium,2024-09-14,True
C01592,Marie,Müller,customer1592@example.com,Wien,AT,Premium,2024-08-13,True
C01593,Lisa,Schröder,customer1593@example.com,Stuttgart,DE,Standard,2024-12-19,True
C01594,Elena,Bauer,customer1594@example.com,Innsbruck,AT,Budget,2024-05-11,True
C01595,Jan,Schmidt,customer1595@example.com,Nürnberg,DE,Budget,2023-11-07,False
C01596,Elena,Meyer,customer1596@example.com,Linz,AT,Budget,2024-01-02,True
C01597,Felix,Koch,customer1597@example.com,München,DE,Premium,2023-04-05,True
C01598,Sophie,Bauer,customer1598@example.com,Basel,CH,Premium,2024-02-27,True
C01599,Leon,Schneider,customer1599@example.com,Bern,CH,Budget,2024-10-27,True
C01600,Jonas,Schäfer,customer1600@example.com,Innsbruck,AT,Standard,2024-05-15,True
C01601,Lukas,Becker,customer1601@example.com,Köln,DE,Standard,2023-08-09,True
C01602,Lukas,Becker,customer1602@example.com,Wien,AT,Budget,2023-07-10,True
C01603,Julia,Koch,customer1603@example.com,Lausanne,CH,Standard,2024-10-22,True
C01604,Jan,Fischer,customer1604@example.com,München,DE,Standard,2023-12-02,True
C01605,Moritz,Schröder,customer1605@example.com,Zürich,CH,Budget,2024-10-12,False
C01606,Sarah,Fischer,customer1606@example.com,München,DE,Budget,2024-05-19,True
C01607,Simon,Becker,customer1607@example.com,Bremen,DE,Standard,2023-05-08,True
C01608,Niklas,Schäfer,customer1608@example.com,Nürnberg,DE,Standard,2024-05-06,True
C01609,Jonas,Klein,customer1609@example.com,Basel,CH,Standard,2023-01-29,False
C01610,Marie,Koch,customer1610@example.com,Leipzig,DE,Standard,2023-03-12,True
C01611,Niklas,Klein,customer1611@example.com,Nürnberg,DE,Budget,2023-08-09,True
C01612,Julia,Wagner,customer1612@example.com,Stuttgart,DE,Budget,2024-06-05,True
C01613,David,Müller,customer1613@example.com,Zürich,CH,Premium,2023-01-26,True
C01614,Laura,Bauer,customer1614@example.com,Hamburg,DE,Premium,2024-12-05,True
C01615,Paul,Müller,customer1615@example.com,Bremen,DE,Standard,2023-11-15,True
C01616,Felix,Fischer,customer1616@example.com,Köln,DE,Standard,2023-03-27,True
C01617,Anna,Wagner,customer1617@example.com,Genf,CH,Standard,2023-04-15,True
C01618,Anna,Müller,customer1618@example.com,München,DE,Budget,2023-03-16,True
C01619,Anna,Wolf,customer1619@example.com,Dresden,DE,Standard,2024-11-28,True
C01620,Emma,Fischer,customer1620@example.com,Innsbruck,AT,Budget,2023-09-22,True
C01621,Simon,Meyer,customer1621@example.com,Bern,CH,Premium,2023-04-07,True
C01622,Lisa,Meyer,customer1622@example.com,Lausanne,CH,Premium,2023-03-18,True
C01623,Max,Koch,customer1623@example.com,Hamburg,DE,Budget,2023-03-15,True
C01624,Felix,Schäfer,customer1624@example.com,Leipzig,DE,Standard,2024-10-29,True
C01625,Emma,Klein,customer1625@example.com,München,DE,Premium,2023-09-02,True
C01626,Sarah,Fischer,customer1626@example.com,Nürnberg,DE,Standard,2024-04-09,True
C01627,Lisa,Braun,customer1627@example.com,Bern,CH,Budget,2024-02-13,True
C01628,Sophie,Richter,customer1628@example.com,Düsseldorf,DE,Standard,2023-04-15,True
C01629,Anna,Hoffmann,customer1629@example.com,Frankfurt,DE,Standard,2023-11-03,True
C01630,Clara,Weber,customer1630@example.com,Köln,DE,Standard,2023-06-29,True
C01631,Lena,Schröder,customer1631@example.com,Lausanne,CH,Premium,2024-02-15,True
C01632,Marie,Neumann,customer1632@example.com,Bern,CH,Budget,2023-09-23,True
C01633,Jan,Braun,customer1633@example.com,Linz,AT,Budget,2023-03-30,True
C01634,Jan,Schneider,customer1634@example.com,Salzburg,AT,Budget,2024-01-11,True
C01635,Lisa,Schmidt,customer1635@example.com,Hannover,DE,Standard,2024-01-01,True
C01636,Felix,Schneider,customer1636@example.com,Innsbruck,AT,Budget,2023-06-24,True
C01637,Laura,Meyer,customer1637@example.com,Zürich,CH,Budget,2023-10-09,True
C01638,Elena,Wolf,customer1638@example.com,Hannover,DE,Premium,2023-12-07,True
C01639,Niklas,Schäfer,customer1639@example.com,Bern,CH,Standard,2023-04-03,True
C01640,Lena,Meyer,customer1640@example.com,Düsseldorf,DE,Standard,2024-06-12,True
C01641,Laura,Richter,customer1641@example.com,Innsbruck,AT,Standard,2024-04-08,True
C01642,Marie,Schneider,customer1642@example.com,Hannover,DE,Budget,2024-04-24,True
C01643,Sarah,Neumann,customer1643@example.com,Nürnberg,DE,Premium,2023-12-12,False
C01644,Mia,Wagner,customer1644@example.com,München,DE,Budget,2023-09-23,False
C01645,Lisa,Schröder,customer1645@example.com,Bremen,DE,Standard,2024-02-05,True
C01646,Clara,Schmidt,customer1646@example.com,Genf,CH,Premium,2023-10-25,True
C01647,Lukas,Schäfer,customer1647@example.com,Berlin,DE,Budget,2024-04-18,True
C01648,David,Wagner,customer1648@example.com,Stuttgart,DE,Budget,2023-06-29,True
C01649,Leon,Fischer,customer1649@example.com,Genf,CH,Premium,2023-02-28,False
C01650,Elena,Schmidt,customer1650@example.com,Zürich,CH,Standard,2024-09-17,True
C01651,Leon,Weber,customer1651@example.com,Köln,DE,Premium,2023-10-20,True
C01652,Sophie,Müller,customer1652@example.com,Zürich,CH,Budget,2023-09-01,True
C01653,Laura,Bauer,customer1653@example.com,Innsbruck,AT,Premium,2024-10-08,True
C01654,Julia,Weber,customer1654@example.com,Nürnberg,DE,Standard,2023-06-16,True
C01655,Sarah,Koch,customer1655@example.com,Lausanne,CH,Premium,2024-09-25,True
C01656,Lena,Neumann,customer1656@example.com,Dresden,DE,Standard,2024-11-18,False
C01657,Felix,Schröder,customer1657@example.com,Wien,AT,Budget,2023-09-22,True
C01658,Julia,Schäfer,customer1658@example.com,Bern,CH,Premium,2023-05-19,True
C01659,Emma,Fischer,customer1659@example.com,Nürnberg,DE,Premium,2024-06-15,True
C01660,Clara,Schmidt,customer1660@example.com,Bremen,DE,Standard,2024-11-10,False
C01661,Clara,Wolf,customer1661@example.com,Nürnberg,DE,Premium,2023-05-17,True
C01662,Jan,Schröder,customer1662@example.com,Lausanne,CH,Standard,2023-08-31,True
C01663,Emma,Richter,customer1663@example.com,Nürnberg,DE,Budget,2024-01-14,True
C01664,Julia,Wagner,customer1664@example.com,Hamburg,DE,Standard,2023-11-07,True
C01665,Leon,Schröder,customer1665@example.com,Dresden,DE,Budget,2024-01-01,True
C01666,David,Meyer,customer1666@example.com,Leipzig,DE,Standard,2023-12-25,True
C01667,Sophie,Becker,customer1667@example.com,Nürnberg,DE,Standard,2024-11-20,True
C01668,Tim,Schröder,customer1668@example.com,Genf,CH,Standard,2023-02-26,True
C01669,Lisa,Wolf,customer1669@example.com,Genf,CH,Budget,2024-02-21,True
C01670,Niklas,Klein,customer1670@example.com,München,DE,Budget,2024-09-11,True
C01671,Moritz,Bauer,customer1671@example.com,Nürnberg,DE,Budget,2023-09-13,True
C01672,Marie,Schröder,customer1672@example.com,Dresden,DE,Standard,2023-06-30,True
C01673,Marie,Hoffmann,customer1673@example.com,Genf,CH,Budget,2024-04-26,True
C01674,Max,Wolf,customer1674@example.com,Lausanne,CH,Standard,2024-03-10,True
C01675,Tim,Schneider,customer1675@example.com,München,DE,Standard,2024-07-07,True
C01676,Elena,Bauer,customer1676@example.com,Wien,AT,Budget,2023-02-14,True
C01677,Paul,Bauer,customer1677@example.com,Lausanne,CH,Premium,2023-06-21,True
C01678,Jan,Fischer,customer1678@example.com,Stuttgart,DE,Standard,2023-10-07,False
C01679,Elena,Schröder,customer1679@example.com,Frankfurt,DE,Budget,2024-11-10,True
C01680,Paul,Klein,customer1680@example.com,Nürnberg,DE,Standard,2024-01-10,True
C01681,Niklas,Braun,customer1681@example.com,Düsseldorf,DE,Standard,2024-07-02,True
C01682,Jan,Bauer,customer1682@example.com,Berlin,DE,Standard,2023-07-15,True
C01683,Laura,Koch,customer1683@example.com,Basel,CH,Budget,2023-09-09,True
C01684,David,Meyer,customer1684@example.com,Köln,DE,Premium,2024-10-15,True
C01685,Paul,Schröder,customer1685@example.com,Bern,CH,Premium,2023-01-05,True
C01686,Laura,Klein,customer1686@example.com,Hannover,DE,Standard,2023-01-08,True
C01687,Niklas,Richter,customer1687@example.com,Basel,CH,Standard,2023-07-26,True
C01688,Laura,Schröder,customer1688@example.com,Bremen,DE,Premium,2023-05-22,True
C01689,Elena,Neumann,customer1689@example.com,Düsseldorf,DE,Standard,2024-12-19,True
C01690,Elena,Wolf,customer1690@example.com,Dresden,DE,Standard,2024-03-15,True
C01691,Laura,Richter,customer1691@example.com,Berlin,DE,Budget,2024-10-17,True
C01692,Niklas,Wagner,customer1692@example.com,Graz,AT,Standard,2024-11-29,True
C01693,Simon,Müller,customer1693@example.com,Bern,CH,Premium,2024-01-25,False
C01694,Laura,Müller,customer1694@example.com,Basel,CH,Budget,2024-12-04,True
C01695,Jonas,Wolf,customer1695@example.com,Lausanne,CH,Standard,2023-03-18,False
C01696,Laura,Weber,customer1696@example.com,Köln,DE,Premium,2023-11-23,True
C01697,Laura,Neumann,customer1697@example.com,Frankfurt,DE,Standard,2024-01-07,True
C01698,Sophie,Müller,customer1698@example.com,Berlin,DE,Standard,2024-11-04,True
C01699,David,Schröder,customer1699@example.com,Bremen,DE,Budget,2023-11-03,True
C01700,Clara,Neumann,customer1700@example.com,Stuttgart,DE,Standard,2024-01-08,True
C01701,Felix,Weber,customer1701@example.com,Düsseldorf,DE,Premium,2023-06-19,True
C01702,Mia,Wolf,customer1702@example.com,Genf,CH,Budget,2023-04-09,True
C01703,Marie,Wagner,customer1703@example.com,Genf,CH,Standard,2024-07-02,False
C01704,Niklas,Becker,customer1704@example.com,Dresden,DE,Budget,2024-05-30,False
C01705,Jonas,Weber,customer1705@example.com,Hamburg,DE,Standard,2024-07-08,True
C01706,Niklas,Schmidt,customer1706@example.com,Graz,AT,Budget,2023-11-20,True
C01707,Elena,Koch,customer1707@example.com,Köln,DE,Standard,2024-04-30,True
C01708,David,Klein,customer1708@example.com,Salzburg,AT,Budget,2023-02-21,True
C01709,Paul,Koch,customer1709@example.com,Salzburg,AT,Standard,2023-05-23,True
C01710,Julia,Schröder,customer1710@example.com,Graz,AT,Premium,2023-10-25,True
C01711,Mia,Hoffmann,customer1711@example.com,Dresden,DE,Standard,2023-11-05,True
C01712,Felix,Schäfer,customer1712@example.com,Hannover,DE,Standard,2023-02-12,True
C01713,Jonas,Fischer,customer1713@example.com,Dresden,DE,Standard,2023-12-02,True
C01714,Marie,Koch,customer1714@example.com,Zürich,CH,Standard,2023-05-29,True
C01715,Emma,Schneider,customer1715@example.com,Dresden,DE,Budget,2023-07-31,True
C01716,Simon,Schmidt,customer1716@example.com,Innsbruck,AT,Budget,2023-03-04,True
C01717,Jan,Schneider,customer1717@example.com,Linz,AT,Budget,2023-09-16,True
C01718,Leon,Müller,customer1718@example.com,Wien,AT,Standard,2023-11-27,True
C01719,Niklas,Schäfer,customer1719@example.com,Hamburg,DE,Budget,2024-05-09,True
C01720,Jonas,Schäfer,customer1720@example.com,Lausanne,CH,Budget,2024-02-03,True
C01721,Anna,Klein,customer1721@example.com,Genf,CH,Budget,2024-10-02,True
C01722,Niklas,Müller,customer1722@example.com,Linz,AT,Budget,2024-11-16,True
C01723,Mia,Schmidt,customer1723@example.com,Hamburg,DE,Budget,2024-10-19,True
C01724,Clara,Wolf,customer1724@example.com,Düsseldorf,DE,Standard,2023-10-02,True
C01725,Paul,Klein,customer1725@example.com,Stuttgart,DE,Budget,2023-05-08,True
C01726,David,Koch,customer1726@example.com,Bern,CH,Standard,2024-01-29,True
C01727,Leon,Fischer,customer1727@example.com,Wien,AT,Standard,2023-08-12,True
C01728,Leon,Schröder,customer1728@example.com,München,DE,Premium,2023-04-30,True
C01729,Tim,Bauer,customer1729@example.com,Bremen,DE,Standard,2023-05-29,True
C01730,Anna,Fischer,customer1730@example.com,Graz,AT,Standard,2023-08-14,True
C01731,Anna,Schneider,customer1731@example.com,Salzburg,AT,Budget,2023-04-19,False
C01732,Laura,Klein,customer1732@example.com,Genf,CH,Standard,2023-08-31,True
C01733,Simon,Braun,customer1733@example.com,Linz,AT,Budget,2023-03-28,True
C01734,Sophie,Schmidt,customer1734@example.com,Nürnberg,DE,Premium,2023-06-24,True
C01735,Moritz,Weber,customer1735@example.com,Nürnberg,DE,Budget,2024-06-14,True
C01736,Clara,Braun,customer1736@example.com,Hannover,DE,Standard,2024-02-05,True
C01737,Felix,Schmidt,customer1737@example.com,Lausanne,CH,Standard,2023-04-11,False
C01738,Lena,Neumann,customer1738@example.com,Berlin,DE,Standard,2023-05-10,False
C01739,Lukas,Neumann,customer1739@example.com,Leipzig,DE,Budget,2023-11-28,True
C01740,Clara,Bauer,customer1740@example.com,Stuttgart,DE,Standard,2024-04-25,True
C01741,Tim,Becker,customer1741@example.com,Linz,AT,Standard,2023-03-27,True
C01742,Lisa,Schneider,customer1742@example.com,München,DE,Budget,2023-09-07,True
C01743,Leon,Schröder,customer1743@example.com,Berlin,DE,Standard,2023-02-13,True
C01744,Julia,Bauer,customer1744@example.com,Genf,CH,Budget,2023-10-13,True
C01745,Elena,Koch,customer1745@example.com,Basel,CH,Standard,2024-10-25,True
C01746,Mia,Becker,customer1746@example.com,Leipzig,DE,Standard,2024-03-23,True
C01747,Laura,Richter,customer1747@example.com,München,DE,Standard,2023-02-12,True
C01748,Anna,Bauer,customer1748@example.com,Graz,AT,Standard,2024-06-10,True
C01749,Lukas,Wolf,customer1749@example.com,Hamburg,DE,Budget,2023-11-21,True
C01750,Clara,Schäfer,customer1750@example.com,Lausanne,CH,Standard,2023-11-30,True
C01751,Felix,Wolf,customer1751@example.com,Lausanne,CH,Premium,2023-10-31,True
C01752,Clara,Müller,customer1752@example.com,Basel,CH,Premium,2023-08-23,True
C01753,Niklas,Wagner,customer1753@example.com,Dresden,DE,Standard,2023-02-16,False
C01754,Leon,Hoffmann,customer1754@example.com,Stuttgart,DE,Standard,2023-05-24,True
C01755,Mia,Richter,customer1755@example.com,Nürnberg,DE,Standard,2023-08-10,True
C01756,Lukas,Schneider,customer1756@example.com,Genf,CH,Standard,2024-09-09,True
C01757,Marie,Schröder,customer1757@example.com,Innsbruck,AT,Premium,2023-06-09,True
C01758,Jan,Bauer,customer1758@example.com,Zürich,CH,Standard,2024-05-27,True
C01759,Sarah,Becker,customer1759@example.com,Zürich,CH,Budget,2024-01-09,True
C01760,Lisa,Richter,customer1760@example.com,Köln,DE,Standard,2023-02-03,False
C01761,Julia,Müller,customer1761@example.com,Graz,AT,Standard,2023-03-19,False
C01762,Felix,Schröder,customer1762@example.com,Linz,AT,Standard,2024-02-24,False
C01763,Lisa,Becker,customer1763@example.com,Lausanne,CH,Budget,2023-03-11,True
C01764,Paul,Meyer,customer1764@example.com,Salzburg,AT,Budget,2023-07-22,True
C01765,Elena,Meyer,customer1765@example.com,Bern,CH,Standard,2023-11-28,True
C01766,Paul,Becker,customer1766@example.com,Düsseldorf,DE,Budget,2024-05-17,False
C01767,Anna,Fischer,customer1767@example.com,Basel,CH,Standard,2024-10-14,True
C01768,Leon,Schäfer,customer1768@example.com,Frankfurt,DE,Standard,2024-02-06,True
C01769,Moritz,Richter,customer1769@example.com,Genf,CH,Premium,2023-02-06,True
C01770,Sarah,Becker,customer1770@example.com,Bremen,DE,Standard,2024-04-06,False
C01771,Felix,Becker,customer1771@example.com,Graz,AT,Budget,2024-08-28,True
C01772,Niklas,Becker,customer1772@example.com,Hannover,DE,Standard,2024-06-09,True
C01773,Paul,Bauer,customer1773@example.com,Zürich,CH,Standard,2024-05-25,False
C01774,Tim,Wolf,customer1774@example.com,Hannover,DE,Standard,2023-09-07,True
C01775,Moritz,Richter,customer1775@example.com,Wien,AT,Standard,2023-11-30,False
C01776,Julia,Meyer,customer1776@example.com,Linz,AT,Premium,2023-01-16,True
C01777,Sophie,Schmidt,customer1777@example.com,Frankfurt,DE,Standard,2023-11-16,True
C01778,Mia,Hoffmann,customer1778@example.com,Bremen,DE,Standard,2023-08-19,False
C01779,Niklas,Bauer,customer1779@example.com,Berlin,DE,Standard,2024-08-21,True
C01780,Emma,Schröder,customer1780@example.com,Frankfurt,DE,Standard,2024-08-18,True
C01781,Jonas,Meyer,customer1781@example.com,Leipzig,DE,Budget,2023-05-20,True
C01782,Sarah,Meyer,customer1782@example.com,Leipzig,DE,Standard,2024-03-15,False
C01783,Julia,Neumann,customer1783@example.com,Innsbruck,AT,Budget,2024-12-29,True
C01784,Lisa,Meyer,customer1784@example.com,Köln,DE,Budget,2023-01-25,False
C01785,Simon,Koch,customer1785@example.com,Graz,AT,Standard,2024-10-07,True
C01786,Marie,Braun,customer1786@example.com,München,DE,Standard,2024-07-28,False
C01787,Max,Schmidt,customer1787@example.com,Leipzig,DE,Budget,2024-09-07,True
C01788,Clara,Becker,customer1788@example.com,Hamburg,DE,Standard,2024-03-05,True
C01789,Paul,Müller,customer1789@example.com,Köln,DE,Standard,2023-12-17,True
C01790,Marie,Weber,customer1790@example.com,München,DE,Budget,2023-09-20,False
C01791,Emma,Schäfer,customer1791@example.com,Lausanne,CH,Budget,2024-10-06,True
C01792,Niklas,Neumann,customer1792@example.com,Dresden,DE,Standard,2024-09-10,True
C01793,Tim,Neumann,customer1793@example.com,Stuttgart,DE,Standard,2023-05-30,True
C01794,Max,Hoffmann,customer1794@example.com,Lausanne,CH,Standard,2024-06-15,True
C01795,Laura,Richter,customer1795@example.com,Wien,AT,Budget,2024-10-08,True
C01796,Tim,Bauer,customer1796@example.com,Salzburg,AT,Standard,2024-08-08,True
C01797,Emma,Neumann,customer1797@example.com,Bremen,DE,Standard,2024-08-30,True
C01798,Julia,Richter,customer1798@example.com,Frankfurt,DE,Budget,2023-11-15,True
C01799,Julia,Neumann,customer1799@example.com,Köln,DE,Standard,2024-08-13,True
C01800,Moritz,Hoffmann,customer1800@example.com,Innsbruck,AT,Standard,2024-05-10,True
C01801,Moritz,Müller,customer1801@example.com,Stuttgart,DE,Budget,2024-12-18,False
C01802,Marie,Müller,customer1802@example.com,Stuttgart,DE,Standard,2024-11-29,True
C01803,Jan,Fischer,customer1803@example.com,Nürnberg,DE,Standard,2023-02-20,True
C01804,Elena,Meyer,customer1804@example.com,München,DE,Standard,2023-07-15,True
C01805,Mia,Hoffmann,customer1805@example.com,Düsseldorf,DE,Premium,2023-06-27,True
C01806,Clara,Neumann,customer1806@example.com,Zürich,CH,Budget,2024-04-08,True
C01807,Niklas,Braun,customer1807@example.com,Berlin,DE,Standard,2023-09-21,True
C01808,Niklas,Fischer,customer1808@example.com,Hamburg,DE,Budget,2023-01-26,True
C01809,Tim,Braun,customer1809@example.com,Salzburg,AT,Budget,2024-11-25,True
C01810,Niklas,Braun,customer1810@example.com,Linz,AT,Budget,2023-03-22,True
C01811,Lukas,Wagner,customer1811@example.com,Graz,AT,Budget,2024-08-21,True
C01812,Laura,Wagner,customer1812@example.com,Salzburg,AT,Budget,2023-01-16,True
C01813,Anna,Neumann,customer1813@example.com,Bremen,DE,Budget,2024-03-22,True
C01814,Elena,Wagner,customer1814@example.com,Lausanne,CH,Budget,2024-01-06,True
C01815,Max,Richter,customer1815@example.com,Linz,AT,Standard,2023-09-12,True
C01816,Max,Wolf,customer1816@example.com,Zürich,CH,Standard,2023-08-15,True
C01817,Leon,Braun,customer1817@example.com,Wien,AT,Premium,2023-04-28,True
C01818,Niklas,Fischer,customer1818@example.com,Leipzig,DE,Budget,2024-09-14,True
C01819,Lena,Meyer,customer1819@example.com,Hamburg,DE,Standard,2023-06-16,True
C01820,Marie,Weber,customer1820@example.com,Wien,AT,Standard,2024-07-30,True
C01821,Julia,Wagner,customer1821@example.com,Zürich,CH,Standard,2023-04-03,False
C01822,Julia,Becker,customer1822@example.com,Salzburg,AT,Standard,2023-03-03,True
C01823,Paul,Müller,customer1823@example.com,Innsbruck,AT,Budget,2024-11-09,True
C01824,Elena,Neumann,customer1824@example.com,Salzburg,AT,Standard,2024-03-18,True
C01825,Lena,Klein,customer1825@example.com,Graz,AT,Standard,2023-11-04,True
C01826,Emma,Becker,customer1826@example.com,Zürich,CH,Standard,2023-10-31,True
C01827,Niklas,Meyer,customer1827@example.com,Köln,DE,Standard,2024-01-05,True
C01828,Anna,Schmidt,customer1828@example.com,Dresden,DE,Budget,2023-08-17,True
C01829,Mia,Müller,customer1829@example.com,München,DE,Standard,2024-07-07,True
C01830,Leon,Neumann,customer1830@example.com,Nürnberg,DE,Standard,2024-07-12,True
C01831,Sarah,Klein,customer1831@example.com,Stuttgart,DE,Standard,2024-02-06,True
C01832,Tim,Becker,customer1832@example.com,Nürnberg,DE,Standard,2024-04-09,True
C01833,Tim,Neumann,customer1833@example.com,Düsseldorf,DE,Standard,2023-01-24,True
C01834,Lisa,Becker,customer1834@example.com,Linz,AT,Premium,2023-11-03,False
C01835,Jonas,Neumann,customer1835@example.com,Dresden,DE,Standard,2024-02-19,True
C01836,Leon,Hoffmann,customer1836@example.com,Bern,CH,Budget,2024-06-08,True
C01837,Lena,Meyer,customer1837@example.com,Linz,AT,Premium,2024-11-22,True
C01838,Lukas,Klein,customer1838@example.com,Basel,CH,Standard,2023-06-25,True
C01839,Elena,Schröder,customer1839@example.com,Düsseldorf,DE,Standard,2024-02-02,True
C01840,Lukas,Schneider,customer1840@example.com,Graz,AT,Standard,2024-01-05,True
C01841,Lukas,Koch,customer1841@example.com,Dresden,DE,Standard,2024-02-01,True
C01842,Clara,Richter,customer1842@example.com,Bern,CH,Standard,2023-06-17,True
C01843,Paul,Fischer,customer1843@example.com,Frankfurt,DE,Budget,2024-06-28,True
C01844,Marie,Bauer,customer1844@example.com,Bremen,DE,Standard,2023-01-11,True
C01845,Mia,Schröder,customer1845@example.com,Hamburg,DE,Premium,2023-01-03,True
C01846,Mia,Koch,customer1846@example.com,Leipzig,DE,Standard,2023-05-14,True
C01847,Clara,Schneider,customer1847@example.com,Bremen,DE,Standard,2023-01-13,True
C01848,Sarah,Weber,customer1848@example.com,Graz,AT,Standard,2024-10-19,True
C01849,Simon,Wolf,customer1849@example.com,Leipzig,DE,Standard,2024-09-27,True
C01850,Mia,Meyer,customer1850@example.com,Bern,CH,Standard,2023-03-31,True
C01851,Simon,Wolf,customer1851@example.com,Stuttgart,DE,Standard,2024-01-07,True
C01852,Jan,Koch,customer1852@example.com,Salzburg,AT,Standard,2023-05-08,True
C01853,Laura,Weber,customer1853@example.com,Graz,AT,Budget,2023-02-19,True
C01854,Jonas,Fischer,customer1854@example.com,Graz,AT,Standard,2024-07-21,True
C01855,Sophie,Meyer,customer1855@example.com,Linz,AT,Budget,2023-12-15,True
C01856,Jonas,Fischer,customer1856@example.com,Salzburg,AT,Standard,2023-01-10,True
C01857,Sophie,Braun,customer1857@example.com,Nürnberg,DE,Standard,2023-09-12,True
C01858,Lisa,Wolf,customer1858@example.com,Zürich,CH,Standard,2023-10-04,True
C01859,Lisa,Bauer,customer1859@example.com,Stuttgart,DE,Premium,2023-03-08,True
C01860,Laura,Weber,customer1860@example.com,Genf,CH,Standard,2023-01-27,True
C01861,Clara,Neumann,customer1861@example.com,München,DE,Standard,2024-01-31,True
C01862,Tim,Müller,customer1862@example.com,Köln,DE,Standard,2023-10-21,True
C01863,Elena,Neumann,customer1863@example.com,Genf,CH,Budget,2023-08-23,True
C01864,Clara,Schröder,customer1864@example.com,Basel,CH,Standard,2024-10-19,True
C01865,Lisa,Meyer,customer1865@example.com,Lausanne,CH,Budget,2024-08-15,True
C01866,David,Wolf,customer1866@example.com,Stuttgart,DE,Budget,2023-07-26,True
C01867,Niklas,Meyer,customer1867@example.com,Köln,DE,Standard,2023-08-09,True
C01868,Jonas,Schneider,customer1868@example.com,Frankfurt,DE,Premium,2024-07-21,True
C01869,Niklas,Schröder,customer1869@example.com,Frankfurt,DE,Standard,2023-05-09,True
C01870,Max,Hoffmann,customer1870@example.com,Leipzig,DE,Budget,2024-07-20,True
C01871,Marie,Braun,customer1871@example.com,Leipzig,DE,Standard,2024-12-23,True
C01872,Lisa,Wagner,customer1872@example.com,Nürnberg,DE,Standard,2023-04-06,False
C01873,Laura,Wolf,customer1873@example.com,Wien,AT,Standard,2023-07-23,True
C01874,Paul,Fischer,customer1874@example.com,Graz,AT,Premium,2023-07-29,True
C01875,Felix,Müller,customer1875@example.com,Dresden,DE,Standard,2024-05-17,False
C01876,Lisa,Schneider,customer1876@example.com,Düsseldorf,DE,Standard,2024-12-12,True
C01877,Leon,Wagner,customer1877@example.com,Genf,CH,Premium,2023-06-30,False
C01878,Elena,Schröder,customer1878@example.com,Innsbruck,AT,Standard,2024-05-30,True
C01879,Moritz,Schäfer,customer1879@example.com,Hamburg,DE,Premium,2024-12-03,False
C01880,Simon,Meyer,customer1880@example.com,Innsbruck,AT,Premium,2023-11-05,True
C01881,Lena,Wagner,customer1881@example.com,Basel,CH,Standard,2024-07-14,False
C01882,Marie,Meyer,customer1882@example.com,Hamburg,DE,Standard,2023-01-16,True
C01883,Moritz,Richter,customer1883@example.com,Düsseldorf,DE,Budget,2024-04-26,True
C01884,Lisa,Schmidt,customer1884@example.com,Genf,CH,Standard,2024-10-29,True
C01885,Tim,Neumann,customer1885@example.com,Hannover,DE,Standard,2023-02-26,True
C01886,Clara,Schröder,customer1886@example.com,Basel,CH,Standard,2023-10-31,True
C01887,Mia,Richter,customer1887@example.com,Graz,AT,Premium,2023-10-06,True
C01888,Sarah,Fischer,customer1888@example.com,Zürich,CH,Budget,2023-06-30,True
C01889,Elena,Schäfer,customer1889@example.com,Salzburg,AT,Standard,2023-04-01,True
C01890,Emma,Schäfer,customer1890@example.com,Innsbruck,AT,Standard,2023-10-16,True
C01891,Sophie,Neumann,customer1891@example.com,Frankfurt,DE,Budget,2023-11-20,True
C01892,Paul,Schröder,customer1892@example.com,Frankfurt,DE,Standard,2023-11-21,True
C01893,Marie,Koch,customer1893@example.com,Berlin,DE,Budget,2024-05-17,True
C01894,Jonas,Braun,customer1894@example.com,Bern,CH,Premium,2023-03-06,True
C01895,Paul,Schröder,customer1895@example.com,Nürnberg,DE,Budget,2023-11-25,True
C01896,Mia,Schröder,customer1896@example.com,Innsbruck,AT,Standard,2023-07-18,True
C01897,Leon,Richter,customer1897@example.com,Basel,CH,Standard,2023-08-27,True
C01898,Felix,Meyer,customer1898@example.com,Köln,DE,Standard,2024-03-08,True
C01899,Leon,Braun,customer1899@example.com,Genf,CH,Budget,2024-11-10,True
C01900,Sarah,Meyer,customer1900@example.com,Innsbruck,AT,Standard,2023-06-14,False
C01901,Lukas,Weber,customer1901@example.com,Berlin,DE,Premium,2024-09-05,True
C01902,Moritz,Neumann,customer1902@example.com,Salzburg,AT,Standard,2023-03-23,True
C01903,Clara,Schäfer,customer1903@example.com,Salzburg,AT,Standard,2024-04-09,True
C01904,Paul,Bauer,customer1904@example.com,Lausanne,CH,Budget,2023-02-22,True
C01905,Mia,Richter,customer1905@example.com,München,DE,Standard,2023-02-27,True
C01906,Tim,Hoffmann,customer1906@example.com,Berlin,DE,Standard,2024-01-06,True
C01907,Jan,Fischer,customer1907@example.com,Salzburg,AT,Standard,2024-08-01,True
C01908,Emma,Weber,customer1908@example.com,Bremen,DE,Premium,2023-09-11,False
C01909,David,Müller,customer1909@example.com,Nürnberg,DE,Budget,2024-06-14,True
C01910,Max,Schäfer,customer1910@example.com,München,DE,Standard,2024-05-31,True
C01911,David,Becker,customer1911@example.com,Zürich,CH,Standard,2023-12-07,True
C01912,Max,Fischer,customer1912@example.com,Bremen,DE,Standard,2024-04-18,True
C01913,Simon,Schmidt,customer1913@example.com,Zürich,CH,Standard,2024-06-06,True
C01914,Lena,Braun,customer1914@example.com,Lausanne,CH,Standard,2024-10-23,True
C01915,Niklas,Schröder,customer1915@example.com,Hamburg,DE,Standard,2023-07-05,True
C01916,Clara,Fischer,customer1916@example.com,Genf,CH,Standard,2024-06-13,True
C01917,Laura,Meyer,customer1917@example.com,Nürnberg,DE,Budget,2024-07-31,True
C01918,Sarah,Schäfer,customer1918@example.com,Wien,AT,Standard,2024-12-27,True
C01919,Felix,Schmidt,customer1919@example.com,Dresden,DE,Standard,2023-07-15,True
C01920,Mia,Wagner,customer1920@example.com,Linz,AT,Budget,2024-07-16,True
C01921,Tim,Müller,customer1921@example.com,Genf,CH,Budget,2024-01-10,True
C01922,Elena,Wagner,customer1922@example.com,Stuttgart,DE,Standard,2024-09-24,True
C01923,Paul,Weber,customer1923@example.com,Bern,CH,Standard,2024-11-18,True
C01924,Clara,Neumann,customer1924@example.com,Graz,AT,Premium,2024-11-18,True
C01925,Leon,Schmidt,customer1925@example.com,Bern,CH,Premium,2023-03-05,True
C01926,Leon,Schneider,customer1926@example.com,Nürnberg,DE,Budget,2024-08-01,True
C01927,Lukas,Neumann,customer1927@example.com,Leipzig,DE,Standard,2023-06-27,False
C01928,Niklas,Schneider,customer1928@example.com,Stuttgart,DE,Standard,2023-07-13,True
C01929,Laura,Bauer,customer1929@example.com,Genf,CH,Standard,2023-12-19,True
C01930,David,Schäfer,customer1930@example.com,Genf,CH,Budget,2023-10-07,True
C01931,Niklas,Hoffmann,customer1931@example.com,Hamburg,DE,Standard,2024-06-01,True
C01932,Clara,Neumann,customer1932@example.com,Dresden,DE,Budget,2024-12-28,False
C01933,Jan,Meyer,customer1933@example.com,Berlin,DE,Standard,2024-04-14,True
C01934,Sophie,Schmidt,customer1934@example.com,Lausanne,CH,Budget,2023-01-21,False
C01935,Emma,Richter,customer1935@example.com,Düsseldorf,DE,Premium,2024-02-08,True
C01936,Lukas,Braun,customer1936@example.com,Basel,CH,Standard,2023-01-13,True
C01937,Elena,Neumann,customer1937@example.com,Berlin,DE,Premium,2024-08-24,True
C01938,Sarah,Schneider,customer1938@example.com,Linz,AT,Budget,2023-11-02,True
C01939,Max,Wagner,customer1939@example.com,Bern,CH,Standard,2024-05-09,True
C01940,Clara,Schröder,customer1940@example.com,Hannover,DE,Premium,2023-05-22,True
C01941,Sarah,Braun,customer1941@example.com,Nürnberg,DE,Standard,2024-10-25,True
C01942,Paul,Braun,customer1942@example.com,Leipzig,DE,Standard,2024-11-28,True
C01943,Sophie,Koch,customer1943@example.com,Frankfurt,DE,Budget,2023-11-23,True
C01944,Lisa,Weber,customer1944@example.com,Nürnberg,DE,Standard,2023-02-19,True
C01945,Marie,Schröder,customer1945@example.com,Leipzig,DE,Premium,2024-06-21,True
C01946,Julia,Weber,customer1946@example.com,Hamburg,DE,Budget,2024-07-28,True
C01947,Jonas,Schneider,customer1947@example.com,Hannover,DE,Standard,2024-04-29,False
C01948,Julia,Schröder,customer1948@example.com,Frankfurt,DE,Standard,2023-07-23,True
C01949,Paul,Hoffmann,customer1949@example.com,Graz,AT,Budget,2024-05-25,True
C01950,Lukas,Bauer,customer1950@example.com,Frankfurt,DE,Standard,2024-10-03,True
C01951,Max,Neumann,customer1951@example.com,Bern,CH,Standard,2024-04-02,True
C01952,Simon,Hoffmann,customer1952@example.com,Dresden,DE,Budget,2023-02-28,True
C01953,Tim,Becker,customer1953@example.com,München,DE,Standard,2023-11-27,True
C01954,Laura,Braun,customer1954@example.com,Basel,CH,Budget,2023-12-21,True
C01955,Jan,Wagner,customer1955@example.com,Genf,CH,Standard,2024-09-23,True
C01956,Niklas,Fischer,customer1956@example.com,Düsseldorf,DE,Standard,2024-09-27,True
C01957,Emma,Hoffmann,customer1957@example.com,Basel,CH,Premium,2023-04-19,True
C01958,Jonas,Richter,customer1958@example.com,Berlin,DE,Standard,2023-09-30,False
C01959,Mia,Meyer,customer1959@example.com,Dresden,DE,Budget,2024-06-25,True
C01960,Lukas,Fischer,customer1960@example.com,Köln,DE,Standard,2023-03-04,True
C01961,Sarah,Fischer,customer1961@example.com,Frankfurt,DE,Standard,2024-09-17,True
C01962,Paul,Fischer,customer1962@example.com,Düsseldorf,DE,Premium,2023-08-22,True
C01963,Laura,Schäfer,customer1963@example.com,Graz,AT,Budget,2024-12-22,True
C01964,Sophie,Schäfer,customer1964@example.com,Hamburg,DE,Standard,2023-03-31,True
C01965,Lisa,Wolf,customer1965@example.com,Nürnberg,DE,Standard,2023-09-03,True
C01966,Julia,Schröder,customer1966@example.com,Zürich,CH,Standard,2024-03-17,False
C01967,Max,Weber,customer1967@example.com,Linz,AT,Budget,2023-04-13,True
C01968,Max,Schröder,customer1968@example.com,Graz,AT,Standard,2023-09-26,True
C01969,David,Klein,customer1969@example.com,Salzburg,AT,Standard,2023-02-20,True
C01970,Max,Neumann,customer1970@example.com,Bremen,DE,Premium,2023-11-12,True
C01971,Jonas,Bauer,customer1971@example.com,Zürich,CH,Standard,2023-03-12,True
C01972,Sarah,Schmidt,customer1972@example.com,Stuttgart,DE,Standard,2023-05-29,True
C01973,Max,Hoffmann,customer1973@example.com,Stuttgart,DE,Standard,2024-05-19,True
C01974,Leon,Klein,customer1974@example.com,Düsseldorf,DE,Standard,2024-05-03,False
C01975,Tim,Braun,customer1975@example.com,Wien,AT,Budget,2023-10-23,True
C01976,Paul,Koch,customer1976@example.com,Lausanne,CH,Budget,2024-12-06,True
C01977,Anna,Meyer,customer1977@example.com,Innsbruck,AT,Standard,2023-04-14,True
C01978,Lisa,Richter,customer1978@example.com,Leipzig,DE,Budget,2024-11-21,True
C01979,Lisa,Bauer,customer1979@example.com,Salzburg,AT,Premium,2023-03-28,True
C01980,Mia,Schröder,customer1980@example.com,Zürich,CH,Budget,2023-03-21,True
C01981,Sophie,Hoffmann,customer1981@example.com,Dresden,DE,Standard,2023-03-18,True
C01982,Marie,Schneider,customer1982@example.com,Genf,CH,Budget,2023-05-02,False
C01983,Elena,Neumann,customer1983@example.com,Salzburg,AT,Premium,2024-08-18,True
C01984,Clara,Bauer,customer1984@example.com,München,DE,Standard,2023-03-19,False
C01985,Paul,Neumann,customer1985@example.com,Zürich,CH,Standard,2023-10-31,True
C01986,Anna,Wolf,customer1986@example.com,Hamburg,DE,Standard,2024-06-11,True
C01987,Max,Müller,customer1987@example.com,Frankfurt,DE,Budget,2024-09-11,True
C01988,Paul,Schröder,customer1988@example.com,Linz,AT,Budget,2024-12-30,True
C01989,Mia,Richter,customer1989@example.com,Innsbruck,AT,Standard,2023-10-07,True
C01990,Clara,Schmidt,customer1990@example.com,Genf,CH,Standard,2023-03-09,True
C01991,Jan,Wolf,customer1991@example.com,Linz,AT,Standard,2023-04-04,True
C01992,Lena,Weber,customer1992@example.com,Basel,CH,Budget,2024-08-09,True
C01993,Lena,Schmidt,customer1993@example.com,Zürich,CH,Premium,2024-10-07,True
C01994,Emma,Wagner,customer1994@example.com,Genf,CH,Standard,2024-05-07,True
C01995,Lena,Koch,customer1995@example.com,Zürich,CH,Budget,2023-03-16,True
C01996,Felix,Schmidt,customer1996@example.com,Dresden,DE,Standard,2024-11-07,True
C01997,Clara,Wagner,customer1997@example.com,Bern,CH,Budget,2024-02-27,True
C01998,David,Klein,customer1998@example.com,Hamburg,DE,Standard,2024-02-20,True
C01999,Lukas,Neumann,customer1999@example.com,Düsseldorf,DE,Standard,2023-05-01,True
C02000,Elena,Braun,customer2000@example.com,Innsbruck,AT,Standard,2023-01-14,True
