customer_id,first_name,last_name,email,city,country,segment,registration_date,is_active,customer_key,effective_from,effective_to,is_current,full_name,region
C00001,David,Koch,customer1@example.com,Düsseldorf,DE,Budget,2024-03-11,True,1,2024-03-11,9999-12-31,True,David Koch,Deutschland
C00002,Tim,Koch,customer2@example.com,Bern,CH,Budget,2023-08-03,True,2,2023-08-03,9999-12-31,True,Tim Koch,Schweiz
C00003,Niklas,Schmidt,customer3@example.com,Hamburg,DE,Budget,2024-10-23,True,3,2024-10-23,9999-12-31,True,Niklas Schmidt,Deutschland
C00004,Niklas,Müller,customer4@example.com,München,DE,Standard,2023-07-11,True,4,2023-07-11,9999-12-31,True,Niklas Müller,Deutschland
C00005,Lena,Schröder,customer5@example.com,Bremen,DE,Standard,2024-07-14,False,5,2024-07-14,9999-12-31,True,Lena Schröder,Deutschland
C00006,Mia,Schneider,customer6@example.com,Bern,CH,Budget,2024-07-20,True,6,2024-07-20,9999-12-31,True,Mia Schneider,Schweiz
C00007,Emma,Fischer,customer7@example.com,Dresden,DE,Budget,2023-06-16,True,7,2023-06-16,9999-12-31,True,Emma Fischer,Deutschland
C00008,Niklas,Schmidt,customer8@example.com,Dresden,DE,Standard,2023-12-12,True,8,2023-12-12,9999-12-31,True,Niklas Schmidt,Deutschland
C00009,Laura,Wolf,customer9@example.com,Düsseldorf,DE,Standard,2024-03-03,True,9,2024-03-03,9999-12-31,True,Laura Wolf,Deutschland
C00010,Anna,Meyer,customer10@example.com,Zürich,CH,Standard,2024-01-23,True,10,2024-01-23,9999-12-31,True,Anna Meyer,Schweiz
C00011,Julia,Schmidt,customer11@example.com,Zürich,CH,Standard,2024-12-30,True,11,2024-12-30,9999-12-31,True,Julia Schmidt,Schweiz
C00012,Laura,Klein,customer12@example.com,Salzburg,AT,Standard,2023-09-28,False,12,2023-09-28,9999-12-31,True,Laura Klein,Österreich
C00013,Lisa,Richter,customer13@example.com,Leipzig,DE,Standard,2024-12-25,True,13,2024-12-25,9999-12-31,True,Lisa Richter,Deutschland
C00014,David,Richter,customer14@example.com,Wien,AT,Premium,2023-02-10,True,14,2023-02-10,9999-12-31,True,David Richter,Österreich
C00015,Elena,Koch,customer15@example.com,Berlin,DE,Standard,2024-10-09,True,15,2024-10-09,9999-12-31,True,Elena Koch,Deutschland
C00016,Leon,Schäfer,customer16@example.com,Hamburg,DE,Standard,2023-10-16,True,16,2023-10-16,9999-12-31,True,Leon Schäfer,Deutschland
C00017,Laura,Bauer,customer17@example.com,Düsseldorf,DE,Standard,2023-07-20,False,17,2023-07-20,9999-12-31,True,Laura Bauer,Deutschland
C00018,Julia,Becker,customer18@example.com,Köln,DE,Standard,2023-04-09,True,18,2023-04-09,9999-12-31,True,Julia Becker,Deutschland
C00019,David,Klein,customer19@example.com,Hamburg,DE,Budget,2024-09-04,True,19,2024-09-04,9999-12-31,True,David Klein,Deutschland
C00020,David,Wolf,customer20@example.com,Graz,AT,Premium,2024-01-28,True,20,2024-01-28,9999-12-31,True,David Wolf,Österreich
C00021,Felix,Neumann,customer21@example.com,Bern,CH,Standard,2024-07-28,True,21,2024-07-28,9999-12-31,True,Felix Neumann,Schweiz
C00022,Felix,Richter,customer22@example.com,Köln,DE,Standard,2024-02-11,True,22,2024-02-11,9999-12-31,True,Felix Richter,Deutschland
C00023,Felix,Schmidt,customer23@example.com,Wien,AT,Standard,2023-06-09,True,23,2023-06-09,9999-12-31,True,Felix Schmidt,Österreich
C00024,Julia,Bauer,customer24@example.com,Genf,CH,Standard,2024-10-07,True,24,2024-10-07,9999-12-31,True,Julia Bauer,Schweiz
C00025,Max,Müller,customer25@example.com,Düsseldorf,DE,Standard,2023-07-09,True,25,2023-07-09,9999-12-31,True,Max Müller,Deutschland
C00026,Felix,Meyer,customer26@example.com,Basel,CH,Standard,2023-09-16,True,26,2023-09-16,9999-12-31,True,Felix Meyer,Schweiz
C00027,Jan,Schäfer,customer27@example.com,Köln,DE,Standard,2023-08-13,True,27,2023-08-13,9999-12-31,True,Jan Schäfer,Deutschland
C00028,Elena,Hoffmann,customer28@example.com,Lausanne,CH,Standard,2024-11-02,False,28,2024-11-02,9999-12-31,True,Elena Hoffmann,Schweiz
C00029,Felix,Schmidt,customer29@example.com,Basel,CH,Budget,2023-09-25,True,29,2023-09-25,9999-12-31,True,Felix Schmidt,Schweiz
C00030,Moritz,Schmidt,customer30@example.com,Innsbruck,AT,Standard,2024-11-29,False,30,2024-11-29,9999-12-31,True,Moritz Schmidt,Österreich
C00031,Max,Schmidt,customer31@example.com,Köln,DE,Standard,2023-08-13,True,31,2023-08-13,9999-12-31,True,Max Schmidt,Deutschland
C00032,Simon,Fischer,customer32@example.com,Stuttgart,DE,Premium,2024-02-20,True,32,2024-02-20,9999-12-31,True,Simon Fischer,Deutschland
C00033,Elena,Weber,customer33@example.com,Innsbruck,AT,Standard,2023-10-21,True,33,2023-10-21,9999-12-31,True,Elena Weber,Österreich
C00034,Lisa,Schröder,customer34@example.com,Hannover,DE,Budget,2024-05-25,True,34,2024-05-25,9999-12-31,True,Lisa Schröder,Deutschland
C00035,Lukas,Fischer,customer35@example.com,Stuttgart,DE,Premium,2024-04-08,True,35,2024-04-08,9999-12-31,True,Lukas Fischer,Deutschland
C00036,Felix,Hoffmann,customer36@example.com,Bern,CH,Standard,2023-05-28,True,36,2023-05-28,9999-12-31,True,Felix Hoffmann,Schweiz
C00037,Tim,Braun,customer37@example.com,Zürich,CH,Budget,2024-10-02,True,37,2024-10-02,9999-12-31,True,Tim Braun,Schweiz
C00038,Lisa,Schröder,customer38@example.com,Hamburg,DE,Standard,2023-09-20,True,38,2023-09-20,9999-12-31,True,Lisa Schröder,Deutschland
C00039,Julia,Weber,customer39@example.com,München,DE,Budget,2023-10-31,True,39,2023-10-31,9999-12-31,True,Julia Weber,Deutschland
C00040,Lukas,Schröder,customer40@example.com,Dresden,DE,Budget,2023-08-21,True,40,2023-08-21,9999-12-31,True,Lukas Schröder,Deutschland
C00041,Max,Koch,customer41@example.com,Lausanne,CH,Budget,2023-04-30,True,41,2023-04-30,9999-12-31,True,Max Koch,Schweiz
C00042,Lukas,Schröder,customer42@example.com,Leipzig,DE,Premium,2023-09-11,True,42,2023-09-11,9999-12-31,True,Lukas Schröder,Deutschland
C00043,Anna,Schneider,customer43@example.com,Zürich,CH,Standard,2023-12-04,True,43,2023-12-04,9999-12-31,True,Anna Schneider,Schweiz
C00044,Max,Klein,customer44@example.com,Berlin,DE,Standard,2024-08-02,True,44,2024-08-02,9999-12-31,True,Max Klein,Deutschland
C00045,Lukas,Neumann,customer45@example.com,Leipzig,DE,Standard,2023-05-15,True,45,2023-05-15,9999-12-31,True,Lukas Neumann,Deutschland
C00046,Simon,Klein,customer46@example.com,Bern,CH,Standard,2024-04-14,True,46,2024-04-14,9999-12-31,True,Simon Klein,Schweiz
C00047,Laura,Schmidt,customer47@example.com,Bern,CH,Standard,2024-03-13,True,47,2024-03-13,9999-12-31,True,Laura Schmidt,Schweiz
C00048,Leon,Schröder,customer48@example.com,Linz,AT,Standard,2024-04-25,False,48,2024-04-25,9999-12-31,True,Leon Schröder,Österreich
C00049,Moritz,Bauer,customer49@example.com,Innsbruck,AT,Budget,2024-05-26,True,49,2024-05-26,9999-12-31,True,Moritz Bauer,Österreich
C00050,Lukas,Hoffmann,customer50@example.com,Genf,CH,Budget,2024-06-01,True,50,2024-06-01,9999-12-31,True,Lukas Hoffmann,Schweiz
C00051,Lukas,Müller,customer51@example.com,Graz,AT,Premium,2023-06-30,True,51,2023-06-30,9999-12-31,True,Lukas Müller,Österreich
C00052,Lukas,Braun,customer52@example.com,Berlin,DE,Standard,2023-09-13,True,52,2023-09-13,9999-12-31,True,Lukas Braun,Deutschland
C00053,Elena,Braun,customer53@example.com,Hamburg,DE,Standard,2024-11-16,True,53,2024-11-16,9999-12-31,True,Elena Braun,Deutschland
C00054,Lena,Schmidt,customer54@example.com,München,DE,Standard,2024-09-30,True,54,2024-09-30,9999-12-31,True,Lena Schmidt,Deutschland
C00055,Lisa,Wagner,customer55@example.com,Dresden,DE,Standard,2023-09-03,True,55,2023-09-03,9999-12-31,True,Lisa Wagner,Deutschland
C00056,Paul,Wagner,customer56@example.com,Hamburg,DE,Standard,2024-02-12,True,56,2024-02-12,9999-12-31,True,Paul Wagner,Deutschland
C00057,Sarah,Schröder,customer57@example.com,Berlin,DE,Premium,2024-05-26,True,57,2024-05-26,9999-12-31,True,Sarah Schröder,Deutschland
C00058,Anna,Schmidt,customer58@example.com,Linz,AT,Standard,2023-04-02,True,58,2023-04-02,9999-12-31,True,Anna Schmidt,Österreich
C00059,Clara,Neumann,customer59@example.com,Bern,CH,Premium,2024-10-26,True,59,2024-10-26,9999-12-31,True,Clara Neumann,Schweiz
C00060,Leon,Müller,customer60@example.com,Lausanne,CH,Budget,2024-03-19,True,60,2024-03-19,9999-12-31,True,Leon Müller,Schweiz
C00061,Felix,Fischer,customer61@example.com,Bremen,DE,Budget,2023-01-05,True,61,2023-01-05,9999-12-31,True,Felix Fischer,Deutschland
C00062,Paul,Braun,customer62@example.com,Linz,AT,Standard,2024-10-17,True,62,2024-10-17,9999-12-31,True,Paul Braun,Österreich
C00063,Jan,Weber,customer63@example.com,Innsbruck,AT,Standard,2023-04-30,False,63,2023-04-30,9999-12-31,True,Jan Weber,Österreich
C00064,Max,Wolf,customer64@example.com,Dresden,DE,Standard,2024-10-02,True,64,2024-10-02,9999-12-31,True,Max Wolf,Deutschland
C00065,Laura,Richter,customer65@example.com,Salzburg,AT,Standard,2024-08-23,True,65,2024-08-23,9999-12-31,True,Laura Richter,Österreich
C00066,Leon,Schneider,customer66@example.com,Düsseldorf,DE,Standard,2024-12-04,True,66,2024-12-04,9999-12-31,True,Leon Schneider,Deutschland
C00067,Sarah,Weber,customer67@example.com,Köln,DE,Premium,2023-03-27,True,67,2023-03-27,9999-12-31,True,Sarah Weber,Deutschland
C00068,Julia,Schröder,customer68@example.com,Basel,CH,Premium,2024-03-28,True,68,2024-03-28,9999-12-31,True,Julia Schröder,Schweiz
C00069,Max,Weber,customer69@example.com,Düsseldorf,DE,Standard,2024-09-03,True,69,2024-09-03,9999-12-31,True,Max Weber,Deutschland
C00070,Anna,Schäfer,customer70@example.com,Köln,DE,Standard,2023-04-10,True,70,2023-04-10,9999-12-31,True,Anna Schäfer,Deutschland
C00071,Paul,Fischer,customer71@example.com,Berlin,DE,Standard,2023-11-21,True,71,2023-11-21,9999-12-31,True,Paul Fischer,Deutschland
C00072,Mia,Bauer,customer72@example.com,München,DE,Standard,2024-05-11,True,72,2024-05-11,9999-12-31,True,Mia Bauer,Deutschland
C00073,Tim,Weber,customer73@example.com,Berlin,DE,Standard,2024-11-21,True,73,2024-11-21,9999-12-31,True,Tim Weber,Deutschland
C00074,Julia,Richter,customer74@example.com,Leipzig,DE,Standard,2023-02-12,True,74,2023-02-12,9999-12-31,True,Julia Richter,Deutschland
C00075,Simon,Neumann,customer75@example.com,Bern,CH,Standard,2023-02-04,True,75,2023-02-04,9999-12-31,True,Simon Neumann,Schweiz
C00076,Anna,Hoffmann,customer76@example.com,Nürnberg,DE,Standard,2024-08-24,True,76,2024-08-24,9999-12-31,True,Anna Hoffmann,Deutschland
C00077,Tim,Fischer,customer77@example.com,Zürich,CH,Standard,2024-05-07,True,77,2024-05-07,9999-12-31,True,Tim Fischer,Schweiz
C00078,Leon,Hoffmann,customer78@example.com,Frankfurt,DE,Standard,2024-01-29,True,78,2024-01-29,9999-12-31,True,Leon Hoffmann,Deutschland
C00079,Emma,Neumann,customer79@example.com,Hamburg,DE,Budget,2024-07-01,True,79,2024-07-01,9999-12-31,True,Emma Neumann,Deutschland
C00080,Simon,Richter,customer80@example.com,Köln,DE,Budget,2024-01-04,True,80,2024-01-04,9999-12-31,True,Simon Richter,Deutschland
C00081,Mia,Schröder,customer81@example.com,Innsbruck,AT,Standard,2023-03-03,True,81,2023-03-03,9999-12-31,True,Mia Schröder,Österreich
C00082,Sophie,Bauer,customer82@example.com,Bern,CH,Budget,2023-06-26,True,82,2023-06-26,9999-12-31,True,Sophie Bauer,Schweiz
C00083,Sarah,Wolf,customer83@example.com,Dresden,DE,Premium,2024-03-30,False,83,2024-03-30,9999-12-31,True,Sarah Wolf,Deutschland
C00084,Mia,Fischer,customer84@example.com,Bremen,DE,Budget,2023-01-25,True,84,2023-01-25,9999-12-31,True,Mia Fischer,Deutschland
C00085,Niklas,Schäfer,customer85@example.com,Düsseldorf,DE,Budget,2023-04-19,True,85,2023-04-19,9999-12-31,True,Niklas Schäfer,Deutschland
C00086,Simon,Koch,customer86@example.com,Köln,DE,Budget,2023-06-12,True,86,2023-06-12,9999-12-31,True,Simon Koch,Deutschland
C00087,Julia,Neumann,customer87@example.com,Dresden,DE,Premium,2023-03-15,False,87,2023-03-15,9999-12-31,True,Julia Neumann,Deutschland
C00088,Lena,Hoffmann,customer88@example.com,Wien,AT,Budget,2023-06-17,True,88,2023-06-17,9999-12-31,True,Lena Hoffmann,Österreich
C00089,Leon,Meyer,customer89@example.com,Köln,DE,Budget,2023-01-29,True,89,2023-01-29,9999-12-31,True,Leon Meyer,Deutschland
C00090,Mia,Neumann,customer90@example.com,Berlin,DE,Budget,2023-12-08,True,90,2023-12-08,9999-12-31,True,Mia Neumann,Deutschland
C00091,Jan,Bauer,customer91@example.com,Frankfurt,DE,Standard,2023-03-11,True,91,2023-03-11,9999-12-31,True,Jan Bauer,Deutschland
C00092,Lukas,Richter,customer92@example.com,Bern,CH,Premium,2023-02-08,True,92,2023-02-08,9999-12-31,True,Lukas Richter,Schweiz
C00093,Laura,Hoffmann,customer93@example.com,Basel,CH,Budget,2024-04-20,True,93,2024-04-20,9999-12-31,True,Laura Hoffmann,Schweiz
C00094,Elena,Müller,customer94@example.com,Innsbruck,AT,Standard,2024-02-13,True,94,2024-02-13,9999-12-31,True,Elena Müller,Österreich
C00095,Paul,Wolf,customer95@example.com,Bremen,DE,Budget,2024-11-15,True,95,2024-11-15,9999-12-31,True,Paul Wolf,Deutschland
C00096,Sophie,Schneider,customer96@example.com,Hannover,DE,Standard,2023-08-17,False,96,2023-08-17,9999-12-31,True,Sophie Schneider,Deutschland
C00097,Moritz,Klein,customer97@example.com,Linz,AT,Standard,2023-08-21,True,97,2023-08-21,9999-12-31,True,Moritz Klein,Österreich
C00098,Lisa,Koch,customer98@example.com,Lausanne,CH,Standard,2023-09-16,True,98,2023-09-16,9999-12-31,True,Lisa Koch,Schweiz
C00099,Julia,Becker,customer99@example.com,Leipzig,DE,Standard,2023-12-24,True,99,2023-12-24,9999-12-31,True,Julia Becker,Deutschland
C00100,Emma,Weber,customer100@example.com,Leipzig,DE,Budget,2024-11-28,True,100,2024-11-28,9999-12-31,True,Emma Weber,Deutschland
C00101,Jonas,Müller,customer101@example.com,Lausanne,CH,Standard,2023-05-25,True,101,2023-05-25,9999-12-31,True,Jonas Müller,Schweiz
C00102,Lukas,Meyer,customer102@example.com,Salzburg,AT,Budget,2024-07-11,True,102,2024-07-11,9999-12-31,True,Lukas Meyer,Österreich
C00103,Lena,Braun,customer103@example.com,Linz,AT,Standard,2024-03-25,True,103,2024-03-25,9999-12-31,True,Lena Braun,Österreich
C00104,Max,Braun,customer104@example.com,Berlin,DE,Budget,2024-01-09,True,104,2024-01-09,9999-12-31,True,Max Braun,Deutschland
C00105,Clara,Neumann,customer105@example.com,Genf,CH,Budget,2023-10-09,True,105,2023-10-09,9999-12-31,True,Clara Neumann,Schweiz
C00106,Max,Schröder,customer106@example.com,Hamburg,DE,Premium,2024-05-25,True,106,2024-05-25,9999-12-31,True,Max Schröder,Deutschland
C00107,Marie,Schneider,customer107@example.com,Köln,DE,Standard,2024-10-06,True,107,2024-10-06,9999-12-31,True,Marie Schneider,Deutschland
C00108,Lena,Neumann,customer108@example.com,Köln,DE,Standard,2024-12-14,True,108,2024-12-14,9999-12-31,True,Lena Neumann,Deutschland
C00109,Paul,Richter,customer109@example.com,Berlin,DE,Standard,2023-02-20,True,109,2023-02-20,9999-12-31,True,Paul Richter,Deutschland
C00110,Laura,Wagner,customer110@example.com,Leipzig,DE,Standard,2023-02-03,True,110,2023-02-03,9999-12-31,True,Laura Wagner,Deutschland
C00111,Julia,Müller,customer111@example.com,Lausanne,CH,Standard,2023-11-02,True,111,2023-11-02,9999-12-31,True,Julia Müller,Schweiz
C00112,David,Wolf,customer112@example.com,Innsbruck,AT,Budget,2024-09-15,True,112,2024-09-15,9999-12-31,True,David Wolf,Österreich
C00113,Felix,Meyer,customer113@example.com,Hannover,DE,Standard,2024-03-10,True,113,2024-03-10,9999-12-31,True,Felix Meyer,Deutschland
C00114,Emma,Wolf,customer114@example.com,Zürich,CH,Standard,2023-04-08,True,114,2023-04-08,9999-12-31,True,Emma Wolf,Schweiz
C00115,Marie,Müller,customer115@example.com,Basel,CH,Budget,2023-09-06,True,115,2023-09-06,9999-12-31,True,Marie Müller,Schweiz
C00116,Moritz,Weber,customer116@example.com,Nürnberg,DE,Budget,2024-07-16,True,116,2024-07-16,9999-12-31,True,Moritz Weber,Deutschland
C00117,Moritz,Weber,customer117@example.com,Innsbruck,AT,Budget,2023-11-26,True,117,2023-11-26,9999-12-31,True,Moritz Weber,Österreich
C00118,Tim,Koch,customer118@example.com,Wien,AT,Standard,2023-05-06,False,118,2023-05-06,9999-12-31,True,Tim Koch,Österreich
C00119,Tim,Schröder,customer119@example.com,Salzburg,AT,Standard,2023-04-05,True,119,2023-04-05,9999-12-31,True,Tim Schröder,Österreich
C00120,Emma,Weber,customer120@example.com,Hamburg,DE,Standard,2023-07-14,True,120,2023-07-14,9999-12-31,True,Emma Weber,Deutschland
C00121,Marie,Müller,customer121@example.com,Lausanne,CH,Standard,2024-02-09,True,121,2024-02-09,9999-12-31,True,Marie Müller,Schweiz
C00122,Moritz,Klein,customer122@example.com,Graz,AT,Standard,2024-06-29,True,122,2024-06-29,9999-12-31,True,Moritz Klein,Österreich
C00123,Clara,Wolf,customer123@example.com,Linz,AT,Standard,2023-05-01,True,123,2023-05-01,9999-12-31,True,Clara Wolf,Österreich
C00124,Moritz,Fischer,customer124@example.com,Salzburg,AT,Budget,2024-07-26,True,124,2024-07-26,9999-12-31,True,Moritz Fischer,Österreich
C00125,David,Klein,customer125@example.com,Basel,CH,Standard,2024-12-19,True,125,2024-12-19,9999-12-31,True,David Klein,Schweiz
C00126,Sarah,Wagner,customer126@example.com,München,DE,Standard,2023-12-31,True,126,2023-12-31,9999-12-31,True,Sarah Wagner,Deutschland
C00127,Paul,Braun,customer127@example.com,Hannover,DE,Standard,2024-05-22,True,127,2024-05-22,9999-12-31,True,Paul Braun,Deutschland
C00128,Simon,Weber,customer128@example.com,Linz,AT,Standard,2023-07-11,True,128,2023-07-11,9999-12-31,True,Simon Weber,Österreich
C00129,Clara,Bauer,customer129@example.com,Innsbruck,AT,Standard,2023-08-19,True,129,2023-08-19,9999-12-31,True,Clara Bauer,Österreich
C00130,Lukas,Hoffmann,customer130@example.com,Frankfurt,DE,Standard,2024-01-29,False,130,2024-01-29,9999-12-31,True,Lukas Hoffmann,Deutschland
C00131,Anna,Wolf,customer131@example.com,Linz,AT,Budget,2024-04-14,True,131,2024-04-14,9999-12-31,True,Anna Wolf,Österreich
C00132,Jonas,Weber,customer132@example.com,Bern,CH,Standard,2024-07-07,True,132,2024-07-07,9999-12-31,True,Jonas Weber,Schweiz
C00133,Elena,Richter,customer133@example.com,München,DE,Standard,2024-03-18,True,133,2024-03-18,9999-12-31,True,Elena Richter,Deutschland
C00134,Niklas,Meyer,customer134@example.com,Genf,CH,Standard,2024-10-23,True,134,2024-10-23,9999-12-31,True,Niklas Meyer,Schweiz
C00135,Elena,Hoffmann,customer135@example.com,Hannover,DE,Premium,2024-03-21,True,135,2024-03-21,9999-12-31,True,Elena Hoffmann,Deutschland
C00136,Sophie,Meyer,customer136@example.com,Leipzig,DE,Standard,2023-08-17,True,136,2023-08-17,9999-12-31,True,Sophie Meyer,Deutschland
C00137,Clara,Neumann,customer137@example.com,Frankfurt,DE,Standard,2024-10-07,True,137,2024-10-07,9999-12-31,True,Clara Neumann,Deutschland
C00138,Laura,Richter,customer138@example.com,München,DE,Budget,2024-12-15,True,138,2024-12-15,9999-12-31,True,Laura Richter,Deutschland
C00139,Max,Neumann,customer139@example.com,Lausanne,CH,Standard,2024-12-24,True,139,2024-12-24,9999-12-31,True,Max Neumann,Schweiz
C00140,Marie,Weber,customer140@example.com,Graz,AT,Standard,2023-11-16,True,140,2023-11-16,9999-12-31,True,Marie Weber,Österreich
C00141,Max,Meyer,customer141@example.com,Wien,AT,Standard,2023-09-16,True,141,2023-09-16,9999-12-31,True,Max Meyer,Österreich
C00142,Anna,Richter,customer142@example.com,Nürnberg,DE,Standard,2023-06-21,False,142,2023-06-21,9999-12-31,True,Anna Richter,Deutschland
C00143,Moritz,Hoffmann,customer143@example.com,Köln,DE,Standard,2023-11-25,True,143,2023-11-25,9999-12-31,True,Moritz Hoffmann,Deutschland
C00144,Moritz,Weber,customer144@example.com,Hamburg,DE,Budget,2024-08-28,True,144,2024-08-28,9999-12-31,True,Moritz Weber,Deutschland
C00145,Tim,Hoffmann,customer145@example.com,Graz,AT,Standard,2024-01-11,True,145,2024-01-11,9999-12-31,True,Tim Hoffmann,Österreich
C00146,Clara,Becker,customer146@example.com,Berlin,DE,Budget,2023-10-23,True,146,2023-10-23,9999-12-31,True,Clara Becker,Deutschland
C00147,Leon,Weber,customer147@example.com,Hamburg,DE,Standard,2024-12-25,True,147,2024-12-25,9999-12-31,True,Leon Weber,Deutschland
C00148,Paul,Schäfer,customer148@example.com,Frankfurt,DE,Standard,2024-08-23,True,148,2024-08-23,9999-12-31,True,Paul Schäfer,Deutschland
C00149,Sarah,Meyer,customer149@example.com,Düsseldorf,DE,Standard,2024-09-07,True,149,2024-09-07,9999-12-31,True,Sarah Meyer,Deutschland
C00150,Moritz,Müller,customer150@example.com,Berlin,DE,Standard,2024-10-26,True,150,2024-10-26,9999-12-31,True,Moritz Müller,Deutschland
C00151,Laura,Wagner,customer151@example.com,Genf,CH,Premium,2024-09-07,True,151,2024-09-07,9999-12-31,True,Laura Wagner,Schweiz
C00152,Laura,Schäfer,customer152@example.com,Düsseldorf,DE,Premium,2023-06-28,True,152,2023-06-28,9999-12-31,True,Laura Schäfer,Deutschland
C00153,Felix,Fischer,customer153@example.com,Berlin,DE,Budget,2024-04-22,True,153,2024-04-22,9999-12-31,True,Felix Fischer,Deutschland
C00154,Simon,Müller,customer154@example.com,Köln,DE,Premium,2024-02-15,True,154,2024-02-15,9999-12-31,True,Simon Müller,Deutschland
C00155,Lena,Müller,customer155@example.com,Nürnberg,DE,Premium,2024-05-31,True,155,2024-05-31,9999-12-31,True,Lena Müller,Deutschland
C00156,Paul,Wolf,customer156@example.com,Linz,AT,Budget,2023-08-16,True,156,2023-08-16,9999-12-31,True,Paul Wolf,Österreich
C00157,Julia,Richter,customer157@example.com,Linz,AT,Budget,2023-11-20,True,157,2023-11-20,9999-12-31,True,Julia Richter,Österreich
C00158,Tim,Weber,customer158@example.com,Bern,CH,Budget,2023-10-19,True,158,2023-10-19,9999-12-31,True,Tim Weber,Schweiz
C00159,Marie,Becker,customer159@example.com,Leipzig,DE,Standard,2024-07-03,True,159,2024-07-03,9999-12-31,True,Marie Becker,Deutschland
C00160,Paul,Becker,customer160@example.com,Hannover,DE,Standard,2024-01-31,True,160,2024-01-31,9999-12-31,True,Paul Becker,Deutschland
C00161,Tim,Bauer,customer161@example.com,Linz,AT,Premium,2024-09-07,True,161,2024-09-07,9999-12-31,True,Tim Bauer,Österreich
C00162,Lena,Neumann,customer162@example.com,Köln,DE,Standard,2023-05-07,True,162,2023-05-07,9999-12-31,True,Lena Neumann,Deutschland
C00163,Sarah,Becker,customer163@example.com,Lausanne,CH,Budget,2023-02-20,True,163,2023-02-20,9999-12-31,True,Sarah Becker,Schweiz
C00164,Niklas,Klein,customer164@example.com,Berlin,DE,Standard,2024-09-04,True,164,2024-09-04,9999-12-31,True,Niklas Klein,Deutschland
C00165,Jan,Becker,customer165@example.com,Berlin,DE,Standard,2024-07-20,True,165,2024-07-20,9999-12-31,True,Jan Becker,Deutschland
C00166,Lena,Hoffmann,customer166@example.com,Genf,CH,Premium,2023-05-17,True,166,2023-05-17,9999-12-31,True,Lena Hoffmann,Schweiz
C00167,Felix,Braun,customer167@example.com,Hannover,DE,Standard,2024-01-21,True,167,2024-01-21,9999-12-31,True,Felix Braun,Deutschland
C00168,Clara,Wagner,customer168@example.com,Hannover,DE,Standard,2023-06-28,False,168,2023-06-28,9999-12-31,True,Clara Wagner,Deutschland
C00169,Tim,Braun,customer169@example.com,Berlin,DE,Standard,2023-06-26,True,169,2023-06-26,9999-12-31,True,Tim Braun,Deutschland
C00170,Moritz,Becker,customer170@example.com,Basel,CH,Standard,2023-12-27,True,170,2023-12-27,9999-12-31,True,Moritz Becker,Schweiz
C00171,Jan,Neumann,customer171@example.com,Wien,AT,Premium,2023-08-03,True,171,2023-08-03,9999-12-31,True,Jan Neumann,Österreich
C00172,Emma,Müller,customer172@example.com,Leipzig,DE,Budget,2023-01-19,True,172,2023-01-19,9999-12-31,True,Emma Müller,Deutschland
C00173,Moritz,Braun,customer173@example.com,München,DE,Standard,2024-05-16,True,173,2024-05-16,9999-12-31,True,Moritz Braun,Deutschland
C00174,Simon,Wagner,customer174@example.com,Frankfurt,DE,Budget,2023-09-21,True,174,2023-09-21,9999-12-31,True,Simon Wagner,Deutschland
C00175,Max,Braun,customer175@example.com,Bern,CH,Budget,2023-06-11,True,175,2023-06-11,9999-12-31,True,Max Braun,Schweiz
C00176,Laura,Wolf,customer176@example.com,Hamburg,DE,Standard,2024-03-18,True,176,2024-03-18,9999-12-31,True,Laura Wolf,Deutschland
C00177,Anna,Schneider,customer177@example.com,Linz,AT,Standard,2023-09-21,True,177,2023-09-21,9999-12-31,True,Anna Schneider,Österreich
C00178,Lisa,Fischer,customer178@example.com,Graz,AT,Budget,2024-05-05,True,178,2024-05-05,9999-12-31,True,Lisa Fischer,Österreich
C00179,Lena,Wagner,customer179@example.com,Graz,AT,Budget,2023-01-07,True,179,2023-01-07,9999-12-31,True,Lena Wagner,Österreich
C00180,Jan,Fischer,customer180@example.com,Salzburg,AT,Standard,2024-01-16,True,180,2024-01-16,9999-12-31,True,Jan Fischer,Österreich
C00181,Mia,Koch,customer181@example.com,Berlin,DE,Standard,2024-12-09,True,181,2024-12-09,9999-12-31,True,Mia Koch,Deutschland
C00182,Leon,Weber,customer182@example.com,Bremen,DE,Standard,2024-06-15,True,182,2024-06-15,9999-12-31,True,Leon Weber,Deutschland
C00183,Julia,Schneider,customer183@example.com,München,DE,Budget,2023-02-22,True,183,2023-02-22,9999-12-31,True,Julia Schneider,Deutschland
C00184,Elena,Klein,customer184@example.com,Innsbruck,AT,Standard,2024-12-14,True,184,2024-12-14,9999-12-31,True,Elena Klein,Österreich
C00185,Moritz,Klein,customer185@example.com,Zürich,CH,Budget,2023-04-25,True,185,2023-04-25,9999-12-31,True,Moritz Klein,Schweiz
C00186,Clara,Koch,customer186@example.com,Düsseldorf,DE,Standard,2023-07-20,True,186,2023-07-20,9999-12-31,True,Clara Koch,Deutschland
C00187,Simon,Weber,customer187@example.com,Wien,AT,Premium,2024-09-01,True,187,2024-09-01,9999-12-31,True,Simon Weber,Österreich
C00188,Sophie,Hoffmann,customer188@example.com,Genf,CH,Standard,2023-02-11,True,188,2023-02-11,9999-12-31,True,Sophie Hoffmann,Schweiz
C00189,Julia,Schäfer,customer189@example.com,Stuttgart,DE,Premium,2024-01-13,True,189,2024-01-13,9999-12-31,True,Julia Schäfer,Deutschland
C00190,Anna,Bauer,customer190@example.com,Stuttgart,DE,Standard,2023-06-17,True,190,2023-06-17,9999-12-31,True,Anna Bauer,Deutschland
C00191,Moritz,Klein,customer191@example.com,Nürnberg,DE,Premium,2024-11-15,True,191,2024-11-15,9999-12-31,True,Moritz Klein,Deutschland
C00192,Jan,Fischer,customer192@example.com,Hannover,DE,Budget,2024-12-05,False,192,2024-12-05,9999-12-31,True,Jan Fischer,Deutschland
C00193,Tim,Fischer,customer193@example.com,Hannover,DE,Budget,2023-10-23,True,193,2023-10-23,9999-12-31,True,Tim Fischer,Deutschland
C00194,Anna,Wolf,customer194@example.com,Hamburg,DE,Budget,2023-11-06,True,194,2023-11-06,9999-12-31,True,Anna Wolf,Deutschland
C00195,David,Schneider,customer195@example.com,Berlin,DE,Budget,2024-07-01,True,195,2024-07-01,9999-12-31,True,David Schneider,Deutschland
C00196,Jonas,Schmidt,customer196@example.com,Wien,AT,Premium,2024-04-26,False,196,2024-04-26,9999-12-31,True,Jonas Schmidt,Österreich
C00197,Tim,Becker,customer197@example.com,Innsbruck,AT,Standard,2024-10-02,True,197,2024-10-02,9999-12-31,True,Tim Becker,Österreich
C00198,Leon,Bauer,customer198@example.com,Hamburg,DE,Standard,2024-05-12,True,198,2024-05-12,9999-12-31,True,Leon Bauer,Deutschland
C00199,Jan,Weber,customer199@example.com,München,DE,Premium,2024-06-07,True,199,2024-06-07,9999-12-31,True,Jan Weber,Deutschland
C00200,Simon,Neumann,customer200@example.com,Innsbruck,AT,Standard,2023-11-26,True,200,2023-11-26,9999-12-31,True,Simon Neumann,Österreich
C00201,Moritz,Weber,customer201@example.com,Bern,CH,Standard,2024-10-22,True,201,2024-10-22,9999-12-31,True,Moritz Weber,Schweiz
C00202,Julia,Wolf,customer202@example.com,Zürich,CH,Standard,2023-03-30,False,202,2023-03-30,9999-12-31,True,Julia Wolf,Schweiz
C00203,Lena,Schröder,customer203@example.com,Linz,AT,Budget,2023-10-15,True,203,2023-10-15,9999-12-31,True,Lena Schröder,Österreich
C00204,Felix,Klein,customer204@example.com,Genf,CH,Premium,2023-03-27,True,204,2023-03-27,9999-12-31,True,Felix Klein,Schweiz
C00205,Laura,Braun,customer205@example.com,Bern,CH,Standard,2024-11-18,True,205,2024-11-18,9999-12-31,True,Laura Braun,Schweiz
C00206,Lena,Wagner,customer206@example.com,Basel,CH,Premium,2024-02-06,True,206,2024-02-06,9999-12-31,True,Lena Wagner,Schweiz
C00207,Paul,Schmidt,customer207@example.com,Hamburg,DE,Budget,2024-09-11,True,207,2024-09-11,9999-12-31,True,Paul Schmidt,Deutschland
C00208,David,Neumann,customer208@example.com,Bremen,DE,Standard,2023-02-08,True,208,2023-02-08,9999-12-31,True,David Neumann,Deutschland
C00209,Max,Schröder,customer209@example.com,Wien,AT,Standard,2024-12-22,True,209,2024-12-22,9999-12-31,True,Max Schröder,Österreich
C00210,Lukas,Schäfer,customer210@example.com,München,DE,Budget,2023-11-07,False,210,2023-11-07,9999-12-31,True,Lukas Schäfer,Deutschland
C00211,Emma,Schneider,customer211@example.com,Wien,AT,Premium,2023-05-21,False,211,2023-05-21,9999-12-31,True,Emma Schneider,Österreich
C00212,Niklas,Bauer,customer212@example.com,Innsbruck,AT,Standard,2024-04-21,True,212,2024-04-21,9999-12-31,True,Niklas Bauer,Österreich
C00213,Lena,Wagner,customer213@example.com,Linz,AT,Standard,2024-01-12,True,213,2024-01-12,9999-12-31,True,Lena Wagner,Österreich
C00214,Paul,Klein,customer214@example.com,Innsbruck,AT,Standard,2023-01-03,True,214,2023-01-03,9999-12-31,True,Paul Klein,Österreich
C00215,Lisa,Müller,customer215@example.com,Zürich,CH,Budget,2023-10-20,False,215,2023-10-20,9999-12-31,True,Lisa Müller,Schweiz
C00216,Sophie,Bauer,customer216@example.com,Linz,AT,Budget,2023-12-10,True,216,2023-12-10,9999-12-31,True,Sophie Bauer,Österreich
C00217,Marie,Wagner,customer217@example.com,Köln,DE,Budget,2024-01-15,True,217,2024-01-15,9999-12-31,True,Marie Wagner,Deutschland
C00218,Paul,Schmidt,customer218@example.com,Hannover,DE,Standard,2023-03-03,True,218,2023-03-03,9999-12-31,True,Paul Schmidt,Deutschland
C00219,Clara,Richter,customer219@example.com,Leipzig,DE,Premium,2024-10-21,False,219,2024-10-21,9999-12-31,True,Clara Richter,Deutschland
C00220,Lukas,Meyer,customer220@example.com,Dresden,DE,Budget,2024-05-20,True,220,2024-05-20,9999-12-31,True,Lukas Meyer,Deutschland
C00221,Lukas,Neumann,customer221@example.com,Innsbruck,AT,Standard,2024-06-04,True,221,2024-06-04,9999-12-31,True,Lukas Neumann,Österreich
C00222,Moritz,Schneider,customer222@example.com,Zürich,CH,Budget,2023-03-03,True,222,2023-03-03,9999-12-31,True,Moritz Schneider,Schweiz
C00223,Jonas,Fischer,customer223@example.com,Linz,AT,Standard,2023-03-30,False,223,2023-03-30,9999-12-31,True,Jonas Fischer,Österreich
C00224,Jonas,Schneider,customer224@example.com,Dresden,DE,Budget,2023-11-19,True,224,2023-11-19,9999-12-31,True,Jonas Schneider,Deutschland
C00225,Laura,Weber,customer225@example.com,Dresden,DE,Budget,2024-04-07,True,225,2024-04-07,9999-12-31,True,Laura Weber,Deutschland
C00226,Laura,Weber,customer226@example.com,Linz,AT,Premium,2023-02-07,True,226,2023-02-07,9999-12-31,True,Laura Weber,Österreich
C00227,Lisa,Richter,customer227@example.com,Köln,DE,Budget,2023-11-12,True,227,2023-11-12,9999-12-31,True,Lisa Richter,Deutschland
C00228,Paul,Schneider,customer228@example.com,Zürich,CH,Standard,2023-02-09,True,228,2023-02-09,9999-12-31,True,Paul Schneider,Schweiz
C00229,Marie,Schröder,customer229@example.com,Wien,AT,Standard,2023-10-16,True,229,2023-10-16,9999-12-31,True,Marie Schröder,Österreich
C00230,Paul,Koch,customer230@example.com,Salzburg,AT,Standard,2024-11-11,True,230,2024-11-11,9999-12-31,True,Paul Koch,Österreich
C00231,Marie,Wagner,customer231@example.com,Frankfurt,DE,Budget,2023-07-10,True,231,2023-07-10,9999-12-31,True,Marie Wagner,Deutschland
C00232,Simon,Schäfer,customer232@example.com,Bern,CH,Premium,2023-01-31,True,232,2023-01-31,9999-12-31,True,Simon Schäfer,Schweiz
C00233,Sophie,Schmidt,customer233@example.com,Düsseldorf,DE,Budget,2023-03-23,True,233,2023-03-23,9999-12-31,True,Sophie Schmidt,Deutschland
C00234,Paul,Klein,customer234@example.com,Düsseldorf,DE,Standard,2023-08-12,True,234,2023-08-12,9999-12-31,True,Paul Klein,Deutschland
C00235,Anna,Richter,customer235@example.com,Leipzig,DE,Budget,2023-08-11,True,235,2023-08-11,9999-12-31,True,Anna Richter,Deutschland
C00236,Jonas,Schmidt,customer236@example.com,Düsseldorf,DE,Standard,2024-08-08,True,236,2024-08-08,9999-12-31,True,Jonas Schmidt,Deutschland
C00237,Sophie,Fischer,customer237@example.com,Köln,DE,Premium,2023-10-05,True,237,2023-10-05,9999-12-31,True,Sophie Fischer,Deutschland
C00238,Clara,Neumann,customer238@example.com,Innsbruck,AT,Standard,2024-06-07,True,238,2024-06-07,9999-12-31,True,Clara Neumann,Österreich
C00239,Sarah,Wolf,customer239@example.com,Zürich,CH,Budget,2023-11-02,True,239,2023-11-02,9999-12-31,True,Sarah Wolf,Schweiz
C00240,Julia,Wagner,customer240@example.com,Hamburg,DE,Premium,2024-01-16,True,240,2024-01-16,9999-12-31,True,Julia Wagner,Deutschland
C00241,Jan,Koch,customer241@example.com,Linz,AT,Standard,2023-03-20,True,241,2023-03-20,9999-12-31,True,Jan Koch,Österreich
C00242,Sophie,Neumann,customer242@example.com,Graz,AT,Premium,2023-10-12,True,242,2023-10-12,9999-12-31,True,Sophie Neumann,Österreich
C00243,Tim,Schmidt,customer243@example.com,Linz,AT,Budget,2023-06-06,True,243,2023-06-06,9999-12-31,True,Tim Schmidt,Österreich
C00244,Lukas,Neumann,customer244@example.com,Hannover,DE,Budget,2024-06-22,False,244,2024-06-22,9999-12-31,True,Lukas Neumann,Deutschland
C00245,Lisa,Weber,customer245@example.com,Genf,CH,Standard,2023-10-30,True,245,2023-10-30,9999-12-31,True,Lisa Weber,Schweiz
C00246,Max,Meyer,customer246@example.com,Köln,DE,Standard,2024-01-22,True,246,2024-01-22,9999-12-31,True,Max Meyer,Deutschland
C00247,Emma,Wolf,customer247@example.com,Innsbruck,AT,Standard,2024-06-07,True,247,2024-06-07,9999-12-31,True,Emma Wolf,Österreich
C00248,Niklas,Becker,customer248@example.com,Graz,AT,Budget,2024-10-18,True,248,2024-10-18,9999-12-31,True,Niklas Becker,Österreich
C00249,Lukas,Bauer,customer249@example.com,Basel,CH,Premium,2023-07-18,True,249,2023-07-18,9999-12-31,True,Lukas Bauer,Schweiz
C00250,David,Klein,customer250@example.com,Hamburg,DE,Standard,2024-07-11,True,250,2024-07-11,9999-12-31,True,David Klein,Deutschland
C00251,Marie,Schröder,customer251@example.com,Basel,CH,Standard,2024-06-04,False,251,2024-06-04,9999-12-31,True,Marie Schröder,Schweiz
C00252,Niklas,Schmidt,customer252@example.com,Lausanne,CH,Budget,2024-05-15,True,252,2024-05-15,9999-12-31,True,Niklas Schmidt,Schweiz
C00253,Laura,Braun,customer253@example.com,Wien,AT,Standard,2024-12-21,True,253,2024-12-21,9999-12-31,True,Laura Braun,Österreich
C00254,Marie,Koch,customer254@example.com,Linz,AT,Standard,2024-08-29,True,254,2024-08-29,9999-12-31,True,Marie Koch,Österreich
C00255,Laura,Koch,customer255@example.com,Stuttgart,DE,Standard,2024-02-29,True,255,2024-02-29,9999-12-31,True,Laura Koch,Deutschland
C00256,Sarah,Wolf,customer256@example.com,Innsbruck,AT,Standard,2024-08-10,True,256,2024-08-10,9999-12-31,True,Sarah Wolf,Österreich
C00257,Lena,Becker,customer257@example.com,Basel,CH,Premium,2024-11-03,True,257,2024-11-03,9999-12-31,True,Lena Becker,Schweiz
C00258,Max,Hoffmann,customer258@example.com,München,DE,Standard,2023-08-13,False,258,2023-08-13,9999-12-31,True,Max Hoffmann,Deutschland
C00259,Clara,Wagner,customer259@example.com,Basel,CH,Premium,2024-10-27,True,259,2024-10-27,9999-12-31,True,Clara Wagner,Schweiz
C00260,Emma,Wolf,customer260@example.com,Graz,AT,Standard,2023-05-02,True,260,2023-05-02,9999-12-31,True,Emma Wolf,Österreich
C00261,Lukas,Meyer,customer261@example.com,Innsbruck,AT,Standard,2023-11-13,True,261,2023-11-13,9999-12-31,True,Lukas Meyer,Österreich
C00262,Julia,Becker,customer262@example.com,Dresden,DE,Budget,2024-01-05,True,262,2024-01-05,9999-12-31,True,Julia Becker,Deutschland
C00263,David,Wagner,customer263@example.com,Basel,CH,Standard,2023-11-14,True,263,2023-11-14,9999-12-31,True,David Wagner,Schweiz
C00264,Clara,Schneider,customer264@example.com,Stuttgart,DE,Premium,2023-11-10,True,264,2023-11-10,9999-12-31,True,Clara Schneider,Deutschland
C00265,Simon,Bauer,customer265@example.com,Graz,AT,Standard,2023-01-12,True,265,2023-01-12,9999-12-31,True,Simon Bauer,Österreich
C00266,Sarah,Fischer,customer266@example.com,Bern,CH,Budget,2024-07-20,True,266,2024-07-20,9999-12-31,True,Sarah Fischer,Schweiz
C00267,Jan,Bauer,customer267@example.com,Genf,CH,Standard,2024-11-25,True,267,2024-11-25,9999-12-31,True,Jan Bauer,Schweiz
C00268,Elena,Hoffmann,customer268@example.com,Lausanne,CH,Standard,2024-07-02,False,268,2024-07-02,9999-12-31,True,Elena Hoffmann,Schweiz
C00269,Clara,Wolf,customer269@example.com,Bern,CH,Standard,2023-02-04,True,269,2023-02-04,9999-12-31,True,Clara Wolf,Schweiz
C00270,Elena,Weber,customer270@example.com,Genf,CH,Standard,2023-06-08,True,270,2023-06-08,9999-12-31,True,Elena Weber,Schweiz
C00271,Emma,Neumann,customer271@example.com,Basel,CH,Standard,2023-06-01,True,271,2023-06-01,9999-12-31,True,Emma Neumann,Schweiz
C00272,Sophie,Schmidt,customer272@example.com,Genf,CH,Standard,2024-05-26,True,272,2024-05-26,9999-12-31,True,Sophie Schmidt,Schweiz
C00273,Clara,Bauer,customer273@example.com,Düsseldorf,DE,Standard,2024-01-06,True,273,2024-01-06,9999-12-31,True,Clara Bauer,Deutschland
C00274,Sophie,Schröder,customer274@example.com,Genf,CH,Standard,2024-06-03,True,274,2024-06-03,9999-12-31,True,Sophie Schröder,Schweiz
C00275,Anna,Weber,customer275@example.com,Graz,AT,Budget,2023-11-30,True,275,2023-11-30,9999-12-31,True,Anna Weber,Österreich
C00276,David,Klein,customer276@example.com,Lausanne,CH,Standard,2024-01-16,True,276,2024-01-16,9999-12-31,True,David Klein,Schweiz
C00277,Anna,Schneider,customer277@example.com,München,DE,Standard,2023-05-25,True,277,2023-05-25,9999-12-31,True,Anna Schneider,Deutschland
C00278,Elena,Fischer,customer278@example.com,Leipzig,DE,Budget,2024-04-04,True,278,2024-04-04,9999-12-31,True,Elena Fischer,Deutschland
C00279,Lukas,Klein,customer279@example.com,Hannover,DE,Standard,2023-01-10,True,279,2023-01-10,9999-12-31,True,Lukas Klein,Deutschland
C00280,Max,Weber,customer280@example.com,Bremen,DE,Standard,2023-12-27,True,280,2023-12-27,9999-12-31,True,Max Weber,Deutschland
C00281,Clara,Koch,customer281@example.com,Berlin,DE,Budget,2023-11-09,True,281,2023-11-09,9999-12-31,True,Clara Koch,Deutschland
C00282,Moritz,Bauer,customer282@example.com,Köln,DE,Standard,2023-11-01,True,282,2023-11-01,9999-12-31,True,Moritz Bauer,Deutschland
C00283,Mia,Braun,customer283@example.com,Stuttgart,DE,Budget,2024-09-11,True,283,2024-09-11,9999-12-31,True,Mia Braun,Deutschland
C00284,Max,Schneider,customer284@example.com,Köln,DE,Standard,2023-01-20,True,284,2023-01-20,9999-12-31,True,Max Schneider,Deutschland
C00285,Moritz,Klein,customer285@example.com,Köln,DE,Standard,2023-06-10,True,285,2023-06-10,9999-12-31,True,Moritz Klein,Deutschland
C00286,Tim,Schmidt,customer286@example.com,Zürich,CH,Standard,2023-08-04,True,286,2023-08-04,9999-12-31,True,Tim Schmidt,Schweiz
C00287,Elena,Wolf,customer287@example.com,Düsseldorf,DE,Standard,2023-08-11,True,287,2023-08-11,9999-12-31,True,Elena Wolf,Deutschland
C00288,Paul,Schröder,customer288@example.com,Stuttgart,DE,Budget,2023-05-31,True,288,2023-05-31,9999-12-31,True,Paul Schröder,Deutschland
C00289,Max,Becker,customer289@example.com,Leipzig,DE,Standard,2023-12-07,True,289,2023-12-07,9999-12-31,True,Max Becker,Deutschland
C00290,David,Schmidt,customer290@example.com,Linz,AT,Standard,2023-03-27,True,290,2023-03-27,9999-12-31,True,David Schmidt,Österreich
C00291,Emma,Braun,customer291@example.com,Hannover,DE,Standard,2024-02-18,True,291,2024-02-18,9999-12-31,True,Emma Braun,Deutschland
C00292,Laura,Klein,customer292@example.com,Leipzig,DE,Budget,2024-08-10,True,292,2024-08-10,9999-12-31,True,Laura Klein,Deutschland
C00293,Niklas,Schröder,customer293@example.com,Salzburg,AT,Standard,2024-10-15,True,293,2024-10-15,9999-12-31,True,Niklas Schröder,Österreich
C00294,Marie,Hoffmann,customer294@example.com,München,DE,Budget,2024-12-04,True,294,2024-12-04,9999-12-31,True,Marie Hoffmann,Deutschland
C00295,Niklas,Richter,customer295@example.com,Wien,AT,Standard,2024-08-07,True,295,2024-08-07,9999-12-31,True,Niklas Richter,Österreich
C00296,Marie,Klein,customer296@example.com,München,DE,Budget,2024-01-16,True,296,2024-01-16,9999-12-31,True,Marie Klein,Deutschland
C00297,Paul,Hoffmann,customer297@example.com,München,DE,Standard,2024-08-16,True,297,2024-08-16,9999-12-31,True,Paul Hoffmann,Deutschland
C00298,Clara,Wagner,customer298@example.com,Berlin,DE,Premium,2023-12-10,True,298,2023-12-10,9999-12-31,True,Clara Wagner,Deutschland
C00299,David,Müller,customer299@example.com,Bremen,DE,Standard,2024-12-11,True,299,2024-12-11,9999-12-31,True,David Müller,Deutschland
C00300,Tim,Schneider,customer300@example.com,Bremen,DE,Standard,2023-04-12,True,300,2023-04-12,9999-12-31,True,Tim Schneider,Deutschland
C00301,Niklas,Becker,customer301@example.com,München,DE,Standard,2023-01-03,True,301,2023-01-03,9999-12-31,True,Niklas Becker,Deutschland
C00302,Julia,Weber,customer302@example.com,Genf,CH,Standard,2023-08-09,True,302,2023-08-09,9999-12-31,True,Julia Weber,Schweiz
C00303,Lisa,Meyer,customer303@example.com,Bremen,DE,Budget,2023-02-12,True,303,2023-02-12,9999-12-31,True,Lisa Meyer,Deutschland
C00304,Simon,Koch,customer304@example.com,Hannover,DE,Premium,2023-01-21,True,304,2023-01-21,9999-12-31,True,Simon Koch,Deutschland
C00305,Jan,Wolf,customer305@example.com,Linz,AT,Standard,2024-12-15,True,305,2024-12-15,9999-12-31,True,Jan Wolf,Österreich
C00306,Sophie,Schröder,customer306@example.com,Bern,CH,Standard,2023-11-30,True,306,2023-11-30,9999-12-31,True,Sophie Schröder,Schweiz
C00307,Lukas,Becker,customer307@example.com,Linz,AT,Standard,2023-06-05,True,307,2023-06-05,9999-12-31,True,Lukas Becker,Österreich
C00308,Moritz,Richter,customer308@example.com,Zürich,CH,Standard,2023-01-02,True,308,2023-01-02,9999-12-31,True,Moritz Richter,Schweiz
C00309,Julia,Schäfer,customer309@example.com,Hannover,DE,Budget,2023-09-20,True,309,2023-09-20,9999-12-31,True,Julia Schäfer,Deutschland
C00310,Lena,Fischer,customer310@example.com,Innsbruck,AT,Standard,2024-03-20,False,310,2024-03-20,9999-12-31,True,Lena Fischer,Österreich
C00311,Julia,Richter,customer311@example.com,Lausanne,CH,Standard,2024-01-20,True,311,2024-01-20,9999-12-31,True,Julia Richter,Schweiz
C00312,Niklas,Hoffmann,customer312@example.com,Lausanne,CH,Budget,2023-04-28,True,312,2023-04-28,9999-12-31,True,Niklas Hoffmann,Schweiz
C00313,Elena,Schröder,customer313@example.com,Nürnberg,DE,Standard,2024-08-06,True,313,2024-08-06,9999-12-31,True,Elena Schröder,Deutschland
C00314,Elena,Fischer,customer314@example.com,Frankfurt,DE,Standard,2023-02-19,True,314,2023-02-19,9999-12-31,True,Elena Fischer,Deutschland
C00315,Lena,Müller,customer315@example.com,Zürich,CH,Standard,2024-11-06,True,315,2024-11-06,9999-12-31,True,Lena Müller,Schweiz
C00316,Julia,Schmidt,customer316@example.com,Innsbruck,AT,Standard,2024-04-27,True,316,2024-04-27,9999-12-31,True,Julia Schmidt,Österreich
C00317,Leon,Wolf,customer317@example.com,Lausanne,CH,Standard,2024-03-07,True,317,2024-03-07,9999-12-31,True,Leon Wolf,Schweiz
C00318,Jonas,Klein,customer318@example.com,Hannover,DE,Standard,2024-10-11,False,318,2024-10-11,9999-12-31,True,Jonas Klein,Deutschland
C00319,Lukas,Wagner,customer319@example.com,München,DE,Standard,2023-11-16,True,319,2023-11-16,9999-12-31,True,Lukas Wagner,Deutschland
C00320,Felix,Hoffmann,customer320@example.com,Lausanne,CH,Standard,2024-09-28,True,320,2024-09-28,9999-12-31,True,Felix Hoffmann,Schweiz
C00321,Sophie,Meyer,customer321@example.com,Graz,AT,Standard,2024-06-14,True,321,2024-06-14,9999-12-31,True,Sophie Meyer,Österreich
C00322,Laura,Weber,customer322@example.com,Graz,AT,Budget,2023-02-05,True,322,2023-02-05,9999-12-31,True,Laura Weber,Österreich
C00323,Marie,Hoffmann,customer323@example.com,Leipzig,DE,Standard,2023-12-19,True,323,2023-12-19,9999-12-31,True,Marie Hoffmann,Deutschland
C00324,Julia,Becker,customer324@example.com,München,DE,Budget,2024-05-31,True,324,2024-05-31,9999-12-31,True,Julia Becker,Deutschland
C00325,Lukas,Meyer,customer325@example.com,Lausanne,CH,Premium,2024-01-16,True,325,2024-01-16,9999-12-31,True,Lukas Meyer,Schweiz
C00326,Lukas,Schmidt,customer326@example.com,Stuttgart,DE,Standard,2023-07-28,True,326,2023-07-28,9999-12-31,True,Lukas Schmidt,Deutschland
C00327,Sophie,Weber,customer327@example.com,Lausanne,CH,Standard,2024-03-17,True,327,2024-03-17,9999-12-31,True,Sophie Weber,Schweiz
C00328,Simon,Schröder,customer328@example.com,Salzburg,AT,Premium,2024-09-09,True,328,2024-09-09,9999-12-31,True,Simon Schröder,Österreich
C00329,Lisa,Richter,customer329@example.com,Leipzig,DE,Premium,2024-05-29,True,329,2024-05-29,9999-12-31,True,Lisa Richter,Deutschland
C00330,Mia,Becker,customer330@example.com,Lausanne,CH,Budget,2024-05-31,True,330,2024-05-31,9999-12-31,True,Mia Becker,Schweiz
C00331,Marie,Braun,customer331@example.com,Genf,CH,Budget,2023-03-25,True,331,2023-03-25,9999-12-31,True,Marie Braun,Schweiz
C00332,Marie,Schmidt,customer332@example.com,Genf,CH,Premium,2024-04-04,True,332,2024-04-04,9999-12-31,True,Marie Schmidt,Schweiz
C00333,Jonas,Schmidt,customer333@example.com,Zürich,CH,Budget,2024-07-31,True,333,2024-07-31,9999-12-31,True,Jonas Schmidt,Schweiz
C00334,Simon,Fischer,customer334@example.com,Hannover,DE,Budget,2023-06-29,True,334,2023-06-29,9999-12-31,True,Simon Fischer,Deutschland
C00335,Clara,Weber,customer335@example.com,Lausanne,CH,Standard,2023-05-23,True,335,2023-05-23,9999-12-31,True,Clara Weber,Schweiz
C00336,Marie,Braun,customer336@example.com,Innsbruck,AT,Standard,2023-02-11,True,336,2023-02-11,9999-12-31,True,Marie Braun,Österreich
C00337,Sarah,Meyer,customer337@example.com,Nürnberg,DE,Premium,2024-10-31,True,337,2024-10-31,9999-12-31,True,Sarah Meyer,Deutschland
C00338,David,Schneider,customer338@example.com,Graz,AT,Standard,2023-03-14,True,338,2023-03-14,9999-12-31,True,David Schneider,Österreich
C00339,Mia,Braun,customer339@example.com,Zürich,CH,Standard,2023-07-25,True,339,2023-07-25,9999-12-31,True,Mia Braun,Schweiz
C00340,Sophie,Klein,customer340@example.com,Lausanne,CH,Premium,2023-10-16,True,340,2023-10-16,9999-12-31,True,Sophie Klein,Schweiz
C00341,Mia,Schneider,customer341@example.com,Graz,AT,Budget,2024-01-16,True,341,2024-01-16,9999-12-31,True,Mia Schneider,Österreich
C00342,Anna,Becker,customer342@example.com,Wien,AT,Standard,2023-04-27,True,342,2023-04-27,9999-12-31,True,Anna Becker,Österreich
C00343,Paul,Bauer,customer343@example.com,Linz,AT,Budget,2024-08-02,True,343,2024-08-02,9999-12-31,True,Paul Bauer,Österreich
C00344,Sarah,Braun,customer344@example.com,Wien,AT,Standard,2024-06-26,True,344,2024-06-26,9999-12-31,True,Sarah Braun,Österreich
C00345,Anna,Weber,customer345@example.com,Hannover,DE,Budget,2023-09-11,True,345,2023-09-11,9999-12-31,True,Anna Weber,Deutschland
C00346,Tim,Braun,customer346@example.com,München,DE,Premium,2024-01-17,True,346,2024-01-17,9999-12-31,True,Tim Braun,Deutschland
C00347,Jonas,Schneider,customer347@example.com,Dresden,DE,Premium,2023-03-24,True,347,2023-03-24,9999-12-31,True,Jonas Schneider,Deutschland
C00348,Lisa,Schröder,customer348@example.com,Graz,AT,Premium,2023-09-20,True,348,2023-09-20,9999-12-31,True,Lisa Schröder,Österreich
C00349,Moritz,Weber,customer349@example.com,Düsseldorf,DE,Standard,2024-07-05,True,349,2024-07-05,9999-12-31,True,Moritz Weber,Deutschland
C00350,Marie,Wagner,customer350@example.com,Basel,CH,Budget,2024-02-24,True,350,2024-02-24,9999-12-31,True,Marie Wagner,Schweiz
C00351,Clara,Klein,customer351@example.com,Hamburg,DE,Standard,2024-06-02,True,351,2024-06-02,9999-12-31,True,Clara Klein,Deutschland
C00352,Simon,Schmidt,customer352@example.com,Köln,DE,Premium,2024-05-24,True,352,2024-05-24,9999-12-31,True,Simon Schmidt,Deutschland
C00353,Niklas,Schäfer,customer353@example.com,Stuttgart,DE,Standard,2024-08-13,True,353,2024-08-13,9999-12-31,True,Niklas Schäfer,Deutschland
C00354,Paul,Braun,customer354@example.com,Köln,DE,Standard,2023-03-06,True,354,2023-03-06,9999-12-31,True,Paul Braun,Deutschland
C00355,Sophie,Neumann,customer355@example.com,Köln,DE,Premium,2023-06-22,True,355,2023-06-22,9999-12-31,True,Sophie Neumann,Deutschland
C00356,Simon,Fischer,customer356@example.com,Genf,CH,Budget,2023-11-04,True,356,2023-11-04,9999-12-31,True,Simon Fischer,Schweiz
C00357,Jonas,Meyer,customer357@example.com,Zürich,CH,Standard,2023-08-15,True,357,2023-08-15,9999-12-31,True,Jonas Meyer,Schweiz
C00358,Moritz,Hoffmann,customer358@example.com,Innsbruck,AT,Budget,2023-04-15,True,358,2023-04-15,9999-12-31,True,Moritz Hoffmann,Österreich
C00359,Max,Schäfer,customer359@example.com,Salzburg,AT,Budget,2023-01-29,True,359,2023-01-29,9999-12-31,True,Max Schäfer,Österreich
C00360,Tim,Schmidt,customer360@example.com,Leipzig,DE,Standard,2023-10-11,True,360,2023-10-11,9999-12-31,True,Tim Schmidt,Deutschland
C00361,Moritz,Richter,customer361@example.com,Innsbruck,AT,Standard,2023-03-20,True,361,2023-03-20,9999-12-31,True,Moritz Richter,Österreich
C00362,Leon,Becker,customer362@example.com,Berlin,DE,Premium,2023-03-28,False,362,2023-03-28,9999-12-31,True,Leon Becker,Deutschland
C00363,Paul,Schneider,customer363@example.com,Hannover,DE,Premium,2024-01-20,True,363,2024-01-20,9999-12-31,True,Paul Schneider,Deutschland
C00364,Sarah,Fischer,customer364@example.com,Genf,CH,Standard,2023-08-20,True,364,2023-08-20,9999-12-31,True,Sarah Fischer,Schweiz
C00365,Jan,Koch,customer365@example.com,Düsseldorf,DE,Standard,2024-05-13,True,365,2024-05-13,9999-12-31,True,Jan Koch,Deutschland
C00366,Laura,Schäfer,customer366@example.com,Lausanne,CH,Premium,2023-12-18,False,366,2023-12-18,9999-12-31,True,Laura Schäfer,Schweiz
C00367,Laura,Becker,customer367@example.com,Innsbruck,AT,Standard,2023-08-11,True,367,2023-08-11,9999-12-31,True,Laura Becker,Österreich
C00368,Sophie,Fischer,customer368@example.com,Zürich,CH,Budget,2024-07-14,True,368,2024-07-14,9999-12-31,True,Sophie Fischer,Schweiz
C00369,Sophie,Bauer,customer369@example.com,Zürich,CH,Standard,2023-05-29,True,369,2023-05-29,9999-12-31,True,Sophie Bauer,Schweiz
C00370,Lisa,Schmidt,customer370@example.com,Wien,AT,Premium,2024-11-23,True,370,2024-11-23,9999-12-31,True,Lisa Schmidt,Österreich
C00371,Simon,Hoffmann,customer371@example.com,Leipzig,DE,Standard,2024-02-06,True,371,2024-02-06,9999-12-31,True,Simon Hoffmann,Deutschland
C00372,Mia,Bauer,customer372@example.com,Zürich,CH,Standard,2024-02-18,True,372,2024-02-18,9999-12-31,True,Mia Bauer,Schweiz
C00373,Simon,Wagner,customer373@example.com,Genf,CH,Budget,2023-05-02,True,373,2023-05-02,9999-12-31,True,Simon Wagner,Schweiz
C00374,Paul,Becker,customer374@example.com,Zürich,CH,Budget,2023-05-29,True,374,2023-05-29,9999-12-31,True,Paul Becker,Schweiz
C00375,Clara,Koch,customer375@example.com,Bremen,DE,Standard,2023-07-22,True,375,2023-07-22,9999-12-31,True,Clara Koch,Deutschland
C00376,Anna,Wolf,customer376@example.com,Wien,AT,Premium,2024-04-10,True,376,2024-04-10,9999-12-31,True,Anna Wolf,Österreich
C00377,Elena,Bauer,customer377@example.com,Linz,AT,Budget,2024-02-11,True,377,2024-02-11,9999-12-31,True,Elena Bauer,Österreich
C00378,Lukas,Wagner,customer378@example.com,Berlin,DE,Standard,2024-11-26,True,378,2024-11-26,9999-12-31,True,Lukas Wagner,Deutschland
C00379,Laura,Schäfer,customer379@example.com,Köln,DE,Standard,2023-04-21,True,379,2023-04-21,9999-12-31,True,Laura Schäfer,Deutschland
C00380,Lukas,Müller,customer380@example.com,Bremen,DE,Standard,2023-09-18,True,380,2023-09-18,9999-12-31,True,Lukas Müller,Deutschland
C00381,Lena,Klein,customer381@example.com,Nürnberg,DE,Standard,2024-05-05,True,381,2024-05-05,9999-12-31,True,Lena Klein,Deutschland
C00382,Paul,Hoffmann,customer382@example.com,Dresden,DE,Standard,2023-04-22,False,382,2023-04-22,9999-12-31,True,Paul Hoffmann,Deutschland
C00383,Moritz,Klein,customer383@example.com,Lausanne,CH,Standard,2023-01-12,True,383,2023-01-12,9999-12-31,True,Moritz Klein,Schweiz
C00384,Lisa,Meyer,customer384@example.com,Basel,CH,Budget,2024-08-09,True,384,2024-08-09,9999-12-31,True,Lisa Meyer,Schweiz
C00385,Sophie,Schäfer,customer385@example.com,Frankfurt,DE,Budget,2024-09-14,True,385,2024-09-14,9999-12-31,True,Sophie Schäfer,Deutschland
C00386,Clara,Becker,customer386@example.com,Köln,DE,Standard,2024-04-13,False,386,2024-04-13,9999-12-31,True,Clara Becker,Deutschland
C00387,Paul,Neumann,customer387@example.com,Graz,AT,Standard,2023-07-07,True,387,2023-07-07,9999-12-31,True,Paul Neumann,Österreich
C00388,Elena,Weber,customer388@example.com,Graz,AT,Standard,2024-05-29,True,388,2024-05-29,9999-12-31,True,Elena Weber,Österreich
C00389,Anna,Braun,customer389@example.com,Frankfurt,DE,Standard,2024-06-19,False,389,2024-06-19,9999-12-31,True,Anna Braun,Deutschland
C00390,Sarah,Richter,customer390@example.com,Bern,CH,Budget,2023-11-15,True,390,2023-11-15,9999-12-31,True,Sarah Richter,Schweiz
C00391,Jan,Schröder,customer391@example.com,Genf,CH,Standard,2024-12-04,True,391,2024-12-04,9999-12-31,True,Jan Schröder,Schweiz
C00392,Max,Braun,customer392@example.com,Innsbruck,AT,Standard,2023-07-02,False,392,2023-07-02,9999-12-31,True,Max Braun,Österreich
C00393,Paul,Müller,customer393@example.com,Linz,AT,Standard,2023-04-28,True,393,2023-04-28,9999-12-31,True,Paul Müller,Österreich
C00394,David,Meyer,customer394@example.com,Salzburg,AT,Budget,2023-02-16,True,394,2023-02-16,9999-12-31,True,David Meyer,Österreich
C00395,Lisa,Weber,customer395@example.com,Düsseldorf,DE,Standard,2023-05-17,True,395,2023-05-17,9999-12-31,True,Lisa Weber,Deutschland
C00396,Moritz,Richter,customer396@example.com,Zürich,CH,Standard,2024-09-10,True,396,2024-09-10,9999-12-31,True,Moritz Richter,Schweiz
C00397,Lukas,Klein,customer397@example.com,Bern,CH,Standard,2024-03-01,True,397,2024-03-01,9999-12-31,True,Lukas Klein,Schweiz
C00398,Niklas,Schäfer,customer398@example.com,Köln,DE,Budget,2023-02-18,True,398,2023-02-18,9999-12-31,True,Niklas Schäfer,Deutschland
C00399,Felix,Wagner,customer399@example.com,Frankfurt,DE,Standard,2024-09-29,True,399,2024-09-29,9999-12-31,True,Felix Wagner,Deutschland
C00400,Sarah,Bauer,customer400@example.com,Frankfurt,DE,Premium,2023-07-01,True,400,2023-07-01,9999-12-31,True,Sarah Bauer,Deutschland
C00401,Elena,Bauer,customer401@example.com,Frankfurt,DE,Premium,2024-12-25,False,401,2024-12-25,9999-12-31,True,Elena Bauer,Deutschland
C00402,Simon,Klein,customer402@example.com,Düsseldorf,DE,Standard,2023-06-12,True,402,2023-06-12,9999-12-31,True,Simon Klein,Deutschland
C00403,Paul,Meyer,customer403@example.com,Lausanne,CH,Premium,2024-09-09,True,403,2024-09-09,9999-12-31,True,Paul Meyer,Schweiz
C00404,Emma,Koch,customer404@example.com,Hannover,DE,Premium,2024-08-18,True,404,2024-08-18,9999-12-31,True,Emma Koch,Deutschland
C00405,Marie,Wolf,customer405@example.com,Berlin,DE,Premium,2024-06-02,True,405,2024-06-02,9999-12-31,True,Marie Wolf,Deutschland
C00406,David,Schröder,customer406@example.com,Basel,CH,Budget,2024-04-16,False,406,2024-04-16,9999-12-31,True,David Schröder,Schweiz
C00407,Leon,Braun,customer407@example.com,Bremen,DE,Premium,2023-05-22,True,407,2023-05-22,9999-12-31,True,Leon Braun,Deutschland
C00408,Jan,Bauer,customer408@example.com,Köln,DE,Standard,2023-11-01,True,408,2023-11-01,9999-12-31,True,Jan Bauer,Deutschland
C00409,Sophie,Schäfer,customer409@example.com,Zürich,CH,Premium,2024-09-20,True,409,2024-09-20,9999-12-31,True,Sophie Schäfer,Schweiz
C00410,Elena,Schmidt,customer410@example.com,Berlin,DE,Standard,2024-08-15,True,410,2024-08-15,9999-12-31,True,Elena Schmidt,Deutschland
C00411,Moritz,Neumann,customer411@example.com,Düsseldorf,DE,Standard,2024-08-20,True,411,2024-08-20,9999-12-31,True,Moritz Neumann,Deutschland
C00412,Lena,Weber,customer412@example.com,München,DE,Budget,2024-07-30,True,412,2024-07-30,9999-12-31,True,Lena Weber,Deutschland
C00413,Lisa,Schröder,customer413@example.com,München,DE,Standard,2023-04-08,True,413,2023-04-08,9999-12-31,True,Lisa Schröder,Deutschland
C00414,David,Becker,customer414@example.com,Bremen,DE,Premium,2023-12-10,True,414,2023-12-10,9999-12-31,True,David Becker,Deutschland
C00415,Jan,Neumann,customer415@example.com,Hamburg,DE,Standard,2024-12-04,True,415,2024-12-04,9999-12-31,True,Jan Neumann,Deutschland
C00416,Sophie,Klein,customer416@example.com,Basel,CH,Budget,2023-06-03,False,416,2023-06-03,9999-12-31,True,Sophie Klein,Schweiz
C00417,David,Klein,customer417@example.com,Leipzig,DE,Standard,2023-08-01,True,417,2023-08-01,9999-12-31,True,David Klein,Deutschland
C00418,Anna,Schneider,customer418@example.com,Innsbruck,AT,Budget,2024-03-22,True,418,2024-03-22,9999-12-31,True,Anna Schneider,Österreich
C00419,Marie,Wagner,customer419@example.com,Basel,CH,Standard,2023-08-15,True,419,2023-08-15,9999-12-31,True,Marie Wagner,Schweiz
C00420,Jan,Weber,customer420@example.com,Zürich,CH,Budget,2024-03-02,True,420,2024-03-02,9999-12-31,True,Jan Weber,Schweiz
C00421,Elena,Hoffmann,customer421@example.com,Nürnberg,DE,Standard,2023-01-08,True,421,2023-01-08,9999-12-31,True,Elena Hoffmann,Deutschland
C00422,David,Schröder,customer422@example.com,Dresden,DE,Budget,2024-07-12,True,422,2024-07-12,9999-12-31,True,David Schröder,Deutschland
C00423,Julia,Schmidt,customer423@example.com,Basel,CH,Standard,2024-03-29,True,423,2024-03-29,9999-12-31,True,Julia Schmidt,Schweiz
C00424,Emma,Koch,customer424@example.com,Hamburg,DE,Budget,2023-10-10,True,424,2023-10-10,9999-12-31,True,Emma Koch,Deutschland
C00425,Leon,Schröder,customer425@example.com,Berlin,DE,Standard,2024-06-03,True,425,2024-06-03,9999-12-31,True,Leon Schröder,Deutschland
C00426,Clara,Hoffmann,customer426@example.com,Stuttgart,DE,Budget,2024-01-01,True,426,2024-01-01,9999-12-31,True,Clara Hoffmann,Deutschland
C00427,Paul,Richter,customer427@example.com,Salzburg,AT,Standard,2023-05-09,True,427,2023-05-09,9999-12-31,True,Paul Richter,Österreich
C00428,Lukas,Müller,customer428@example.com,Köln,DE,Premium,2024-06-20,True,428,2024-06-20,9999-12-31,True,Lukas Müller,Deutschland
C00429,Jonas,Meyer,customer429@example.com,Köln,DE,Standard,2023-08-15,True,429,2023-08-15,9999-12-31,True,Jonas Meyer,Deutschland
C00430,Tim,Schmidt,customer430@example.com,Bremen,DE,Budget,2024-01-12,True,430,2024-01-12,9999-12-31,True,Tim Schmidt,Deutschland
C00431,Anna,Schneider,customer431@example.com,Genf,CH,Budget,2024-12-28,True,431,2024-12-28,9999-12-31,True,Anna Schneider,Schweiz
C00432,Elena,Müller,customer432@example.com,Salzburg,AT,Standard,2023-10-04,True,432,2023-10-04,9999-12-31,True,Elena Müller,Österreich
C00433,David,Braun,customer433@example.com,Dresden,DE,Budget,2023-11-03,True,433,2023-11-03,9999-12-31,True,David Braun,Deutschland
C00434,Moritz,Weber,customer434@example.com,Salzburg,AT,Budget,2024-10-23,True,434,2024-10-23,9999-12-31,True,Moritz Weber,Österreich
C00435,Mia,Schröder,customer435@example.com,Hamburg,DE,Premium,2023-10-16,True,435,2023-10-16,9999-12-31,True,Mia Schröder,Deutschland
C00436,Jonas,Müller,customer436@example.com,Linz,AT,Budget,2024-03-29,True,436,2024-03-29,9999-12-31,True,Jonas Müller,Österreich
C00437,David,Meyer,customer437@example.com,Hamburg,DE,Standard,2024-05-30,False,437,2024-05-30,9999-12-31,True,David Meyer,Deutschland
C00438,Mia,Klein,customer438@example.com,Genf,CH,Budget,2023-10-29,True,438,2023-10-29,9999-12-31,True,Mia Klein,Schweiz
C00439,Emma,Müller,customer439@example.com,Dresden,DE,Budget,2023-07-26,False,439,2023-07-26,9999-12-31,True,Emma Müller,Deutschland
C00440,Marie,Klein,customer440@example.com,München,DE,Budget,2024-07-11,True,440,2024-07-11,9999-12-31,True,Marie Klein,Deutschland
C00441,Sarah,Neumann,customer441@example.com,Hamburg,DE,Premium,2024-10-20,True,441,2024-10-20,9999-12-31,True,Sarah Neumann,Deutschland
C00442,Clara,Schröder,customer442@example.com,Stuttgart,DE,Budget,2024-12-27,True,442,2024-12-27,9999-12-31,True,Clara Schröder,Deutschland
C00443,Jan,Hoffmann,customer443@example.com,Hamburg,DE,Budget,2024-03-01,True,443,2024-03-01,9999-12-31,True,Jan Hoffmann,Deutschland
C00444,Jonas,Wolf,customer444@example.com,Graz,AT,Standard,2023-03-04,True,444,2023-03-04,9999-12-31,True,Jonas Wolf,Österreich
C00445,Laura,Neumann,customer445@example.com,Genf,CH,Standard,2024-11-06,False,445,2024-11-06,9999-12-31,True,Laura Neumann,Schweiz
C00446,Sarah,Koch,customer446@example.com,Basel,CH,Premium,2023-03-30,True,446,2023-03-30,9999-12-31,True,Sarah Koch,Schweiz
C00447,Jonas,Fischer,customer447@example.com,Graz,AT,Premium,2023-08-10,True,447,2023-08-10,9999-12-31,True,Jonas Fischer,Österreich
C00448,Sarah,Hoffmann,customer448@example.com,München,DE,Budget,2024-09-28,True,448,2024-09-28,9999-12-31,True,Sarah Hoffmann,Deutschland
C00449,Moritz,Schröder,customer449@example.com,Salzburg,AT,Premium,2024-04-21,True,449,2024-04-21,9999-12-31,True,Moritz Schröder,Österreich
C00450,Niklas,Weber,customer450@example.com,Graz,AT,Standard,2024-07-15,True,450,2024-07-15,9999-12-31,True,Niklas Weber,Österreich
C00451,Jonas,Fischer,customer451@example.com,Bremen,DE,Budget,2023-07-20,False,451,2023-07-20,9999-12-31,True,Jonas Fischer,Deutschland
C00452,Paul,Wolf,customer452@example.com,Berlin,DE,Premium,2023-01-08,True,452,2023-01-08,9999-12-31,True,Paul Wolf,Deutschland
C00453,David,Hoffmann,customer453@example.com,Graz,AT,Standard,2024-07-12,True,453,2024-07-12,9999-12-31,True,David Hoffmann,Österreich
C00454,Niklas,Meyer,customer454@example.com,Lausanne,CH,Standard,2023-08-20,True,454,2023-08-20,9999-12-31,True,Niklas Meyer,Schweiz
C00455,Sophie,Bauer,customer455@example.com,Frankfurt,DE,Standard,2024-03-30,True,455,2024-03-30,9999-12-31,True,Sophie Bauer,Deutschland
C00456,Simon,Hoffmann,customer456@example.com,München,DE,Standard,2023-06-11,True,456,2023-06-11,9999-12-31,True,Simon Hoffmann,Deutschland
C00457,Emma,Neumann,customer457@example.com,Stuttgart,DE,Premium,2023-08-02,True,457,2023-08-02,9999-12-31,True,Emma Neumann,Deutschland
C00458,Lena,Müller,customer458@example.com,Leipzig,DE,Standard,2024-04-11,True,458,2024-04-11,9999-12-31,True,Lena Müller,Deutschland
C00459,Sarah,Schneider,customer459@example.com,Hamburg,DE,Standard,2024-02-28,True,459,2024-02-28,9999-12-31,True,Sarah Schneider,Deutschland
C00460,Marie,Neumann,customer460@example.com,Innsbruck,AT,Premium,2024-10-14,True,460,2024-10-14,9999-12-31,True,Marie Neumann,Österreich
C00461,Max,Wagner,customer461@example.com,Hannover,DE,Budget,2024-02-08,True,461,2024-02-08,9999-12-31,True,Max Wagner,Deutschland
C00462,Clara,Hoffmann,customer462@example.com,Nürnberg,DE,Standard,2023-12-29,False,462,2023-12-29,9999-12-31,True,Clara Hoffmann,Deutschland
C00463,Elena,Wagner,customer463@example.com,Dresden,DE,Standard,2024-06-12,False,463,2024-06-12,9999-12-31,True,Elena Wagner,Deutschland
C00464,Jan,Koch,customer464@example.com,Hannover,DE,Premium,2024-05-08,True,464,2024-05-08,9999-12-31,True,Jan Koch,Deutschland
C00465,Julia,Bauer,customer465@example.com,Berlin,DE,Budget,2023-06-17,True,465,2023-06-17,9999-12-31,True,Julia Bauer,Deutschland
C00466,Lisa,Müller,customer466@example.com,Wien,AT,Budget,2023-09-25,True,466,2023-09-25,9999-12-31,True,Lisa Müller,Österreich
C00467,Sarah,Richter,customer467@example.com,Köln,DE,Budget,2024-06-03,False,467,2024-06-03,9999-12-31,True,Sarah Richter,Deutschland
C00468,Anna,Fischer,customer468@example.com,Basel,CH,Standard,2024-10-19,True,468,2024-10-19,9999-12-31,True,Anna Fischer,Schweiz
C00469,Jan,Wolf,customer469@example.com,Zürich,CH,Standard,2024-04-29,True,469,2024-04-29,9999-12-31,True,Jan Wolf,Schweiz
C00470,Jan,Wolf,customer470@example.com,Berlin,DE,Budget,2023-11-28,True,470,2023-11-28,9999-12-31,True,Jan Wolf,Deutschland
C00471,Anna,Koch,customer471@example.com,Dresden,DE,Standard,2023-07-21,True,471,2023-07-21,9999-12-31,True,Anna Koch,Deutschland
C00472,Jonas,Wagner,customer472@example.com,Bern,CH,Budget,2023-04-28,True,472,2023-04-28,9999-12-31,True,Jonas Wagner,Schweiz
C00473,Marie,Schneider,customer473@example.com,Genf,CH,Standard,2024-05-28,True,473,2024-05-28,9999-12-31,True,Marie Schneider,Schweiz
C00474,Lukas,Koch,customer474@example.com,Innsbruck,AT,Standard,2023-09-25,True,474,2023-09-25,9999-12-31,True,Lukas Koch,Österreich
C00475,Moritz,Meyer,customer475@example.com,Köln,DE,Budget,2023-08-01,True,475,2023-08-01,9999-12-31,True,Moritz Meyer,Deutschland
C00476,Lukas,Richter,customer476@example.com,Zürich,CH,Standard,2024-02-24,True,476,2024-02-24,9999-12-31,True,Lukas Richter,Schweiz
C00477,Lukas,Bauer,customer477@example.com,Bremen,DE,Budget,2024-03-26,True,477,2024-03-26,9999-12-31,True,Lukas Bauer,Deutschland
C00478,Lisa,Fischer,customer478@example.com,Leipzig,DE,Standard,2023-03-16,True,478,2023-03-16,9999-12-31,True,Lisa Fischer,Deutschland
C00479,Leon,Wagner,customer479@example.com,München,DE,Premium,2024-03-15,True,479,2024-03-15,9999-12-31,True,Leon Wagner,Deutschland
C00480,Mia,Schäfer,customer480@example.com,Berlin,DE,Standard,2024-07-12,True,480,2024-07-12,9999-12-31,True,Mia Schäfer,Deutschland
C00481,Tim,Neumann,customer481@example.com,Hannover,DE,Premium,2024-04-23,True,481,2024-04-23,9999-12-31,True,Tim Neumann,Deutschland
C00482,Mia,Bauer,customer482@example.com,Leipzig,DE,Standard,2024-11-18,True,482,2024-11-18,9999-12-31,True,Mia Bauer,Deutschland
C00483,Leon,Schneider,customer483@example.com,Innsbruck,AT,Budget,2024-03-09,True,483,2024-03-09,9999-12-31,True,Leon Schneider,Österreich
C00484,Lena,Braun,customer484@example.com,Graz,AT,Standard,2023-12-29,True,484,2023-12-29,9999-12-31,True,Lena Braun,Österreich
C00485,Lena,Weber,customer485@example.com,Genf,CH,Budget,2024-06-25,True,485,2024-06-25,9999-12-31,True,Lena Weber,Schweiz
C00486,Simon,Meyer,customer486@example.com,Köln,DE,Standard,2023-02-04,True,486,2023-02-04,9999-12-31,True,Simon Meyer,Deutschland
C00487,David,Neumann,customer487@example.com,Innsbruck,AT,Standard,2023-03-18,True,487,2023-03-18,9999-12-31,True,David Neumann,Österreich
C00488,Leon,Hoffmann,customer488@example.com,Frankfurt,DE,Standard,2023-03-10,True,488,2023-03-10,9999-12-31,True,Leon Hoffmann,Deutschland
C00489,Simon,Schneider,customer489@example.com,Lausanne,CH,Standard,2024-01-14,True,489,2024-01-14,9999-12-31,True,Simon Schneider,Schweiz
C00490,Niklas,Klein,customer490@example.com,Bern,CH,Standard,2024-05-11,True,490,2024-05-11,9999-12-31,True,Niklas Klein,Schweiz
C00491,Sophie,Müller,customer491@example.com,Hannover,DE,Standard,2023-12-25,True,491,2023-12-25,9999-12-31,True,Sophie Müller,Deutschland
C00492,Anna,Koch,customer492@example.com,Hamburg,DE,Standard,2023-04-21,True,492,2023-04-21,9999-12-31,True,Anna Koch,Deutschland
C00493,Clara,Weber,customer493@example.com,Hamburg,DE,Budget,2023-04-14,True,493,2023-04-14,9999-12-31,True,Clara Weber,Deutschland
C00494,Leon,Fischer,customer494@example.com,Köln,DE,Budget,2024-10-18,True,494,2024-10-18,9999-12-31,True,Leon Fischer,Deutschland
C00495,Clara,Richter,customer495@example.com,Genf,CH,Standard,2023-09-24,False,495,2023-09-24,9999-12-31,True,Clara Richter,Schweiz
C00496,Felix,Weber,customer496@example.com,Lausanne,CH,Budget,2024-01-30,True,496,2024-01-30,9999-12-31,True,Felix Weber,Schweiz
C00497,Marie,Neumann,customer497@example.com,Graz,AT,Budget,2024-06-07,True,497,2024-06-07,9999-12-31,True,Marie Neumann,Österreich
C00498,Simon,Fischer,customer498@example.com,Bremen,DE,Standard,2024-08-04,True,498,2024-08-04,9999-12-31,True,Simon Fischer,Deutschland
C00499,Jan,Braun,customer499@example.com,Linz,AT,Budget,2024-12-15,True,499,2024-12-15,9999-12-31,True,Jan Braun,Österreich
C00500,Jan,Wolf,customer500@example.com,Zürich,CH,Budget,2024-08-26,True,500,2024-08-26,9999-12-31,True,Jan Wolf,Schweiz
C00501,Lisa,Hoffmann,customer501@example.com,Wien,AT,Premium,2023-06-12,False,501,2023-06-12,9999-12-31,True,Lisa Hoffmann,Österreich
C00502,Marie,Schneider,customer502@example.com,Innsbruck,AT,Standard,2023-05-27,True,502,2023-05-27,9999-12-31,True,Marie Schneider,Österreich
C00503,Simon,Schröder,customer503@example.com,Graz,AT,Budget,2024-12-01,True,503,2024-12-01,9999-12-31,True,Simon Schröder,Österreich
C00504,Lukas,Schäfer,customer504@example.com,Lausanne,CH,Premium,2024-11-13,True,504,2024-11-13,9999-12-31,True,Lukas Schäfer,Schweiz
C00505,Anna,Hoffmann,customer505@example.com,Salzburg,AT,Standard,2023-07-23,True,505,2023-07-23,9999-12-31,True,Anna Hoffmann,Österreich
C00506,Jan,Braun,customer506@example.com,Linz,AT,Standard,2023-06-12,True,506,2023-06-12,9999-12-31,True,Jan Braun,Österreich
C00507,Felix,Schneider,customer507@example.com,Düsseldorf,DE,Budget,2024-06-25,True,507,2024-06-25,9999-12-31,True,Felix Schneider,Deutschland
C00508,Paul,Becker,customer508@example.com,Berlin,DE,Budget,2024-07-02,True,508,2024-07-02,9999-12-31,True,Paul Becker,Deutschland
C00509,Max,Fischer,customer509@example.com,Dresden,DE,Budget,2023-05-07,True,509,2023-05-07,9999-12-31,True,Max Fischer,Deutschland
C00510,Sophie,Meyer,customer510@example.com,Dresden,DE,Standard,2024-01-19,True,510,2024-01-19,9999-12-31,True,Sophie Meyer,Deutschland
C00511,Paul,Richter,customer511@example.com,Graz,AT,Standard,2023-07-07,False,511,2023-07-07,9999-12-31,True,Paul Richter,Österreich
C00512,Marie,Schröder,customer512@example.com,Bern,CH,Standard,2023-05-03,True,512,2023-05-03,9999-12-31,True,Marie Schröder,Schweiz
C00513,Lisa,Meyer,customer513@example.com,München,DE,Premium,2024-01-15,False,513,2024-01-15,9999-12-31,True,Lisa Meyer,Deutschland
C00514,David,Schmidt,customer514@example.com,Wien,AT,Standard,2023-07-03,True,514,2023-07-03,9999-12-31,True,David Schmidt,Österreich
C00515,Simon,Wagner,customer515@example.com,Graz,AT,Standard,2024-09-23,True,515,2024-09-23,9999-12-31,True,Simon Wagner,Österreich
C00516,Niklas,Richter,customer516@example.com,Dresden,DE,Standard,2024-10-31,True,516,2024-10-31,9999-12-31,True,Niklas Richter,Deutschland
C00517,Moritz,Schäfer,customer517@example.com,Lausanne,CH,Standard,2023-01-31,True,517,2023-01-31,9999-12-31,True,Moritz Schäfer,Schweiz
C00518,Emma,Klein,customer518@example.com,Basel,CH,Standard,2024-10-21,True,518,2024-10-21,9999-12-31,True,Emma Klein,Schweiz
C00519,David,Fischer,customer519@example.com,Genf,CH,Premium,2024-02-12,True,519,2024-02-12,9999-12-31,True,David Fischer,Schweiz
C00520,Simon,Klein,customer520@example.com,Zürich,CH,Budget,2023-01-12,True,520,2023-01-12,9999-12-31,True,Simon Klein,Schweiz
C00521,Moritz,Wolf,customer521@example.com,Hannover,DE,Premium,2024-12-16,True,521,2024-12-16,9999-12-31,True,Moritz Wolf,Deutschland
C00522,Clara,Meyer,customer522@example.com,Zürich,CH,Budget,2023-04-06,True,522,2023-04-06,9999-12-31,True,Clara Meyer,Schweiz
C00523,Leon,Bauer,customer523@example.com,Leipzig,DE,Budget,2024-01-25,True,523,2024-01-25,9999-12-31,True,Leon Bauer,Deutschland
C00524,Max,Koch,customer524@example.com,Hannover,DE,Standard,2024-09-24,True,524,2024-09-24,9999-12-31,True,Max Koch,Deutschland
C00525,Sophie,Braun,customer525@example.com,Bremen,DE,Budget,2024-03-27,True,525,2024-03-27,9999-12-31,True,Sophie Braun,Deutschland
C00526,Lisa,Bauer,customer526@example.com,Innsbruck,AT,Standard,2023-07-17,True,526,2023-07-17,9999-12-31,True,Lisa Bauer,Österreich
C00527,Elena,Schäfer,customer527@example.com,Berlin,DE,Premium,2024-12-29,True,527,2024-12-29,9999-12-31,True,Elena Schäfer,Deutschland
C00528,Leon,Müller,customer528@example.com,Hannover,DE,Standard,2023-01-13,True,528,2023-01-13,9999-12-31,True,Leon Müller,Deutschland
C00529,Jonas,Bauer,customer529@example.com,Frankfurt,DE,Budget,2024-03-06,True,529,2024-03-06,9999-12-31,True,Jonas Bauer,Deutschland
C00530,Felix,Hoffmann,customer530@example.com,Lausanne,CH,Standard,2023-10-31,True,530,2023-10-31,9999-12-31,True,Felix Hoffmann,Schweiz
C00531,Julia,Hoffmann,customer531@example.com,Graz,AT,Premium,2023-08-15,True,531,2023-08-15,9999-12-31,True,Julia Hoffmann,Österreich
C00532,Sophie,Schmidt,customer532@example.com,Zürich,CH,Standard,2024-02-01,True,532,2024-02-01,9999-12-31,True,Sophie Schmidt,Schweiz
C00533,Paul,Richter,customer533@example.com,Hannover,DE,Premium,2023-04-10,True,533,2023-04-10,9999-12-31,True,Paul Richter,Deutschland
C00534,Sophie,Braun,customer534@example.com,Leipzig,DE,Budget,2023-09-20,True,534,2023-09-20,9999-12-31,True,Sophie Braun,Deutschland
C00535,Laura,Müller,customer535@example.com,Bremen,DE,Budget,2023-05-29,True,535,2023-05-29,9999-12-31,True,Laura Müller,Deutschland
C00536,Moritz,Schäfer,customer536@example.com,Hamburg,DE,Standard,2024-06-08,False,536,2024-06-08,9999-12-31,True,Moritz Schäfer,Deutschland
C00537,Paul,Weber,customer537@example.com,Nürnberg,DE,Budget,2024-07-11,True,537,2024-07-11,9999-12-31,True,Paul Weber,Deutschland
C00538,Lena,Schneider,customer538@example.com,Innsbruck,AT,Standard,2024-02-02,True,538,2024-02-02,9999-12-31,True,Lena Schneider,Österreich
C00539,Mia,Koch,customer539@example.com,Innsbruck,AT,Budget,2023-07-01,False,539,2023-07-01,9999-12-31,True,Mia Koch,Österreich
C00540,Lisa,Wolf,customer540@example.com,Stuttgart,DE,Standard,2023-04-29,True,540,2023-04-29,9999-12-31,True,Lisa Wolf,Deutschland
C00541,Niklas,Schäfer,customer541@example.com,Bremen,DE,Budget,2024-05-16,True,541,2024-05-16,9999-12-31,True,Niklas Schäfer,Deutschland
C00542,Marie,Wagner,customer542@example.com,München,DE,Premium,2024-02-25,True,542,2024-02-25,9999-12-31,True,Marie Wagner,Deutschland
C00543,Felix,Bauer,customer543@example.com,Berlin,DE,Premium,2023-02-24,True,543,2023-02-24,9999-12-31,True,Felix Bauer,Deutschland
C00544,Sophie,Wolf,customer544@example.com,Frankfurt,DE,Standard,2024-10-08,True,544,2024-10-08,9999-12-31,True,Sophie Wolf,Deutschland
C00545,Simon,Becker,customer545@example.com,Leipzig,DE,Standard,2023-08-13,True,545,2023-08-13,9999-12-31,True,Simon Becker,Deutschland
C00546,Jonas,Schmidt,customer546@example.com,Leipzig,DE,Standard,2023-07-14,True,546,2023-07-14,9999-12-31,True,Jonas Schmidt,Deutschland
C00547,Sophie,Becker,customer547@example.com,Bremen,DE,Budget,2023-08-06,True,547,2023-08-06,9999-12-31,True,Sophie Becker,Deutschland
C00548,Tim,Wolf,customer548@example.com,Basel,CH,Standard,2024-03-09,True,548,2024-03-09,9999-12-31,True,Tim Wolf,Schweiz
C00549,Julia,Wagner,customer549@example.com,Innsbruck,AT,Premium,2024-07-24,True,549,2024-07-24,9999-12-31,True,Julia Wagner,Österreich
C00550,Paul,Koch,customer550@example.com,Nürnberg,DE,Budget,2024-05-21,True,550,2024-05-21,9999-12-31,True,Paul Koch,Deutschland
C00551,Tim,Koch,customer551@example.com,Frankfurt,DE,Budget,2024-02-16,True,551,2024-02-16,9999-12-31,True,Tim Koch,Deutschland
C00552,Clara,Wolf,customer552@example.com,Stuttgart,DE,Premium,2023-08-04,True,552,2023-08-04,9999-12-31,True,Clara Wolf,Deutschland
C00553,Mia,Hoffmann,customer553@example.com,Innsbruck,AT,Standard,2023-01-05,True,553,2023-01-05,9999-12-31,True,Mia Hoffmann,Österreich
C00554,Anna,Wolf,customer554@example.com,Zürich,CH,Standard,2024-02-26,True,554,2024-02-26,9999-12-31,True,Anna Wolf,Schweiz
C00555,Marie,Meyer,customer555@example.com,Graz,AT,Budget,2024-03-28,True,555,2024-03-28,9999-12-31,True,Marie Meyer,Österreich
C00556,Sarah,Richter,customer556@example.com,Graz,AT,Standard,2024-12-14,True,556,2024-12-14,9999-12-31,True,Sarah Richter,Österreich
C00557,Laura,Bauer,customer557@example.com,Stuttgart,DE,Budget,2023-04-03,True,557,2023-04-03,9999-12-31,True,Laura Bauer,Deutschland
C00558,Paul,Braun,customer558@example.com,Innsbruck,AT,Budget,2023-11-27,True,558,2023-11-27,9999-12-31,True,Paul Braun,Österreich
C00559,Lisa,Fischer,customer559@example.com,Stuttgart,DE,Budget,2024-11-11,True,559,2024-11-11,9999-12-31,True,Lisa Fischer,Deutschland
C00560,Leon,Braun,customer560@example.com,Bremen,DE,Standard,2023-05-19,False,560,2023-05-19,9999-12-31,True,Leon Braun,Deutschland
C00561,Marie,Fischer,customer561@example.com,Lausanne,CH,Budget,2023-06-03,True,561,2023-06-03,9999-12-31,True,Marie Fischer,Schweiz
C00562,Tim,Koch,customer562@example.com,München,DE,Standard,2023-09-30,True,562,2023-09-30,9999-12-31,True,Tim Koch,Deutschland
C00563,Lena,Becker,customer563@example.com,Leipzig,DE,Budget,2023-05-21,True,563,2023-05-21,9999-12-31,True,Lena Becker,Deutschland
C00564,Felix,Neumann,customer564@example.com,Berlin,DE,Standard,2024-03-02,True,564,2024-03-02,9999-12-31,True,Felix Neumann,Deutschland
C00565,Clara,Bauer,customer565@example.com,Lausanne,CH,Premium,2023-04-03,False,565,2023-04-03,9999-12-31,True,Clara Bauer,Schweiz
C00566,Lena,Koch,customer566@example.com,Köln,DE,Premium,2024-05-26,True,566,2024-05-26,9999-12-31,True,Lena Koch,Deutschland
C00567,Simon,Becker,customer567@example.com,Leipzig,DE,Budget,2023-11-18,True,567,2023-11-18,9999-12-31,True,Simon Becker,Deutschland
C00568,Paul,Schäfer,customer568@example.com,Hamburg,DE,Budget,2024-10-14,True,568,2024-10-14,9999-12-31,True,Paul Schäfer,Deutschland
C00569,Max,Wagner,customer569@example.com,München,DE,Standard,2024-05-13,True,569,2024-05-13,9999-12-31,True,Max Wagner,Deutschland
C00570,Lukas,Schneider,customer570@example.com,Genf,CH,Budget,2024-08-28,True,570,2024-08-28,9999-12-31,True,Lukas Schneider,Schweiz
C00571,Emma,Richter,customer571@example.com,Graz,AT,Standard,2023-01-17,True,571,2023-01-17,9999-12-31,True,Emma Richter,Österreich
C00572,Max,Braun,customer572@example.com,Zürich,CH,Budget,2023-11-20,True,572,2023-11-20,9999-12-31,True,Max Braun,Schweiz
C00573,Simon,Schäfer,customer573@example.com,Basel,CH,Budget,2024-09-19,True,573,2024-09-19,9999-12-31,True,Simon Schäfer,Schweiz
C00574,Moritz,Schmidt,customer574@example.com,Köln,DE,Standard,2023-07-12,True,574,2023-07-12,9999-12-31,True,Moritz Schmidt,Deutschland
C00575,Tim,Schneider,customer575@example.com,Frankfurt,DE,Standard,2024-12-09,True,575,2024-12-09,9999-12-31,True,Tim Schneider,Deutschland
C00576,Felix,Wolf,customer576@example.com,Wien,AT,Budget,2024-11-30,True,576,2024-11-30,9999-12-31,True,Felix Wolf,Österreich
C00577,Sarah,Fischer,customer577@example.com,Köln,DE,Budget,2024-02-09,True,577,2024-02-09,9999-12-31,True,Sarah Fischer,Deutschland
C00578,Paul,Becker,customer578@example.com,Zürich,CH,Standard,2024-09-19,True,578,2024-09-19,9999-12-31,True,Paul Becker,Schweiz
C00579,Sarah,Fischer,customer579@example.com,Düsseldorf,DE,Standard,2024-07-11,True,579,2024-07-11,9999-12-31,True,Sarah Fischer,Deutschland
C00580,David,Becker,customer580@example.com,Berlin,DE,Premium,2024-12-07,True,580,2024-12-07,9999-12-31,True,David Becker,Deutschland
C00581,Lukas,Schmidt,customer581@example.com,Nürnberg,DE,Budget,2023-01-04,True,581,2023-01-04,9999-12-31,True,Lukas Schmidt,Deutschland
C00582,Paul,Weber,customer582@example.com,Basel,CH,Standard,2023-10-06,True,582,2023-10-06,9999-12-31,True,Paul Weber,Schweiz
C00583,Clara,Meyer,customer583@example.com,Dresden,DE,Premium,2024-05-23,True,583,2024-05-23,9999-12-31,True,Clara Meyer,Deutschland
C00584,Marie,Schneider,customer584@example.com,Düsseldorf,DE,Budget,2024-09-06,False,584,2024-09-06,9999-12-31,True,Marie Schneider,Deutschland
C00585,Jan,Fischer,customer585@example.com,Frankfurt,DE,Budget,2023-02-07,True,585,2023-02-07,9999-12-31,True,Jan Fischer,Deutschland
C00586,Leon,Schröder,customer586@example.com,Zürich,CH,Budget,2024-06-25,True,586,2024-06-25,9999-12-31,True,Leon Schröder,Schweiz
C00587,David,Fischer,customer587@example.com,Salzburg,AT,Budget,2024-01-14,True,587,2024-01-14,9999-12-31,True,David Fischer,Österreich
C00588,Niklas,Becker,customer588@example.com,Genf,CH,Standard,2023-11-06,False,588,2023-11-06,9999-12-31,True,Niklas Becker,Schweiz
C00589,Anna,Hoffmann,customer589@example.com,Nürnberg,DE,Standard,2023-07-21,True,589,2023-07-21,9999-12-31,True,Anna Hoffmann,Deutschland
C00590,Moritz,Fischer,customer590@example.com,Lausanne,CH,Budget,2024-05-19,True,590,2024-05-19,9999-12-31,True,Moritz Fischer,Schweiz
C00591,Moritz,Müller,customer591@example.com,Genf,CH,Budget,2023-04-12,True,591,2023-04-12,9999-12-31,True,Moritz Müller,Schweiz
C00592,Elena,Schmidt,customer592@example.com,Innsbruck,AT,Standard,2024-05-03,True,592,2024-05-03,9999-12-31,True,Elena Schmidt,Österreich
C00593,David,Wagner,customer593@example.com,Stuttgart,DE,Budget,2023-01-01,True,593,2023-01-01,9999-12-31,True,David Wagner,Deutschland
C00594,Jonas,Richter,customer594@example.com,München,DE,Standard,2024-11-11,True,594,2024-11-11,9999-12-31,True,Jonas Richter,Deutschland
C00595,Moritz,Neumann,customer595@example.com,Genf,CH,Budget,2024-05-29,True,595,2024-05-29,9999-12-31,True,Moritz Neumann,Schweiz
C00596,David,Fischer,customer596@example.com,Berlin,DE,Budget,2024-04-18,True,596,2024-04-18,9999-12-31,True,David Fischer,Deutschland
C00597,Jan,Koch,customer597@example.com,Zürich,CH,Budget,2024-01-04,False,597,2024-01-04,9999-12-31,True,Jan Koch,Schweiz
C00598,Anna,Fischer,customer598@example.com,Berlin,DE,Standard,2023-09-27,True,598,2023-09-27,9999-12-31,True,Anna Fischer,Deutschland
C00599,Jan,Müller,customer599@example.com,Stuttgart,DE,Standard,2023-06-17,True,599,2023-06-17,9999-12-31,True,Jan Müller,Deutschland
C00600,Lisa,Schneider,customer600@example.com,Leipzig,DE,Budget,2024-06-08,True,600,2024-06-08,9999-12-31,True,Lisa Schneider,Deutschland
C00601,Mia,Fischer,customer601@example.com,Hannover,DE,Standard,2024-04-02,True,601,2024-04-02,9999-12-31,True,Mia Fischer,Deutschland
C00602,Leon,Becker,customer602@example.com,Lausanne,CH,Standard,2023-11-09,True,602,2023-11-09,9999-12-31,True,Leon Becker,Schweiz
C00603,Lisa,Braun,customer603@example.com,Hamburg,DE,Standard,2024-09-17,True,603,2024-09-17,9999-12-31,True,Lisa Braun,Deutschland
C00604,Julia,Koch,customer604@example.com,Berlin,DE,Standard,2023-04-23,True,604,2023-04-23,9999-12-31,True,Julia Koch,Deutschland
C00605,Leon,Klein,customer605@example.com,Stuttgart,DE,Standard,2023-04-07,True,605,2023-04-07,9999-12-31,True,Leon Klein,Deutschland
C00606,Emma,Schröder,customer606@example.com,Berlin,DE,Standard,2023-11-14,True,606,2023-11-14,9999-12-31,True,Emma Schröder,Deutschland
C00607,Felix,Fischer,customer607@example.com,München,DE,Budget,2024-07-12,True,607,2024-07-12,9999-12-31,True,Felix Fischer,Deutschland
C00608,Simon,Klein,customer608@example.com,Düsseldorf,DE,Budget,2024-08-13,True,608,2024-08-13,9999-12-31,True,Simon Klein,Deutschland
C00609,Elena,Braun,customer609@example.com,Basel,CH,Budget,2023-01-29,True,609,2023-01-29,9999-12-31,True,Elena Braun,Schweiz
C00610,Lena,Neumann,customer610@example.com,Leipzig,DE,Premium,2023-08-06,True,610,2023-08-06,9999-12-31,True,Lena Neumann,Deutschland
C00611,Mia,Hoffmann,customer611@example.com,Dresden,DE,Standard,2023-03-23,True,611,2023-03-23,9999-12-31,True,Mia Hoffmann,Deutschland
C00612,Lena,Schmidt,customer612@example.com,Düsseldorf,DE,Standard,2024-01-22,True,612,2024-01-22,9999-12-31,True,Lena Schmidt,Deutschland
C00613,Clara,Koch,customer613@example.com,Nürnberg,DE,Standard,2023-06-15,True,613,2023-06-15,9999-12-31,True,Clara Koch,Deutschland
C00614,Mia,Hoffmann,customer614@example.com,Linz,AT,Premium,2023-08-18,True,614,2023-08-18,9999-12-31,True,Mia Hoffmann,Österreich
C00615,David,Schmidt,customer615@example.com,Basel,CH,Standard,2024-04-27,False,615,2024-04-27,9999-12-31,True,David Schmidt,Schweiz
C00616,David,Schäfer,customer616@example.com,Hamburg,DE,Standard,2023-05-14,True,616,2023-05-14,9999-12-31,True,David Schäfer,Deutschland
C00617,Sophie,Schmidt,customer617@example.com,Stuttgart,DE,Budget,2024-03-18,True,617,2024-03-18,9999-12-31,True,Sophie Schmidt,Deutschland
C00618,Clara,Schröder,customer618@example.com,Nürnberg,DE,Premium,2023-03-20,True,618,2023-03-20,9999-12-31,True,Clara Schröder,Deutschland
C00619,Paul,Müller,customer619@example.com,Frankfurt,DE,Premium,2024-09-01,True,619,2024-09-01,9999-12-31,True,Paul Müller,Deutschland
C00620,Sophie,Müller,customer620@example.com,Innsbruck,AT,Standard,2023-05-17,True,620,2023-05-17,9999-12-31,True,Sophie Müller,Österreich
C00621,Marie,Schröder,customer621@example.com,Graz,AT,Standard,2024-09-09,True,621,2024-09-09,9999-12-31,True,Marie Schröder,Österreich
C00622,Lukas,Wolf,customer622@example.com,Lausanne,CH,Standard,2024-11-20,True,622,2024-11-20,9999-12-31,True,Lukas Wolf,Schweiz
C00623,Moritz,Koch,customer623@example.com,Dresden,DE,Standard,2023-09-05,True,623,2023-09-05,9999-12-31,True,Moritz Koch,Deutschland
C00624,Laura,Wagner,customer624@example.com,Basel,CH,Standard,2024-05-07,True,624,2024-05-07,9999-12-31,True,Laura Wagner,Schweiz
C00625,Max,Klein,customer625@example.com,Basel,CH,Standard,2023-02-16,True,625,2023-02-16,9999-12-31,True,Max Klein,Schweiz
C00626,Emma,Schneider,customer626@example.com,Leipzig,DE,Standard,2023-07-22,True,626,2023-07-22,9999-12-31,True,Emma Schneider,Deutschland
C00627,Lisa,Schäfer,customer627@example.com,Salzburg,AT,Budget,2023-12-04,True,627,2023-12-04,9999-12-31,True,Lisa Schäfer,Österreich
C00628,Paul,Klein,customer628@example.com,Frankfurt,DE,Standard,2024-03-18,True,628,2024-03-18,9999-12-31,True,Paul Klein,Deutschland
C00629,Sarah,Schäfer,customer629@example.com,Graz,AT,Standard,2024-11-21,True,629,2024-11-21,9999-12-31,True,Sarah Schäfer,Österreich
C00630,Moritz,Müller,customer630@example.com,Hannover,DE,Budget,2023-10-22,True,630,2023-10-22,9999-12-31,True,Moritz Müller,Deutschland
C00631,Tim,Meyer,customer631@example.com,Genf,CH,Standard,2024-03-20,True,631,2024-03-20,9999-12-31,True,Tim Meyer,Schweiz
C00632,David,Braun,customer632@example.com,Hannover,DE,Budget,2024-07-02,True,632,2024-07-02,9999-12-31,True,David Braun,Deutschland
C00633,Paul,Fischer,customer633@example.com,Hannover,DE,Standard,2024-11-28,True,633,2024-11-28,9999-12-31,True,Paul Fischer,Deutschland
C00634,Sophie,Wolf,customer634@example.com,Hannover,DE,Standard,2023-03-29,True,634,2023-03-29,9999-12-31,True,Sophie Wolf,Deutschland
C00635,Max,Meyer,customer635@example.com,Stuttgart,DE,Standard,2023-05-01,True,635,2023-05-01,9999-12-31,True,Max Meyer,Deutschland
C00636,Niklas,Braun,customer636@example.com,Köln,DE,Budget,2024-12-14,True,636,2024-12-14,9999-12-31,True,Niklas Braun,Deutschland
C00637,Lukas,Fischer,customer637@example.com,Basel,CH,Standard,2024-08-17,True,637,2024-08-17,9999-12-31,True,Lukas Fischer,Schweiz
C00638,Niklas,Richter,customer638@example.com,Nürnberg,DE,Standard,2024-06-18,True,638,2024-06-18,9999-12-31,True,Niklas Richter,Deutschland
C00639,Sarah,Schäfer,customer639@example.com,Köln,DE,Standard,2024-07-01,True,639,2024-07-01,9999-12-31,True,Sarah Schäfer,Deutschland
C00640,Moritz,Hoffmann,customer640@example.com,Salzburg,AT,Premium,2023-04-07,True,640,2023-04-07,9999-12-31,True,Moritz Hoffmann,Österreich
C00641,Jonas,Weber,customer641@example.com,Düsseldorf,DE,Standard,2024-10-23,True,641,2024-10-23,9999-12-31,True,Jonas Weber,Deutschland
C00642,Clara,Hoffmann,customer642@example.com,Salzburg,AT,Standard,2024-02-18,True,642,2024-02-18,9999-12-31,True,Clara Hoffmann,Österreich
C00643,Sarah,Wolf,customer643@example.com,Wien,AT,Standard,2024-11-02,True,643,2024-11-02,9999-12-31,True,Sarah Wolf,Österreich
C00644,Anna,Weber,customer644@example.com,Leipzig,DE,Budget,2024-08-19,True,644,2024-08-19,9999-12-31,True,Anna Weber,Deutschland
C00645,Moritz,Koch,customer645@example.com,Lausanne,CH,Budget,2023-10-16,True,645,2023-10-16,9999-12-31,True,Moritz Koch,Schweiz
C00646,Sophie,Schmidt,customer646@example.com,Nürnberg,DE,Standard,2023-04-25,True,646,2023-04-25,9999-12-31,True,Sophie Schmidt,Deutschland
C00647,Simon,Wolf,customer647@example.com,Graz,AT,Standard,2024-11-09,True,647,2024-11-09,9999-12-31,True,Simon Wolf,Österreich
C00648,Elena,Becker,customer648@example.com,Linz,AT,Budget,2024-01-17,True,648,2024-01-17,9999-12-31,True,Elena Becker,Österreich
C00649,Jan,Schneider,customer649@example.com,Berlin,DE,Standard,2024-04-25,True,649,2024-04-25,9999-12-31,True,Jan Schneider,Deutschland
C00650,Jan,Richter,customer650@example.com,Berlin,DE,Budget,2023-12-20,True,650,2023-12-20,9999-12-31,True,Jan Richter,Deutschland
C00651,Paul,Schröder,customer651@example.com,Salzburg,AT,Standard,2023-08-27,True,651,2023-08-27,9999-12-31,True,Paul Schröder,Österreich
C00652,Elena,Neumann,customer652@example.com,Düsseldorf,DE,Standard,2024-10-01,True,652,2024-10-01,9999-12-31,True,Elena Neumann,Deutschland
C00653,Felix,Neumann,customer653@example.com,Innsbruck,AT,Budget,2024-03-26,True,653,2024-03-26,9999-12-31,True,Felix Neumann,Österreich
C00654,Lukas,Wolf,customer654@example.com,Innsbruck,AT,Budget,2023-06-20,True,654,2023-06-20,9999-12-31,True,Lukas Wolf,Österreich
C00655,Clara,Hoffmann,customer655@example.com,Salzburg,AT,Standard,2023-01-25,True,655,2023-01-25,9999-12-31,True,Clara Hoffmann,Österreich
C00656,Jonas,Bauer,customer656@example.com,Lausanne,CH,Standard,2023-12-02,True,656,2023-12-02,9999-12-31,True,Jonas Bauer,Schweiz
C00657,Jan,Schmidt,customer657@example.com,Graz,AT,Standard,2024-02-17,True,657,2024-02-17,9999-12-31,True,Jan Schmidt,Österreich
C00658,Sarah,Becker,customer658@example.com,Hannover,DE,Premium,2024-11-23,True,658,2024-11-23,9999-12-31,True,Sarah Becker,Deutschland
C00659,Clara,Meyer,customer659@example.com,München,DE,Standard,2024-10-09,True,659,2024-10-09,9999-12-31,True,Clara Meyer,Deutschland
C00660,Mia,Neumann,customer660@example.com,Frankfurt,DE,Premium,2023-12-01,True,660,2023-12-01,9999-12-31,True,Mia Neumann,Deutschland
C00661,Mia,Schäfer,customer661@example.com,Wien,AT,Standard,2023-12-01,True,661,2023-12-01,9999-12-31,True,Mia Schäfer,Österreich
C00662,Laura,Fischer,customer662@example.com,Lausanne,CH,Standard,2023-07-25,True,662,2023-07-25,9999-12-31,True,Laura Fischer,Schweiz
C00663,Tim,Schmidt,customer663@example.com,Hannover,DE,Standard,2023-04-06,True,663,2023-04-06,9999-12-31,True,Tim Schmidt,Deutschland
C00664,Elena,Wolf,customer664@example.com,München,DE,Premium,2023-11-13,True,664,2023-11-13,9999-12-31,True,Elena Wolf,Deutschland
C00665,Leon,Schröder,customer665@example.com,Dresden,DE,Budget,2023-09-07,True,665,2023-09-07,9999-12-31,True,Leon Schröder,Deutschland
C00666,Lukas,Weber,customer666@example.com,Basel,CH,Standard,2024-12-21,True,666,2024-12-21,9999-12-31,True,Lukas Weber,Schweiz
C00667,Jonas,Meyer,customer667@example.com,Düsseldorf,DE,Budget,2023-04-02,True,667,2023-04-02,9999-12-31,True,Jonas Meyer,Deutschland
C00668,Sophie,Schäfer,customer668@example.com,Hamburg,DE,Standard,2024-07-29,True,668,2024-07-29,9999-12-31,True,Sophie Schäfer,Deutschland
C00669,Paul,Koch,customer669@example.com,Nürnberg,DE,Standard,2024-11-12,True,669,2024-11-12,9999-12-31,True,Paul Koch,Deutschland
C00670,Anna,Bauer,customer670@example.com,Leipzig,DE,Budget,2023-08-25,True,670,2023-08-25,9999-12-31,True,Anna Bauer,Deutschland
C00671,Anna,Braun,customer671@example.com,Salzburg,AT,Standard,2024-08-15,True,671,2024-08-15,9999-12-31,True,Anna Braun,Österreich
C00672,Moritz,Meyer,customer672@example.com,Zürich,CH,Standard,2023-11-14,True,672,2023-11-14,9999-12-31,True,Moritz Meyer,Schweiz
C00673,Max,Richter,customer673@example.com,Hamburg,DE,Budget,2023-08-10,True,673,2023-08-10,9999-12-31,True,Max Richter,Deutschland
C00674,Felix,Wolf,customer674@example.com,Graz,AT,Budget,2024-08-08,True,674,2024-08-08,9999-12-31,True,Felix Wolf,Österreich
C00675,Leon,Bauer,customer675@example.com,Stuttgart,DE,Standard,2023-12-06,True,675,2023-12-06,9999-12-31,True,Leon Bauer,Deutschland
C00676,Clara,Meyer,customer676@example.com,Köln,DE,Standard,2024-07-28,True,676,2024-07-28,9999-12-31,True,Clara Meyer,Deutschland
C00677,Elena,Klein,customer677@example.com,Linz,AT,Standard,2024-05-31,True,677,2024-05-31,9999-12-31,True,Elena Klein,Österreich
C00678,Elena,Becker,customer678@example.com,Graz,AT,Budget,2024-11-29,True,678,2024-11-29,9999-12-31,True,Elena Becker,Österreich
C00679,Emma,Schmidt,customer679@example.com,Wien,AT,Budget,2023-08-18,True,679,2023-08-18,9999-12-31,True,Emma Schmidt,Österreich
C00680,Mia,Bauer,customer680@example.com,Stuttgart,DE,Standard,2024-11-18,True,680,2024-11-18,9999-12-31,True,Mia Bauer,Deutschland
C00681,Paul,Schneider,customer681@example.com,Nürnberg,DE,Standard,2024-03-26,True,681,2024-03-26,9999-12-31,True,Paul Schneider,Deutschland
C00682,Niklas,Koch,customer682@example.com,Wien,AT,Premium,2024-04-03,False,682,2024-04-03,9999-12-31,True,Niklas Koch,Österreich
C00683,Marie,Klein,customer683@example.com,Genf,CH,Budget,2024-08-20,True,683,2024-08-20,9999-12-31,True,Marie Klein,Schweiz
C00684,David,Koch,customer684@example.com,Frankfurt,DE,Premium,2024-11-25,True,684,2024-11-25,9999-12-31,True,David Koch,Deutschland
C00685,Lena,Fischer,customer685@example.com,Köln,DE,Budget,2023-05-05,True,685,2023-05-05,9999-12-31,True,Lena Fischer,Deutschland
C00686,Lena,Koch,customer686@example.com,Hannover,DE,Standard,2024-03-25,True,686,2024-03-25,9999-12-31,True,Lena Koch,Deutschland
C00687,Anna,Weber,customer687@example.com,Hannover,DE,Standard,2024-09-13,True,687,2024-09-13,9999-12-31,True,Anna Weber,Deutschland
C00688,Sophie,Neumann,customer688@example.com,Genf,CH,Standard,2024-07-15,True,688,2024-07-15,9999-12-31,True,Sophie Neumann,Schweiz
C00689,Tim,Braun,customer689@example.com,Graz,AT,Standard,2024-12-15,True,689,2024-12-15,9999-12-31,True,Tim Braun,Österreich
C00690,Julia,Weber,customer690@example.com,Hannover,DE,Premium,2023-10-04,True,690,2023-10-04,9999-12-31,True,Julia Weber,Deutschland
C00691,Lena,Müller,customer691@example.com,Dresden,DE,Standard,2023-07-01,True,691,2023-07-01,9999-12-31,True,Lena Müller,Deutschland
C00692,Julia,Braun,customer692@example.com,Linz,AT,Standard,2024-09-07,True,692,2024-09-07,9999-12-31,True,Julia Braun,Österreich
C00693,Mia,Braun,customer693@example.com,Graz,AT,Budget,2024-03-09,True,693,2024-03-09,9999-12-31,True,Mia Braun,Österreich
C00694,Julia,Becker,customer694@example.com,Hannover,DE,Budget,2023-07-26,True,694,2023-07-26,9999-12-31,True,Julia Becker,Deutschland
C00695,Elena,Richter,customer695@example.com,Hamburg,DE,Standard,2023-06-05,True,695,2023-06-05,9999-12-31,True,Elena Richter,Deutschland
C00696,Tim,Becker,customer696@example.com,Stuttgart,DE,Premium,2024-03-13,True,696,2024-03-13,9999-12-31,True,Tim Becker,Deutschland
C00697,Laura,Neumann,customer697@example.com,Basel,CH,Standard,2023-01-08,True,697,2023-01-08,9999-12-31,True,Laura Neumann,Schweiz
C00698,Lisa,Richter,customer698@example.com,Salzburg,AT,Budget,2024-06-02,True,698,2024-06-02,9999-12-31,True,Lisa Richter,Österreich
C00699,Elena,Hoffmann,customer699@example.com,Genf,CH,Budget,2023-08-03,False,699,2023-08-03,9999-12-31,True,Elena Hoffmann,Schweiz
C00700,David,Becker,customer700@example.com,Nürnberg,DE,Budget,2024-04-09,True,700,2024-04-09,9999-12-31,True,David Becker,Deutschland
C00701,Felix,Bauer,customer701@example.com,Graz,AT,Budget,2023-10-03,True,701,2023-10-03,9999-12-31,True,Felix Bauer,Österreich
C00702,Tim,Schmidt,customer702@example.com,Bern,CH,Premium,2024-05-08,True,702,2024-05-08,9999-12-31,True,Tim Schmidt,Schweiz
C00703,Emma,Meyer,customer703@example.com,München,DE,Budget,2023-10-03,False,703,2023-10-03,9999-12-31,True,Emma Meyer,Deutschland
C00704,Mia,Schneider,customer704@example.com,Linz,AT,Budget,2024-04-29,True,704,2024-04-29,9999-12-31,True,Mia Schneider,Österreich
C00705,Julia,Becker,customer705@example.com,Leipzig,DE,Standard,2023-10-23,True,705,2023-10-23,9999-12-31,True,Julia Becker,Deutschland
C00706,Moritz,Fischer,customer706@example.com,Nürnberg,DE,Standard,2023-02-08,False,706,2023-02-08,9999-12-31,True,Moritz Fischer,Deutschland
C00707,Sophie,Braun,customer707@example.com,Köln,DE,Standard,2023-03-27,True,707,2023-03-27,9999-12-31,True,Sophie Braun,Deutschland
C00708,Simon,Koch,customer708@example.com,Lausanne,CH,Standard,2024-10-03,True,708,2024-10-03,9999-12-31,True,Simon Koch,Schweiz
C00709,Marie,Schäfer,customer709@example.com,Köln,DE,Standard,2023-07-11,True,709,2023-07-11,9999-12-31,True,Marie Schäfer,Deutschland
C00710,Simon,Neumann,customer710@example.com,Hamburg,DE,Standard,2023-04-22,True,710,2023-04-22,9999-12-31,True,Simon Neumann,Deutschland
C00711,Lena,Schmidt,customer711@example.com,Nürnberg,DE,Standard,2024-03-14,True,711,2024-03-14,9999-12-31,True,Lena Schmidt,Deutschland
C00712,Jan,Bauer,customer712@example.com,Salzburg,AT,Budget,2024-06-13,True,712,2024-06-13,9999-12-31,True,Jan Bauer,Österreich
C00713,Felix,Richter,customer713@example.com,Linz,AT,Budget,2024-05-17,True,713,2024-05-17,9999-12-31,True,Felix Richter,Österreich
C00714,Niklas,Braun,customer714@example.com,Basel,CH,Standard,2023-08-06,True,714,2023-08-06,9999-12-31,True,Niklas Braun,Schweiz
C00715,Marie,Wagner,customer715@example.com,Bremen,DE,Premium,2024-03-03,True,715,2024-03-03,9999-12-31,True,Marie Wagner,Deutschland
C00716,Felix,Fischer,customer716@example.com,Salzburg,AT,Standard,2024-03-14,True,716,2024-03-14,9999-12-31,True,Felix Fischer,Österreich
C00717,Marie,Richter,customer717@example.com,Leipzig,DE,Standard,2023-08-17,True,717,2023-08-17,9999-12-31,True,Marie Richter,Deutschland
C00718,Felix,Becker,customer718@example.com,Lausanne,CH,Standard,2023-05-12,True,718,2023-05-12,9999-12-31,True,Felix Becker,Schweiz
C00719,Marie,Schneider,customer719@example.com,Stuttgart,DE,Standard,2023-07-10,True,719,2023-07-10,9999-12-31,True,Marie Schneider,Deutschland
C00720,Clara,Meyer,customer720@example.com,München,DE,Budget,2024-12-20,True,720,2024-12-20,9999-12-31,True,Clara Meyer,Deutschland
C00721,Lukas,Schäfer,customer721@example.com,Stuttgart,DE,Standard,2023-07-25,False,721,2023-07-25,9999-12-31,True,Lukas Schäfer,Deutschland
C00722,Leon,Hoffmann,customer722@example.com,Innsbruck,AT,Standard,2023-12-15,True,722,2023-12-15,9999-12-31,True,Leon Hoffmann,Österreich
C00723,Clara,Fischer,customer723@example.com,Basel,CH,Premium,2024-05-01,True,723,2024-05-01,9999-12-31,True,Clara Fischer,Schweiz
C00724,Mia,Richter,customer724@example.com,Zürich,CH,Standard,2023-10-03,True,724,2023-10-03,9999-12-31,True,Mia Richter,Schweiz
C00725,Elena,Becker,customer725@example.com,Berlin,DE,Budget,2023-09-30,False,725,2023-09-30,9999-12-31,True,Elena Becker,Deutschland
C00726,Laura,Wolf,customer726@example.com,Graz,AT,Budget,2023-11-24,True,726,2023-11-24,9999-12-31,True,Laura Wolf,Österreich
C00727,Lisa,Schmidt,customer727@example.com,Innsbruck,AT,Budget,2023-06-05,True,727,2023-06-05,9999-12-31,True,Lisa Schmidt,Österreich
C00728,Emma,Klein,customer728@example.com,Düsseldorf,DE,Budget,2023-01-13,True,728,2023-01-13,9999-12-31,True,Emma Klein,Deutschland
C00729,Niklas,Schröder,customer729@example.com,Genf,CH,Standard,2024-08-28,True,729,2024-08-28,9999-12-31,True,Niklas Schröder,Schweiz
C00730,Jonas,Schäfer,customer730@example.com,Basel,CH,Budget,2023-05-23,True,730,2023-05-23,9999-12-31,True,Jonas Schäfer,Schweiz
C00731,Mia,Hoffmann,customer731@example.com,Basel,CH,Budget,2024-02-21,True,731,2024-02-21,9999-12-31,True,Mia Hoffmann,Schweiz
C00732,Lisa,Hoffmann,customer732@example.com,Hamburg,DE,Standard,2023-04-08,True,732,2023-04-08,9999-12-31,True,Lisa Hoffmann,Deutschland
C00733,Julia,Müller,customer733@example.com,Wien,AT,Standard,2023-03-13,True,733,2023-03-13,9999-12-31,True,Julia Müller,Österreich
C00734,Felix,Koch,customer734@example.com,Bern,CH,Standard,2023-05-19,True,734,2023-05-19,9999-12-31,True,Felix Koch,Schweiz
C00735,Simon,Meyer,customer735@example.com,Genf,CH,Standard,2024-02-28,True,735,2024-02-28,9999-12-31,True,Simon Meyer,Schweiz
C00736,Jan,Becker,customer736@example.com,Wien,AT,Budget,2023-07-11,True,736,2023-07-11,9999-12-31,True,Jan Becker,Österreich
C00737,Jan,Schmidt,customer737@example.com,Hannover,DE,Standard,2023-05-29,True,737,2023-05-29,9999-12-31,True,Jan Schmidt,Deutschland
C00738,Jan,Meyer,customer738@example.com,Innsbruck,AT,Standard,2023-01-06,True,738,2023-01-06,9999-12-31,True,Jan Meyer,Österreich
C00739,Mia,Fischer,customer739@example.com,Köln,DE,Standard,2024-01-06,True,739,2024-01-06,9999-12-31,True,Mia Fischer,Deutschland
C00740,Paul,Neumann,customer740@example.com,Frankfurt,DE,Budget,2023-02-27,True,740,2023-02-27,9999-12-31,True,Paul Neumann,Deutschland
C00741,Lukas,Klein,customer741@example.com,Graz,AT,Premium,2023-03-24,True,741,2023-03-24,9999-12-31,True,Lukas Klein,Österreich
C00742,Lisa,Becker,customer742@example.com,Berlin,DE,Standard,2023-07-29,True,742,2023-07-29,9999-12-31,True,Lisa Becker,Deutschland
C00743,Sophie,Meyer,customer743@example.com,Salzburg,AT,Premium,2024-01-05,False,743,2024-01-05,9999-12-31,True,Sophie Meyer,Österreich
C00744,Julia,Klein,customer744@example.com,Salzburg,AT,Standard,2023-07-03,True,744,2023-07-03,9999-12-31,True,Julia Klein,Österreich
C00745,Elena,Schäfer,customer745@example.com,Hamburg,DE,Budget,2023-09-07,True,745,2023-09-07,9999-12-31,True,Elena Schäfer,Deutschland
C00746,Jan,Schneider,customer746@example.com,Leipzig,DE,Standard,2023-01-10,True,746,2023-01-10,9999-12-31,True,Jan Schneider,Deutschland
C00747,David,Schneider,customer747@example.com,Salzburg,AT,Standard,2023-04-23,True,747,2023-04-23,9999-12-31,True,David Schneider,Österreich
C00748,Simon,Braun,customer748@example.com,Linz,AT,Budget,2023-06-11,True,748,2023-06-11,9999-12-31,True,Simon Braun,Österreich
C00749,Lisa,Müller,customer749@example.com,Salzburg,AT,Standard,2023-07-02,True,749,2023-07-02,9999-12-31,True,Lisa Müller,Österreich
C00750,Niklas,Neumann,customer750@example.com,Hamburg,DE,Budget,2024-01-13,True,750,2024-01-13,9999-12-31,True,Niklas Neumann,Deutschland
C00751,David,Klein,customer751@example.com,Berlin,DE,Standard,2023-10-21,True,751,2023-10-21,9999-12-31,True,David Klein,Deutschland
C00752,Moritz,Koch,customer752@example.com,Genf,CH,Standard,2023-03-11,True,752,2023-03-11,9999-12-31,True,Moritz Koch,Schweiz
C00753,Emma,Schneider,customer753@example.com,Frankfurt,DE,Standard,2023-04-01,True,753,2023-04-01,9999-12-31,True,Emma Schneider,Deutschland
C00754,Emma,Schäfer,customer754@example.com,Hamburg,DE,Standard,2024-07-05,False,754,2024-07-05,9999-12-31,True,Emma Schäfer,Deutschland
C00755,Leon,Richter,customer755@example.com,Hannover,DE,Premium,2024-07-26,True,755,2024-07-26,9999-12-31,True,Leon Richter,Deutschland
C00756,Jonas,Schröder,customer756@example.com,Wien,AT,Budget,2023-07-16,True,756,2023-07-16,9999-12-31,True,Jonas Schröder,Österreich
C00757,Tim,Bauer,customer757@example.com,Bern,CH,Premium,2023-01-30,True,757,2023-01-30,9999-12-31,True,Tim Bauer,Schweiz
C00758,Clara,Hoffmann,customer758@example.com,Leipzig,DE,Premium,2024-03-20,True,758,2024-03-20,9999-12-31,True,Clara Hoffmann,Deutschland
C00759,Simon,Bauer,customer759@example.com,Linz,AT,Standard,2024-11-04,True,759,2024-11-04,9999-12-31,True,Simon Bauer,Österreich
C00760,Max,Müller,customer760@example.com,Köln,DE,Premium,2023-04-21,True,760,2023-04-21,9999-12-31,True,Max Müller,Deutschland
C00761,David,Neumann,customer761@example.com,Nürnberg,DE,Premium,2024-02-09,True,761,2024-02-09,9999-12-31,True,David Neumann,Deutschland
C00762,David,Neumann,customer762@example.com,Salzburg,AT,Standard,2023-01-08,True,762,2023-01-08,9999-12-31,True,David Neumann,Österreich
C00763,Moritz,Schröder,customer763@example.com,Innsbruck,AT,Standard,2023-06-15,True,763,2023-06-15,9999-12-31,True,Moritz Schröder,Österreich
C00764,David,Becker,customer764@example.com,Graz,AT,Budget,2024-06-09,True,764,2024-06-09,9999-12-31,True,David Becker,Österreich
C00765,Niklas,Schneider,customer765@example.com,Wien,AT,Premium,2024-02-19,True,765,2024-02-19,9999-12-31,True,Niklas Schneider,Österreich
C00766,Anna,Wolf,customer766@example.com,Innsbruck,AT,Standard,2024-02-11,True,766,2024-02-11,9999-12-31,True,Anna Wolf,Österreich
C00767,Emma,Braun,customer767@example.com,Stuttgart,DE,Standard,2024-07-24,True,767,2024-07-24,9999-12-31,True,Emma Braun,Deutschland
C00768,Felix,Bauer,customer768@example.com,Graz,AT,Premium,2023-01-13,True,768,2023-01-13,9999-12-31,True,Felix Bauer,Österreich
C00769,Moritz,Schneider,customer769@example.com,Hannover,DE,Standard,2024-02-23,True,769,2024-02-23,9999-12-31,True,Moritz Schneider,Deutschland
C00770,Laura,Neumann,customer770@example.com,Salzburg,AT,Budget,2023-02-13,True,770,2023-02-13,9999-12-31,True,Laura Neumann,Österreich
C00771,Paul,Meyer,customer771@example.com,Hamburg,DE,Standard,2023-06-13,True,771,2023-06-13,9999-12-31,True,Paul Meyer,Deutschland
C00772,David,Fischer,customer772@example.com,Salzburg,AT,Standard,2024-04-07,False,772,2024-04-07,9999-12-31,True,David Fischer,Österreich
C00773,Sophie,Richter,customer773@example.com,Salzburg,AT,Standard,2023-07-09,True,773,2023-07-09,9999-12-31,True,Sophie Richter,Österreich
C00774,Lukas,Becker,customer774@example.com,München,DE,Standard,2023-10-14,True,774,2023-10-14,9999-12-31,True,Lukas Becker,Deutschland
C00775,Paul,Schmidt,customer775@example.com,Dresden,DE,Budget,2024-05-01,True,775,2024-05-01,9999-12-31,True,Paul Schmidt,Deutschland
C00776,Lena,Schröder,customer776@example.com,Bern,CH,Standard,2023-04-13,True,776,2023-04-13,9999-12-31,True,Lena Schröder,Schweiz
C00777,Niklas,Wagner,customer777@example.com,Zürich,CH,Budget,2023-07-16,True,777,2023-07-16,9999-12-31,True,Niklas Wagner,Schweiz
C00778,Leon,Meyer,customer778@example.com,Wien,AT,Budget,2024-10-24,True,778,2024-10-24,9999-12-31,True,Leon Meyer,Österreich
C00779,Simon,Meyer,customer779@example.com,Bremen,DE,Standard,2023-01-04,True,779,2023-01-04,9999-12-31,True,Simon Meyer,Deutschland
C00780,Jonas,Weber,customer780@example.com,Leipzig,DE,Budget,2024-08-30,True,780,2024-08-30,9999-12-31,True,Jonas Weber,Deutschland
C00781,Tim,Koch,customer781@example.com,Hamburg,DE,Budget,2023-04-16,True,781,2023-04-16,9999-12-31,True,Tim Koch,Deutschland
C00782,Clara,Meyer,customer782@example.com,Frankfurt,DE,Standard,2024-02-20,True,782,2024-02-20,9999-12-31,True,Clara Meyer,Deutschland
C00783,Jonas,Bauer,customer783@example.com,Lausanne,CH,Standard,2024-05-29,True,783,2024-05-29,9999-12-31,True,Jonas Bauer,Schweiz
C00784,Jonas,Hoffmann,customer784@example.com,Innsbruck,AT,Standard,2023-09-08,True,784,2023-09-08,9999-12-31,True,Jonas Hoffmann,Österreich
C00785,David,Schmidt,customer785@example.com,Linz,AT,Standard,2023-03-10,True,785,2023-03-10,9999-12-31,True,David Schmidt,Österreich
C00786,Lena,Klein,customer786@example.com,Nürnberg,DE,Standard,2024-12-18,True,786,2024-12-18,9999-12-31,True,Lena Klein,Deutschland
C00787,Sarah,Schneider,customer787@example.com,Dresden,DE,Standard,2023-01-25,True,787,2023-01-25,9999-12-31,True,Sarah Schneider,Deutschland
C00788,Tim,Richter,customer788@example.com,Hamburg,DE,Standard,2024-04-03,True,788,2024-04-03,9999-12-31,True,Tim Richter,Deutschland
C00789,Lena,Braun,customer789@example.com,München,DE,Premium,2023-05-01,False,789,2023-05-01,9999-12-31,True,Lena Braun,Deutschland
C00790,Lukas,Schröder,customer790@example.com,Innsbruck,AT,Premium,2024-06-13,True,790,2024-06-13,9999-12-31,True,Lukas Schröder,Österreich
C00791,Lisa,Schäfer,customer791@example.com,Linz,AT,Standard,2023-08-27,True,791,2023-08-27,9999-12-31,True,Lisa Schäfer,Österreich
C00792,David,Becker,customer792@example.com,Düsseldorf,DE,Budget,2024-10-03,True,792,2024-10-03,9999-12-31,True,David Becker,Deutschland
C00793,Laura,Bauer,customer793@example.com,Graz,AT,Standard,2024-07-28,True,793,2024-07-28,9999-12-31,True,Laura Bauer,Österreich
C00794,Sophie,Becker,customer794@example.com,Innsbruck,AT,Budget,2024-01-11,False,794,2024-01-11,9999-12-31,True,Sophie Becker,Österreich
C00795,Julia,Weber,customer795@example.com,Lausanne,CH,Premium,2023-06-24,True,795,2023-06-24,9999-12-31,True,Julia Weber,Schweiz
C00796,Paul,Weber,customer796@example.com,Nürnberg,DE,Budget,2023-03-12,True,796,2023-03-12,9999-12-31,True,Paul Weber,Deutschland
C00797,Jan,Richter,customer797@example.com,Linz,AT,Standard,2024-03-11,True,797,2024-03-11,9999-12-31,True,Jan Richter,Österreich
C00798,Mia,Meyer,customer798@example.com,Basel,CH,Standard,2023-10-12,True,798,2023-10-12,9999-12-31,True,Mia Meyer,Schweiz
C00799,Leon,Fischer,customer799@example.com,Salzburg,AT,Standard,2023-05-26,True,799,2023-05-26,9999-12-31,True,Leon Fischer,Österreich
C00800,Tim,Fischer,customer800@example.com,München,DE,Budget,2024-10-14,True,800,2024-10-14,9999-12-31,True,Tim Fischer,Deutschland
C00801,Marie,Wolf,customer801@example.com,Frankfurt,DE,Budget,2024-07-03,True,801,2024-07-03,9999-12-31,True,Marie Wolf,Deutschland
C00802,Emma,Weber,customer802@example.com,Frankfurt,DE,Standard,2023-02-19,True,802,2023-02-19,9999-12-31,True,Emma Weber,Deutschland
C00803,Sophie,Bauer,customer803@example.com,Köln,DE,Premium,2023-10-05,True,803,2023-10-05,9999-12-31,True,Sophie Bauer,Deutschland
C00804,Felix,Fischer,customer804@example.com,Nürnberg,DE,Budget,2024-08-29,True,804,2024-08-29,9999-12-31,True,Felix Fischer,Deutschland
C00805,Niklas,Schmidt,customer805@example.com,Hamburg,DE,Standard,2024-03-16,True,805,2024-03-16,9999-12-31,True,Niklas Schmidt,Deutschland
C00806,Elena,Neumann,customer806@example.com,München,DE,Standard,2023-11-12,True,806,2023-11-12,9999-12-31,True,Elena Neumann,Deutschland
C00807,Tim,Müller,customer807@example.com,Düsseldorf,DE,Premium,2023-09-02,False,807,2023-09-02,9999-12-31,True,Tim Müller,Deutschland
C00808,David,Braun,customer808@example.com,Düsseldorf,DE,Standard,2024-02-14,True,808,2024-02-14,9999-12-31,True,David Braun,Deutschland
C00809,Max,Wolf,customer809@example.com,Hannover,DE,Standard,2023-12-14,True,809,2023-12-14,9999-12-31,True,Max Wolf,Deutschland
C00810,Elena,Fischer,customer810@example.com,München,DE,Premium,2024-09-09,True,810,2024-09-09,9999-12-31,True,Elena Fischer,Deutschland
C00811,Tim,Richter,customer811@example.com,Leipzig,DE,Premium,2023-06-20,True,811,2023-06-20,9999-12-31,True,Tim Richter,Deutschland
C00812,Anna,Neumann,customer812@example.com,Innsbruck,AT,Standard,2023-07-01,True,812,2023-07-01,9999-12-31,True,Anna Neumann,Österreich
C00813,Lena,Schäfer,customer813@example.com,Basel,CH,Standard,2024-11-08,True,813,2024-11-08,9999-12-31,True,Lena Schäfer,Schweiz
C00814,Lena,Wolf,customer814@example.com,Dresden,DE,Premium,2024-01-09,True,814,2024-01-09,9999-12-31,True,Lena Wolf,Deutschland
C00815,Mia,Braun,customer815@example.com,Lausanne,CH,Premium,2023-07-04,True,815,2023-07-04,9999-12-31,True,Mia Braun,Schweiz
C00816,Anna,Bauer,customer816@example.com,München,DE,Standard,2023-06-09,True,816,2023-06-09,9999-12-31,True,Anna Bauer,Deutschland
C00817,Anna,Schröder,customer817@example.com,Dresden,DE,Premium,2024-06-05,True,817,2024-06-05,9999-12-31,True,Anna Schröder,Deutschland
C00818,Sophie,Schmidt,customer818@example.com,Berlin,DE,Standard,2024-03-10,True,818,2024-03-10,9999-12-31,True,Sophie Schmidt,Deutschland
C00819,Leon,Wagner,customer819@example.com,Linz,AT,Standard,2024-06-07,False,819,2024-06-07,9999-12-31,True,Leon Wagner,Österreich
C00820,Elena,Klein,customer820@example.com,Graz,AT,Budget,2024-10-19,True,820,2024-10-19,9999-12-31,True,Elena Klein,Österreich
C00821,Sophie,Richter,customer821@example.com,Lausanne,CH,Standard,2024-03-29,True,821,2024-03-29,9999-12-31,True,Sophie Richter,Schweiz
C00822,Elena,Müller,customer822@example.com,Salzburg,AT,Budget,2023-12-22,True,822,2023-12-22,9999-12-31,True,Elena Müller,Österreich
C00823,Simon,Richter,customer823@example.com,Stuttgart,DE,Standard,2023-07-14,True,823,2023-07-14,9999-12-31,True,Simon Richter,Deutschland
C00824,Laura,Klein,customer824@example.com,Frankfurt,DE,Standard,2024-10-22,False,824,2024-10-22,9999-12-31,True,Laura Klein,Deutschland
C00825,Paul,Klein,customer825@example.com,Bremen,DE,Premium,2023-12-03,True,825,2023-12-03,9999-12-31,True,Paul Klein,Deutschland
C00826,Moritz,Hoffmann,customer826@example.com,Linz,AT,Standard,2024-07-09,True,826,2024-07-09,9999-12-31,True,Moritz Hoffmann,Österreich
C00827,Mia,Becker,customer827@example.com,Köln,DE,Standard,2023-04-19,True,827,2023-04-19,9999-12-31,True,Mia Becker,Deutschland
C00828,Lukas,Neumann,customer828@example.com,Hannover,DE,Standard,2023-09-02,True,828,2023-09-02,9999-12-31,True,Lukas Neumann,Deutschland
C00829,Mia,Schneider,customer829@example.com,Leipzig,DE,Budget,2023-09-08,True,829,2023-09-08,9999-12-31,True,Mia Schneider,Deutschland
C00830,Laura,Müller,customer830@example.com,Lausanne,CH,Standard,2024-05-22,False,830,2024-05-22,9999-12-31,True,Laura Müller,Schweiz
C00831,Elena,Koch,customer831@example.com,Hannover,DE,Standard,2024-07-19,True,831,2024-07-19,9999-12-31,True,Elena Koch,Deutschland
C00832,Sarah,Schneider,customer832@example.com,Hamburg,DE,Budget,2024-06-15,True,832,2024-06-15,9999-12-31,True,Sarah Schneider,Deutschland
C00833,Moritz,Schmidt,customer833@example.com,Linz,AT,Standard,2023-05-09,True,833,2023-05-09,9999-12-31,True,Moritz Schmidt,Österreich
C00834,Lukas,Schneider,customer834@example.com,Salzburg,AT,Standard,2024-11-03,True,834,2024-11-03,9999-12-31,True,Lukas Schneider,Österreich
C00835,Mia,Hoffmann,customer835@example.com,Basel,CH,Budget,2024-09-12,True,835,2024-09-12,9999-12-31,True,Mia Hoffmann,Schweiz
C00836,Paul,Koch,customer836@example.com,Bern,CH,Standard,2023-04-12,False,836,2023-04-12,9999-12-31,True,Paul Koch,Schweiz
C00837,Mia,Wolf,customer837@example.com,Lausanne,CH,Standard,2024-04-20,True,837,2024-04-20,9999-12-31,True,Mia Wolf,Schweiz
C00838,Lena,Schröder,customer838@example.com,Bern,CH,Standard,2023-07-19,True,838,2023-07-19,9999-12-31,True,Lena Schröder,Schweiz
C00839,Mia,Schröder,customer839@example.com,Wien,AT,Premium,2023-05-17,True,839,2023-05-17,9999-12-31,True,Mia Schröder,Österreich
C00840,Lena,Koch,customer840@example.com,Graz,AT,Premium,2024-10-27,True,840,2024-10-27,9999-12-31,True,Lena Koch,Österreich
C00841,Lena,Müller,customer841@example.com,Stuttgart,DE,Budget,2024-01-04,True,841,2024-01-04,9999-12-31,True,Lena Müller,Deutschland
C00842,Felix,Koch,customer842@example.com,Basel,CH,Budget,2024-01-11,True,842,2024-01-11,9999-12-31,True,Felix Koch,Schweiz
C00843,Marie,Klein,customer843@example.com,Bremen,DE,Standard,2024-10-27,True,843,2024-10-27,9999-12-31,True,Marie Klein,Deutschland
C00844,Niklas,Schröder,customer844@example.com,Köln,DE,Premium,2023-02-15,True,844,2023-02-15,9999-12-31,True,Niklas Schröder,Deutschland
C00845,Mia,Fischer,customer845@example.com,Lausanne,CH,Standard,2024-07-19,True,845,2024-07-19,9999-12-31,True,Mia Fischer,Schweiz
C00846,Tim,Hoffmann,customer846@example.com,Graz,AT,Standard,2024-09-25,True,846,2024-09-25,9999-12-31,True,Tim Hoffmann,Österreich
C00847,Clara,Müller,customer847@example.com,Hannover,DE,Standard,2024-01-02,True,847,2024-01-02,9999-12-31,True,Clara Müller,Deutschland
C00848,Sarah,Richter,customer848@example.com,Innsbruck,AT,Premium,2024-12-20,True,848,2024-12-20,9999-12-31,True,Sarah Richter,Österreich
C00849,Lena,Wolf,customer849@example.com,Bern,CH,Standard,2023-12-24,True,849,2023-12-24,9999-12-31,True,Lena Wolf,Schweiz
C00850,Simon,Schäfer,customer850@example.com,Stuttgart,DE,Budget,2023-11-16,True,850,2023-11-16,9999-12-31,True,Simon Schäfer,Deutschland
C00851,Lena,Schäfer,customer851@example.com,Innsbruck,AT,Standard,2023-06-18,True,851,2023-06-18,9999-12-31,True,Lena Schäfer,Österreich
C00852,Max,Bauer,customer852@example.com,Zürich,CH,Standard,2024-11-03,True,852,2024-11-03,9999-12-31,True,Max Bauer,Schweiz
C00853,Tim,Fischer,customer853@example.com,Innsbruck,AT,Standard,2024-10-05,True,853,2024-10-05,9999-12-31,True,Tim Fischer,Österreich
C00854,Lukas,Becker,customer854@example.com,Dresden,DE,Standard,2023-07-08,True,854,2023-07-08,9999-12-31,True,Lukas Becker,Deutschland
C00855,Tim,Klein,customer855@example.com,Zürich,CH,Premium,2024-09-26,True,855,2024-09-26,9999-12-31,True,Tim Klein,Schweiz
C00856,David,Fischer,customer856@example.com,Salzburg,AT,Standard,2023-12-21,True,856,2023-12-21,9999-12-31,True,David Fischer,Österreich
C00857,Jonas,Fischer,customer857@example.com,Graz,AT,Standard,2023-02-08,True,857,2023-02-08,9999-12-31,True,Jonas Fischer,Österreich
C00858,Julia,Fischer,customer858@example.com,München,DE,Budget,2023-04-18,True,858,2023-04-18,9999-12-31,True,Julia Fischer,Deutschland
C00859,Max,Richter,customer859@example.com,Düsseldorf,DE,Standard,2023-09-10,True,859,2023-09-10,9999-12-31,True,Max Richter,Deutschland
C00860,Leon,Braun,customer860@example.com,Lausanne,CH,Standard,2023-01-19,True,860,2023-01-19,9999-12-31,True,Leon Braun,Schweiz
C00861,Lena,Weber,customer861@example.com,Nürnberg,DE,Budget,2023-02-02,True,861,2023-02-02,9999-12-31,True,Lena Weber,Deutschland
C00862,Niklas,Bauer,customer862@example.com,Düsseldorf,DE,Budget,2023-09-03,True,862,2023-09-03,9999-12-31,True,Niklas Bauer,Deutschland
C00863,Anna,Wagner,customer863@example.com,Genf,CH,Standard,2023-09-28,False,863,2023-09-28,9999-12-31,True,Anna Wagner,Schweiz
C00864,Tim,Braun,customer864@example.com,Hamburg,DE,Standard,2023-05-15,True,864,2023-05-15,9999-12-31,True,Tim Braun,Deutschland
C00865,Tim,Fischer,customer865@example.com,Berlin,DE,Standard,2023-12-30,True,865,2023-12-30,9999-12-31,True,Tim Fischer,Deutschland
C00866,Elena,Schmidt,customer866@example.com,München,DE,Budget,2024-08-27,True,866,2024-08-27,9999-12-31,True,Elena Schmidt,Deutschland
C00867,Lisa,Klein,customer867@example.com,Genf,CH,Standard,2024-07-20,True,867,2024-07-20,9999-12-31,True,Lisa Klein,Schweiz
C00868,Moritz,Hoffmann,customer868@example.com,Bern,CH,Premium,2024-09-22,True,868,2024-09-22,9999-12-31,True,Moritz Hoffmann,Schweiz
C00869,Leon,Schäfer,customer869@example.com,Köln,DE,Standard,2024-12-27,True,869,2024-12-27,9999-12-31,True,Leon Schäfer,Deutschland
C00870,David,Schneider,customer870@example.com,Düsseldorf,DE,Standard,2023-05-03,True,870,2023-05-03,9999-12-31,True,David Schneider,Deutschland
C00871,Marie,Bauer,customer871@example.com,Linz,AT,Standard,2023-02-04,True,871,2023-02-04,9999-12-31,True,Marie Bauer,Österreich
C00872,Laura,Becker,customer872@example.com,Bern,CH,Budget,2023-03-08,True,872,2023-03-08,9999-12-31,True,Laura Becker,Schweiz
C00873,Niklas,Schneider,customer873@example.com,Frankfurt,DE,Premium,2024-11-21,True,873,2024-11-21,9999-12-31,True,Niklas Schneider,Deutschland
C00874,Lisa,Hoffmann,customer874@example.com,Wien,AT,Standard,2023-07-14,True,874,2023-07-14,9999-12-31,True,Lisa Hoffmann,Österreich
C00875,Felix,Meyer,customer875@example.com,Düsseldorf,DE,Budget,2023-01-15,True,875,2023-01-15,9999-12-31,True,Felix Meyer,Deutschland
C00876,Max,Schäfer,customer876@example.com,Innsbruck,AT,Budget,2024-03-03,True,876,2024-03-03,9999-12-31,True,Max Schäfer,Österreich
C00877,Julia,Neumann,customer877@example.com,Innsbruck,AT,Budget,2023-11-02,True,877,2023-11-02,9999-12-31,True,Julia Neumann,Österreich
C00878,Simon,Koch,customer878@example.com,Graz,AT,Standard,2024-02-24,True,878,2024-02-24,9999-12-31,True,Simon Koch,Österreich
C00879,Paul,Koch,customer879@example.com,Zürich,CH,Standard,2023-07-09,False,879,2023-07-09,9999-12-31,True,Paul Koch,Schweiz
C00880,David,Hoffmann,customer880@example.com,Bern,CH,Standard,2023-02-25,False,880,2023-02-25,9999-12-31,True,David Hoffmann,Schweiz
C00881,Sarah,Schmidt,customer881@example.com,Berlin,DE,Premium,2023-03-09,True,881,2023-03-09,9999-12-31,True,Sarah Schmidt,Deutschland
C00882,Felix,Richter,customer882@example.com,Stuttgart,DE,Standard,2024-03-07,False,882,2024-03-07,9999-12-31,True,Felix Richter,Deutschland
C00883,Emma,Schmidt,customer883@example.com,Lausanne,CH,Standard,2024-01-02,True,883,2024-01-02,9999-12-31,True,Emma Schmidt,Schweiz
C00884,David,Richter,customer884@example.com,Linz,AT,Standard,2024-08-10,True,884,2024-08-10,9999-12-31,True,David Richter,Österreich
C00885,Lukas,Wagner,customer885@example.com,Hannover,DE,Standard,2023-05-27,True,885,2023-05-27,9999-12-31,True,Lukas Wagner,Deutschland
C00886,Julia,Hoffmann,customer886@example.com,Lausanne,CH,Standard,2024-07-10,True,886,2024-07-10,9999-12-31,True,Julia Hoffmann,Schweiz
C00887,Elena,Braun,customer887@example.com,Lausanne,CH,Budget,2024-10-24,True,887,2024-10-24,9999-12-31,True,Elena Braun,Schweiz
C00888,Mia,Neumann,customer888@example.com,Berlin,DE,Budget,2024-06-23,True,888,2024-06-23,9999-12-31,True,Mia Neumann,Deutschland
C00889,Lisa,Meyer,customer889@example.com,Hamburg,DE,Standard,2023-06-17,True,889,2023-06-17,9999-12-31,True,Lisa Meyer,Deutschland
C00890,Lisa,Schröder,customer890@example.com,Lausanne,CH,Budget,2024-10-23,True,890,2024-10-23,9999-12-31,True,Lisa Schröder,Schweiz
C00891,Simon,Becker,customer891@example.com,Leipzig,DE,Premium,2023-08-24,True,891,2023-08-24,9999-12-31,True,Simon Becker,Deutschland
C00892,Jan,Koch,customer892@example.com,Stuttgart,DE,Budget,2024-10-24,True,892,2024-10-24,9999-12-31,True,Jan Koch,Deutschland
C00893,Emma,Wolf,customer893@example.com,Wien,AT,Standard,2024-05-05,True,893,2024-05-05,9999-12-31,True,Emma Wolf,Österreich
C00894,Elena,Wolf,customer894@example.com,Wien,AT,Premium,2024-04-10,True,894,2024-04-10,9999-12-31,True,Elena Wolf,Österreich
C00895,Mia,Meyer,customer895@example.com,Zürich,CH,Standard,2024-03-07,True,895,2024-03-07,9999-12-31,True,Mia Meyer,Schweiz
C00896,Laura,Schröder,customer896@example.com,Genf,CH,Premium,2023-03-31,True,896,2023-03-31,9999-12-31,True,Laura Schröder,Schweiz
C00897,Clara,Neumann,customer897@example.com,Basel,CH,Standard,2023-04-11,True,897,2023-04-11,9999-12-31,True,Clara Neumann,Schweiz
C00898,Marie,Koch,customer898@example.com,Zürich,CH,Standard,2023-10-24,True,898,2023-10-24,9999-12-31,True,Marie Koch,Schweiz
C00899,Sarah,Schmidt,customer899@example.com,Wien,AT,Budget,2023-03-16,True,899,2023-03-16,9999-12-31,True,Sarah Schmidt,Österreich
C00900,Elena,Braun,customer900@example.com,Hamburg,DE,Budget,2023-08-13,True,900,2023-08-13,9999-12-31,True,Elena Braun,Deutschland
C00901,Max,Fischer,customer901@example.com,Wien,AT,Standard,2023-02-04,True,901,2023-02-04,9999-12-31,True,Max Fischer,Österreich
C00902,Lisa,Schmidt,customer902@example.com,Hannover,DE,Standard,2024-04-26,True,902,2024-04-26,9999-12-31,True,Lisa Schmidt,Deutschland
C00903,Jan,Hoffmann,customer903@example.com,Salzburg,AT,Standard,2023-07-01,True,903,2023-07-01,9999-12-31,True,Jan Hoffmann,Österreich
C00904,Emma,Schmidt,customer904@example.com,München,DE,Standard,2024-03-14,True,904,2024-03-14,9999-12-31,True,Emma Schmidt,Deutschland
C00905,Marie,Hoffmann,customer905@example.com,Genf,CH,Premium,2024-09-25,False,905,2024-09-25,9999-12-31,True,Marie Hoffmann,Schweiz
C00906,Mia,Braun,customer906@example.com,Nürnberg,DE,Standard,2023-01-10,True,906,2023-01-10,9999-12-31,True,Mia Braun,Deutschland
C00907,David,Fischer,customer907@example.com,Dresden,DE,Standard,2024-04-23,True,907,2024-04-23,9999-12-31,True,David Fischer,Deutschland
C00908,Sophie,Neumann,customer908@example.com,Dresden,DE,Premium,2023-06-03,True,908,2023-06-03,9999-12-31,True,Sophie Neumann,Deutschland
C00909,Simon,Weber,customer909@example.com,Basel,CH,Standard,2023-03-10,True,909,2023-03-10,9999-12-31,True,Simon Weber,Schweiz
C00910,Paul,Fischer,customer910@example.com,München,DE,Budget,2024-08-27,True,910,2024-08-27,9999-12-31,True,Paul Fischer,Deutschland
C00911,Lukas,Schröder,customer911@example.com,Dresden,DE,Standard,2023-01-08,False,911,2023-01-08,9999-12-31,True,Lukas Schröder,Deutschland
C00912,Lukas,Weber,customer912@example.com,Genf,CH,Premium,2023-09-24,True,912,2023-09-24,9999-12-31,True,Lukas Weber,Schweiz
C00913,Leon,Schäfer,customer913@example.com,Wien,AT,Budget,2023-09-25,False,913,2023-09-25,9999-12-31,True,Leon Schäfer,Österreich
C00914,Clara,Wagner,customer914@example.com,Düsseldorf,DE,Budget,2023-05-10,True,914,2023-05-10,9999-12-31,True,Clara Wagner,Deutschland
C00915,Leon,Braun,customer915@example.com,Graz,AT,Standard,2023-06-28,False,915,2023-06-28,9999-12-31,True,Leon Braun,Österreich
C00916,Paul,Wagner,customer916@example.com,Wien,AT,Standard,2023-05-10,True,916,2023-05-10,9999-12-31,True,Paul Wagner,Österreich
C00917,Lukas,Braun,customer917@example.com,Hamburg,DE,Standard,2024-11-28,True,917,2024-11-28,9999-12-31,True,Lukas Braun,Deutschland
C00918,Jan,Wolf,customer918@example.com,Köln,DE,Budget,2024-12-26,True,918,2024-12-26,9999-12-31,True,Jan Wolf,Deutschland
C00919,David,Bauer,customer919@example.com,Dresden,DE,Budget,2023-11-20,True,919,2023-11-20,9999-12-31,True,David Bauer,Deutschland
C00920,Marie,Fischer,customer920@example.com,Innsbruck,AT,Standard,2024-04-11,True,920,2024-04-11,9999-12-31,True,Marie Fischer,Österreich
C00921,Clara,Becker,customer921@example.com,Salzburg,AT,Budget,2023-04-21,False,921,2023-04-21,9999-12-31,True,Clara Becker,Österreich
C00922,Jan,Schäfer,customer922@example.com,Salzburg,AT,Standard,2024-05-14,True,922,2024-05-14,9999-12-31,True,Jan Schäfer,Österreich
C00923,Lena,Schmidt,customer923@example.com,Düsseldorf,DE,Standard,2023-06-04,True,923,2023-06-04,9999-12-31,True,Lena Schmidt,Deutschland
C00924,Marie,Neumann,customer924@example.com,Zürich,CH,Standard,2023-08-03,True,924,2023-08-03,9999-12-31,True,Marie Neumann,Schweiz
C00925,Lukas,Koch,customer925@example.com,Bern,CH,Budget,2024-04-26,True,925,2024-04-26,9999-12-31,True,Lukas Koch,Schweiz
C00926,Clara,Wagner,customer926@example.com,Salzburg,AT,Budget,2023-01-21,True,926,2023-01-21,9999-12-31,True,Clara Wagner,Österreich
C00927,Clara,Wagner,customer927@example.com,Basel,CH,Premium,2023-04-22,True,927,2023-04-22,9999-12-31,True,Clara Wagner,Schweiz
C00928,Clara,Fischer,customer928@example.com,Leipzig,DE,Standard,2023-11-08,True,928,2023-11-08,9999-12-31,True,Clara Fischer,Deutschland
C00929,Felix,Müller,customer929@example.com,Wien,AT,Standard,2024-09-07,True,929,2024-09-07,9999-12-31,True,Felix Müller,Österreich
C00930,Jonas,Koch,customer930@example.com,Bremen,DE,Standard,2023-03-28,True,930,2023-03-28,9999-12-31,True,Jonas Koch,Deutschland
C00931,Jonas,Neumann,customer931@example.com,Frankfurt,DE,Standard,2023-06-14,True,931,2023-06-14,9999-12-31,True,Jonas Neumann,Deutschland
C00932,David,Schneider,customer932@example.com,Hamburg,DE,Budget,2024-01-07,True,932,2024-01-07,9999-12-31,True,David Schneider,Deutschland
C00933,Mia,Braun,customer933@example.com,Innsbruck,AT,Standard,2023-01-24,True,933,2023-01-24,9999-12-31,True,Mia Braun,Österreich
C00934,Marie,Wolf,customer934@example.com,Linz,AT,Budget,2023-03-20,True,934,2023-03-20,9999-12-31,True,Marie Wolf,Österreich
C00935,David,Richter,customer935@example.com,Linz,AT,Standard,2024-01-22,True,935,2024-01-22,9999-12-31,True,David Richter,Österreich
C00936,Anna,Wolf,customer936@example.com,Basel,CH,Standard,2023-01-01,True,936,2023-01-01,9999-12-31,True,Anna Wolf,Schweiz
C00937,Clara,Wagner,customer937@example.com,München,DE,Budget,2023-03-23,True,937,2023-03-23,9999-12-31,True,Clara Wagner,Deutschland
C00938,Laura,Schmidt,customer938@example.com,Stuttgart,DE,Premium,2023-01-14,True,938,2023-01-14,9999-12-31,True,Laura Schmidt,Deutschland
C00939,Niklas,Schneider,customer939@example.com,Basel,CH,Budget,2024-08-19,True,939,2024-08-19,9999-12-31,True,Niklas Schneider,Schweiz
C00940,Lisa,Schmidt,customer940@example.com,Innsbruck,AT,Budget,2023-09-30,True,940,2023-09-30,9999-12-31,True,Lisa Schmidt,Österreich
C00941,Felix,Weber,customer941@example.com,Stuttgart,DE,Standard,2024-08-15,False,941,2024-08-15,9999-12-31,True,Felix Weber,Deutschland
C00942,Leon,Becker,customer942@example.com,Bern,CH,Standard,2024-09-08,True,942,2024-09-08,9999-12-31,True,Leon Becker,Schweiz
C00943,Tim,Fischer,customer943@example.com,München,DE,Standard,2023-09-22,True,943,2023-09-22,9999-12-31,True,Tim Fischer,Deutschland
C00944,Marie,Klein,customer944@example.com,München,DE,Budget,2024-03-14,True,944,2024-03-14,9999-12-31,True,Marie Klein,Deutschland
C00945,Elena,Fischer,customer945@example.com,Berlin,DE,Standard,2024-05-27,True,945,2024-05-27,9999-12-31,True,Elena Fischer,Deutschland
C00946,Max,Schäfer,customer946@example.com,Hannover,DE,Premium,2023-02-28,False,946,2023-02-28,9999-12-31,True,Max Schäfer,Deutschland
C00947,Lisa,Schmidt,customer947@example.com,Stuttgart,DE,Premium,2023-11-14,True,947,2023-11-14,9999-12-31,True,Lisa Schmidt,Deutschland
C00948,Elena,Braun,customer948@example.com,Innsbruck,AT,Standard,2023-01-13,True,948,2023-01-13,9999-12-31,True,Elena Braun,Österreich
C00949,Lena,Neumann,customer949@example.com,Hannover,DE,Budget,2023-10-22,True,949,2023-10-22,9999-12-31,True,Lena Neumann,Deutschland
C00950,Lukas,Wagner,customer950@example.com,Bern,CH,Standard,2024-12-08,True,950,2024-12-08,9999-12-31,True,Lukas Wagner,Schweiz
C00951,Clara,Müller,customer951@example.com,Leipzig,DE,Budget,2024-08-04,True,951,2024-08-04,9999-12-31,True,Clara Müller,Deutschland
C00952,Niklas,Klein,customer952@example.com,Zürich,CH,Budget,2023-12-29,True,952,2023-12-29,9999-12-31,True,Niklas Klein,Schweiz
C00953,Elena,Meyer,customer953@example.com,Nürnberg,DE,Standard,2024-03-10,True,953,2024-03-10,9999-12-31,True,Elena Meyer,Deutschland
C00954,Clara,Neumann,customer954@example.com,Stuttgart,DE,Premium,2023-03-06,True,954,2023-03-06,9999-12-31,True,Clara Neumann,Deutschland
C00955,Clara,Schneider,customer955@example.com,Düsseldorf,DE,Standard,2023-03-24,True,955,2023-03-24,9999-12-31,True,Clara Schneider,Deutschland
C00956,Jan,Hoffmann,customer956@example.com,Hannover,DE,Standard,2023-07-31,True,956,2023-07-31,9999-12-31,True,Jan Hoffmann,Deutschland
C00957,Simon,Neumann,customer957@example.com,Salzburg,AT,Standard,2024-02-06,True,957,2024-02-06,9999-12-31,True,Simon Neumann,Österreich
C00958,Elena,Schneider,customer958@example.com,Linz,AT,Standard,2023-04-20,True,958,2023-04-20,9999-12-31,True,Elena Schneider,Österreich
C00959,Lukas,Braun,customer959@example.com,Bremen,DE,Standard,2024-04-26,True,959,2024-04-26,9999-12-31,True,Lukas Braun,Deutschland
C00960,Jan,Müller,customer960@example.com,Stuttgart,DE,Standard,2023-11-17,True,960,2023-11-17,9999-12-31,True,Jan Müller,Deutschland
C00961,Clara,Becker,customer961@example.com,Bremen,DE,Standard,2023-03-02,True,961,2023-03-02,9999-12-31,True,Clara Becker,Deutschland
C00962,Tim,Neumann,customer962@example.com,Frankfurt,DE,Budget,2024-08-08,True,962,2024-08-08,9999-12-31,True,Tim Neumann,Deutschland
C00963,Felix,Bauer,customer963@example.com,Bremen,DE,Standard,2024-11-23,True,963,2024-11-23,9999-12-31,True,Felix Bauer,Deutschland
C00964,Sarah,Schröder,customer964@example.com,Frankfurt,DE,Standard,2023-07-25,True,964,2023-07-25,9999-12-31,True,Sarah Schröder,Deutschland
C00965,Moritz,Weber,customer965@example.com,Nürnberg,DE,Budget,2024-03-09,True,965,2024-03-09,9999-12-31,True,Moritz Weber,Deutschland
C00966,Max,Wolf,customer966@example.com,Dresden,DE,Standard,2023-12-06,False,966,2023-12-06,9999-12-31,True,Max Wolf,Deutschland
C00967,Max,Richter,customer967@example.com,Zürich,CH,Budget,2023-02-14,True,967,2023-02-14,9999-12-31,True,Max Richter,Schweiz
C00968,Paul,Weber,customer968@example.com,Berlin,DE,Premium,2024-07-01,True,968,2024-07-01,9999-12-31,True,Paul Weber,Deutschland
C00969,Marie,Schröder,customer969@example.com,Berlin,DE,Budget,2024-08-21,True,969,2024-08-21,9999-12-31,True,Marie Schröder,Deutschland
C00970,Simon,Schmidt,customer970@example.com,Linz,AT,Standard,2024-08-01,True,970,2024-08-01,9999-12-31,True,Simon Schmidt,Österreich
C00971,Emma,Koch,customer971@example.com,Düsseldorf,DE,Premium,2024-05-29,True,971,2024-05-29,9999-12-31,True,Emma Koch,Deutschland
C00972,Marie,Wagner,customer972@example.com,Graz,AT,Standard,2023-06-29,True,972,2023-06-29,9999-12-31,True,Marie Wagner,Österreich
C00973,Moritz,Müller,customer973@example.com,Frankfurt,DE,Standard,2023-05-06,True,973,2023-05-06,9999-12-31,True,Moritz Müller,Deutschland
C00974,Elena,Schröder,customer974@example.com,Nürnberg,DE,Standard,2024-12-16,True,974,2024-12-16,9999-12-31,True,Elena Schröder,Deutschland
C00975,Emma,Schmidt,customer975@example.com,Innsbruck,AT,Standard,2024-05-08,True,975,2024-05-08,9999-12-31,True,Emma Schmidt,Österreich
C00976,Simon,Müller,customer976@example.com,Wien,AT,Budget,2023-09-28,True,976,2023-09-28,9999-12-31,True,Simon Müller,Österreich
C00977,Niklas,Meyer,customer977@example.com,Salzburg,AT,Standard,2024-03-02,True,977,2024-03-02,9999-12-31,True,Niklas Meyer,Österreich
C00978,Max,Neumann,customer978@example.com,Graz,AT,Standard,2023-04-30,True,978,2023-04-30,9999-12-31,True,Max Neumann,Österreich
C00979,Moritz,Braun,customer979@example.com,Dresden,DE,Budget,2023-12-03,True,979,2023-12-03,9999-12-31,True,Moritz Braun,Deutschland
C00980,Niklas,Braun,customer980@example.com,Hannover,DE,Budget,2023-12-07,True,980,2023-12-07,9999-12-31,True,Niklas Braun,Deutschland
C00981,Lena,Schröder,customer981@example.com,Wien,AT,Standard,2023-10-01,True,981,2023-10-01,9999-12-31,True,Lena Schröder,Österreich
C00982,Sarah,Neumann,customer982@example.com,Innsbruck,AT,Premium,2023-03-14,False,982,2023-03-14,9999-12-31,True,Sarah Neumann,Österreich
C00983,Elena,Wolf,customer983@example.com,Basel,CH,Budget,2024-01-11,False,983,2024-01-11,9999-12-31,True,Elena Wolf,Schweiz
C00984,David,Weber,customer984@example.com,Linz,AT,Budget,2023-06-04,False,984,2023-06-04,9999-12-31,True,David Weber,Österreich
C00985,Moritz,Braun,customer985@example.com,Graz,AT,Budget,2023-04-02,True,985,2023-04-02,9999-12-31,True,Moritz Braun,Österreich
C00986,Julia,Müller,customer986@example.com,Berlin,DE,Standard,2023-09-30,True,986,2023-09-30,9999-12-31,True,Julia Müller,Deutschland
C00987,Simon,Schneider,customer987@example.com,Hamburg,DE,Budget,2023-02-18,True,987,2023-02-18,9999-12-31,True,Simon Schneider,Deutschland
C00988,Sarah,Fischer,customer988@example.com,Lausanne,CH,Budget,2023-02-15,True,988,2023-02-15,9999-12-31,True,Sarah Fischer,Schweiz
C00989,Lena,Schröder,customer989@example.com,Berlin,DE,Standard,2024-07-14,True,989,2024-07-14,9999-12-31,True,Lena Schröder,Deutschland
C00990,Lisa,Schröder,customer990@example.com,Düsseldorf,DE,Standard,2023-05-14,True,990,2023-05-14,9999-12-31,True,Lisa Schröder,Deutschland
C00991,Max,Richter,customer991@example.com,Graz,AT,Standard,2023-07-18,True,991,2023-07-18,9999-12-31,True,Max Richter,Österreich
C00992,Anna,Klein,customer992@example.com,Frankfurt,DE,Budget,2024-04-03,True,992,2024-04-03,9999-12-31,True,Anna Klein,Deutschland
C00993,Elena,Schmidt,customer993@example.com,Bremen,DE,Standard,2024-08-12,True,993,2024-08-12,9999-12-31,True,Elena Schmidt,Deutschland
C00994,Lena,Hoffmann,customer994@example.com,Salzburg,AT,Standard,2024-07-31,True,994,2024-07-31,9999-12-31,True,Lena Hoffmann,Österreich
C00995,Lisa,Schmidt,customer995@example.com,Innsbruck,AT,Standard,2023-09-11,True,995,2023-09-11,9999-12-31,True,Lisa Schmidt,Österreich
C00996,Julia,Becker,customer996@example.com,Hamburg,DE,Budget,2023-07-02,True,996,2023-07-02,9999-12-31,True,Julia Becker,Deutschland
C00997,Anna,Bauer,customer997@example.com,Salzburg,AT,Standard,2023-12-05,False,997,2023-12-05,9999-12-31,True,Anna Bauer,Österreich
C00998,Emma,Bauer,customer998@example.com,Frankfurt,DE,Budget,2023-10-05,True,998,2023-10-05,9999-12-31,True,Emma Bauer,Deutschland
C00999,Laura,Wagner,customer999@example.com,Genf,CH,Standard,2023-02-20,True,999,2023-02-20,9999-12-31,True,Laura Wagner,Schweiz
C01000,Niklas,Koch,customer1000@example.com,Basel,CH,Premium,2023-06-04,True,1000,2023-06-04,9999-12-31,True,Niklas Koch,Schweiz
C01001,David,Schneider,customer1001@example.com,Köln,DE,Standard,2024-06-06,True,1001,2024-06-06,9999-12-31,True,David Schneider,Deutschland
C01002,David,Schneider,customer1002@example.com,Köln,DE,Standard,2023-01-09,True,1002,2023-01-09,9999-12-31,True,David Schneider,Deutschland
C01003,Tim,Meyer,customer1003@example.com,Genf,CH,Budget,2023-05-29,True,1003,2023-05-29,9999-12-31,True,Tim Meyer,Schweiz
C01004,Sarah,Klein,customer1004@example.com,Hamburg,DE,Standard,2024-09-22,True,1004,2024-09-22,9999-12-31,True,Sarah Klein,Deutschland
C01005,Jonas,Schäfer,customer1005@example.com,Graz,AT,Budget,2024-06-29,True,1005,2024-06-29,9999-12-31,True,Jonas Schäfer,Österreich
C01006,Lena,Richter,customer1006@example.com,Bern,CH,Budget,2024-05-30,True,1006,2024-05-30,9999-12-31,True,Lena Richter,Schweiz
C01007,Jan,Schmidt,customer1007@example.com,Frankfurt,DE,Premium,2023-07-16,True,1007,2023-07-16,9999-12-31,True,Jan Schmidt,Deutschland
C01008,Jan,Koch,customer1008@example.com,Stuttgart,DE,Standard,2024-01-27,True,1008,2024-01-27,9999-12-31,True,Jan Koch,Deutschland
C01009,Laura,Koch,customer1009@example.com,Dresden,DE,Premium,2023-01-02,True,1009,2023-01-02,9999-12-31,True,Laura Koch,Deutschland
C01010,Lisa,Becker,customer1010@example.com,Genf,CH,Budget,2023-07-31,True,1010,2023-07-31,9999-12-31,True,Lisa Becker,Schweiz
C01011,Emma,Bauer,customer1011@example.com,Graz,AT,Standard,2024-03-13,True,1011,2024-03-13,9999-12-31,True,Emma Bauer,Österreich
C01012,Marie,Meyer,customer1012@example.com,Düsseldorf,DE,Premium,2023-05-09,True,1012,2023-05-09,9999-12-31,True,Marie Meyer,Deutschland
C01013,Marie,Neumann,customer1013@example.com,Bremen,DE,Standard,2024-01-10,False,1013,2024-01-10,9999-12-31,True,Marie Neumann,Deutschland
C01014,Elena,Becker,customer1014@example.com,Bern,CH,Standard,2023-09-23,True,1014,2023-09-23,9999-12-31,True,Elena Becker,Schweiz
C01015,Emma,Bauer,customer1015@example.com,Düsseldorf,DE,Standard,2024-03-18,True,1015,2024-03-18,9999-12-31,True,Emma Bauer,Deutschland
C01016,Lena,Schäfer,customer1016@example.com,Graz,AT,Standard,2023-06-29,True,1016,2023-06-29,9999-12-31,True,Lena Schäfer,Österreich
C01017,Mia,Becker,customer1017@example.com,München,DE,Budget,2023-02-26,True,1017,2023-02-26,9999-12-31,True,Mia Becker,Deutschland
C01018,Max,Schmidt,customer1018@example.com,Düsseldorf,DE,Standard,2023-08-20,True,1018,2023-08-20,9999-12-31,True,Max Schmidt,Deutschland
C01019,Lukas,Braun,customer1019@example.com,München,DE,Standard,2024-08-18,True,1019,2024-08-18,9999-12-31,True,Lukas Braun,Deutschland
C01020,Julia,Schäfer,customer1020@example.com,Leipzig,DE,Standard,2024-06-25,True,1020,2024-06-25,9999-12-31,True,Julia Schäfer,Deutschland
C01021,Sophie,Müller,customer1021@example.com,München,DE,Standard,2023-07-05,True,1021,2023-07-05,9999-12-31,True,Sophie Müller,Deutschland
C01022,Jan,Braun,customer1022@example.com,Frankfurt,DE,Standard,2023-02-11,True,1022,2023-02-11,9999-12-31,True,Jan Braun,Deutschland
C01023,Max,Bauer,customer1023@example.com,Lausanne,CH,Budget,2024-12-20,False,1023,2024-12-20,9999-12-31,True,Max Bauer,Schweiz
C01024,Lisa,Weber,customer1024@example.com,Leipzig,DE,Standard,2024-06-13,False,1024,2024-06-13,9999-12-31,True,Lisa Weber,Deutschland
C01025,Laura,Bauer,customer1025@example.com,Bern,CH,Budget,2023-09-16,True,1025,2023-09-16,9999-12-31,True,Laura Bauer,Schweiz
C01026,Leon,Bauer,customer1026@example.com,Zürich,CH,Premium,2024-08-11,True,1026,2024-08-11,9999-12-31,True,Leon Bauer,Schweiz
C01027,Simon,Becker,customer1027@example.com,Bremen,DE,Budget,2023-01-16,True,1027,2023-01-16,9999-12-31,True,Simon Becker,Deutschland
C01028,Leon,Koch,customer1028@example.com,Linz,AT,Budget,2024-02-01,True,1028,2024-02-01,9999-12-31,True,Leon Koch,Österreich
C01029,Emma,Wolf,customer1029@example.com,Genf,CH,Standard,2024-01-01,True,1029,2024-01-01,9999-12-31,True,Emma Wolf,Schweiz
C01030,Lukas,Wolf,customer1030@example.com,Leipzig,DE,Standard,2024-02-20,True,1030,2024-02-20,9999-12-31,True,Lukas Wolf,Deutschland
C01031,Julia,Weber,customer1031@example.com,Berlin,DE,Budget,2023-01-11,True,1031,2023-01-11,9999-12-31,True,Julia Weber,Deutschland
C01032,Moritz,Wagner,customer1032@example.com,Wien,AT,Standard,2023-08-25,True,1032,2023-08-25,9999-12-31,True,Moritz Wagner,Österreich
C01033,Sophie,Becker,customer1033@example.com,Salzburg,AT,Standard,2023-07-08,False,1033,2023-07-08,9999-12-31,True,Sophie Becker,Österreich
C01034,Leon,Schröder,customer1034@example.com,Bremen,DE,Premium,2024-08-24,True,1034,2024-08-24,9999-12-31,True,Leon Schröder,Deutschland
C01035,Elena,Schneider,customer1035@example.com,Köln,DE,Premium,2024-11-24,True,1035,2024-11-24,9999-12-31,True,Elena Schneider,Deutschland
C01036,Lena,Richter,customer1036@example.com,Wien,AT,Standard,2024-09-06,True,1036,2024-09-06,9999-12-31,True,Lena Richter,Österreich
C01037,Sophie,Müller,customer1037@example.com,Nürnberg,DE,Standard,2024-02-26,True,1037,2024-02-26,9999-12-31,True,Sophie Müller,Deutschland
C01038,Lena,Koch,customer1038@example.com,Köln,DE,Budget,2023-11-03,True,1038,2023-11-03,9999-12-31,True,Lena Koch,Deutschland
C01039,Jan,Schäfer,customer1039@example.com,Köln,DE,Standard,2023-08-09,True,1039,2023-08-09,9999-12-31,True,Jan Schäfer,Deutschland
C01040,Simon,Bauer,customer1040@example.com,Zürich,CH,Standard,2023-10-08,True,1040,2023-10-08,9999-12-31,True,Simon Bauer,Schweiz
C01041,Niklas,Braun,customer1041@example.com,Dresden,DE,Budget,2024-07-26,True,1041,2024-07-26,9999-12-31,True,Niklas Braun,Deutschland
C01042,Sarah,Fischer,customer1042@example.com,München,DE,Standard,2023-04-15,True,1042,2023-04-15,9999-12-31,True,Sarah Fischer,Deutschland
C01043,Lena,Schröder,customer1043@example.com,Zürich,CH,Premium,2023-07-26,True,1043,2023-07-26,9999-12-31,True,Lena Schröder,Schweiz
C01044,Felix,Neumann,customer1044@example.com,Nürnberg,DE,Standard,2024-05-27,False,1044,2024-05-27,9999-12-31,True,Felix Neumann,Deutschland
C01045,Lena,Wagner,customer1045@example.com,Hamburg,DE,Premium,2024-11-16,True,1045,2024-11-16,9999-12-31,True,Lena Wagner,Deutschland
C01046,Moritz,Hoffmann,customer1046@example.com,Lausanne,CH,Standard,2023-05-12,True,1046,2023-05-12,9999-12-31,True,Moritz Hoffmann,Schweiz
C01047,Laura,Wolf,customer1047@example.com,Innsbruck,AT,Standard,2024-04-16,True,1047,2024-04-16,9999-12-31,True,Laura Wolf,Österreich
C01048,Simon,Neumann,customer1048@example.com,Bern,CH,Budget,2024-09-01,True,1048,2024-09-01,9999-12-31,True,Simon Neumann,Schweiz
C01049,David,Fischer,customer1049@example.com,Linz,AT,Budget,2024-04-05,True,1049,2024-04-05,9999-12-31,True,David Fischer,Österreich
C01050,Clara,Neumann,customer1050@example.com,Frankfurt,DE,Premium,2024-12-07,True,1050,2024-12-07,9999-12-31,True,Clara Neumann,Deutschland
C01051,Simon,Fischer,customer1051@example.com,Innsbruck,AT,Budget,2024-08-10,True,1051,2024-08-10,9999-12-31,True,Simon Fischer,Österreich
C01052,David,Schröder,customer1052@example.com,Lausanne,CH,Standard,2023-03-25,True,1052,2023-03-25,9999-12-31,True,David Schröder,Schweiz
C01053,Paul,Richter,customer1053@example.com,Zürich,CH,Standard,2023-02-06,True,1053,2023-02-06,9999-12-31,True,Paul Richter,Schweiz
C01054,Mia,Richter,customer1054@example.com,Frankfurt,DE,Standard,2024-04-12,False,1054,2024-04-12,9999-12-31,True,Mia Richter,Deutschland
C01055,Anna,Schmidt,customer1055@example.com,Genf,CH,Standard,2024-08-02,True,1055,2024-08-02,9999-12-31,True,Anna Schmidt,Schweiz
C01056,Paul,Wagner,customer1056@example.com,Nürnberg,DE,Budget,2023-10-24,True,1056,2023-10-24,9999-12-31,True,Paul Wagner,Deutschland
C01057,Jan,Becker,customer1057@example.com,Stuttgart,DE,Premium,2024-03-19,True,1057,2024-03-19,9999-12-31,True,Jan Becker,Deutschland
C01058,Niklas,Neumann,customer1058@example.com,Graz,AT,Premium,2023-03-26,True,1058,2023-03-26,9999-12-31,True,Niklas Neumann,Österreich
C01059,Laura,Meyer,customer1059@example.com,Basel,CH,Standard,2024-03-20,True,1059,2024-03-20,9999-12-31,True,Laura Meyer,Schweiz
C01060,Paul,Klein,customer1060@example.com,Zürich,CH,Standard,2024-11-03,True,1060,2024-11-03,9999-12-31,True,Paul Klein,Schweiz
C01061,Julia,Schäfer,customer1061@example.com,Hannover,DE,Standard,2024-01-13,True,1061,2024-01-13,9999-12-31,True,Julia Schäfer,Deutschland
C01062,Niklas,Schröder,customer1062@example.com,Düsseldorf,DE,Budget,2023-08-07,True,1062,2023-08-07,9999-12-31,True,Niklas Schröder,Deutschland
C01063,Clara,Weber,customer1063@example.com,Basel,CH,Premium,2024-04-30,True,1063,2024-04-30,9999-12-31,True,Clara Weber,Schweiz
C01064,Jan,Müller,customer1064@example.com,Stuttgart,DE,Budget,2023-02-26,False,1064,2023-02-26,9999-12-31,True,Jan Müller,Deutschland
C01065,Jonas,Becker,customer1065@example.com,Genf,CH,Standard,2023-08-15,True,1065,2023-08-15,9999-12-31,True,Jonas Becker,Schweiz
C01066,Mia,Bauer,customer1066@example.com,Stuttgart,DE,Premium,2023-02-24,True,1066,2023-02-24,9999-12-31,True,Mia Bauer,Deutschland
C01067,Jan,Richter,customer1067@example.com,Salzburg,AT,Standard,2023-07-17,True,1067,2023-07-17,9999-12-31,True,Jan Richter,Österreich
C01068,Jan,Wagner,customer1068@example.com,München,DE,Standard,2023-10-02,True,1068,2023-10-02,9999-12-31,True,Jan Wagner,Deutschland
C01069,Moritz,Wolf,customer1069@example.com,Basel,CH,Standard,2023-11-25,True,1069,2023-11-25,9999-12-31,True,Moritz Wolf,Schweiz
C01070,Leon,Wagner,customer1070@example.com,Bern,CH,Budget,2024-06-12,True,1070,2024-06-12,9999-12-31,True,Leon Wagner,Schweiz
C01071,Felix,Fischer,customer1071@example.com,Düsseldorf,DE,Premium,2023-03-22,False,1071,2023-03-22,9999-12-31,True,Felix Fischer,Deutschland
C01072,Julia,Fischer,customer1072@example.com,Köln,DE,Standard,2024-10-31,True,1072,2024-10-31,9999-12-31,True,Julia Fischer,Deutschland
C01073,Sarah,Weber,customer1073@example.com,Bern,CH,Standard,2024-10-25,True,1073,2024-10-25,9999-12-31,True,Sarah Weber,Schweiz
C01074,Moritz,Koch,customer1074@example.com,Bremen,DE,Standard,2023-07-29,True,1074,2023-07-29,9999-12-31,True,Moritz Koch,Deutschland
C01075,Jonas,Wolf,customer1075@example.com,Linz,AT,Premium,2023-10-15,True,1075,2023-10-15,9999-12-31,True,Jonas Wolf,Österreich
C01076,Jan,Richter,customer1076@example.com,Hamburg,DE,Budget,2024-12-26,True,1076,2024-12-26,9999-12-31,True,Jan Richter,Deutschland
C01077,Max,Schäfer,customer1077@example.com,Innsbruck,AT,Standard,2023-04-19,False,1077,2023-04-19,9999-12-31,True,Max Schäfer,Österreich
C01078,Lisa,Klein,customer1078@example.com,Düsseldorf,DE,Premium,2023-05-26,True,1078,2023-05-26,9999-12-31,True,Lisa Klein,Deutschland
C01079,Julia,Becker,customer1079@example.com,Düsseldorf,DE,Standard,2023-03-23,True,1079,2023-03-23,9999-12-31,True,Julia Becker,Deutschland
C01080,Marie,Hoffmann,customer1080@example.com,Düsseldorf,DE,Budget,2024-02-06,True,1080,2024-02-06,9999-12-31,True,Marie Hoffmann,Deutschland
C01081,Emma,Weber,customer1081@example.com,Bern,CH,Standard,2024-06-30,True,1081,2024-06-30,9999-12-31,True,Emma Weber,Schweiz
C01082,Julia,Schmidt,customer1082@example.com,Düsseldorf,DE,Standard,2024-04-12,True,1082,2024-04-12,9999-12-31,True,Julia Schmidt,Deutschland
C01083,Marie,Fischer,customer1083@example.com,Salzburg,AT,Budget,2024-02-08,True,1083,2024-02-08,9999-12-31,True,Marie Fischer,Österreich
C01084,Julia,Schäfer,customer1084@example.com,Düsseldorf,DE,Standard,2024-11-27,True,1084,2024-11-27,9999-12-31,True,Julia Schäfer,Deutschland
C01085,Julia,Wagner,customer1085@example.com,Stuttgart,DE,Standard,2024-01-15,True,1085,2024-01-15,9999-12-31,True,Julia Wagner,Deutschland
C01086,Moritz,Fischer,customer1086@example.com,Bremen,DE,Standard,2023-05-02,False,1086,2023-05-02,9999-12-31,True,Moritz Fischer,Deutschland
C01087,Simon,Wagner,customer1087@example.com,Bern,CH,Standard,2023-09-09,False,1087,2023-09-09,9999-12-31,True,Simon Wagner,Schweiz
C01088,Jan,Schmidt,customer1088@example.com,Stuttgart,DE,Budget,2023-02-14,False,1088,2023-02-14,9999-12-31,True,Jan Schmidt,Deutschland
C01089,Emma,Schneider,customer1089@example.com,Zürich,CH,Budget,2023-12-23,True,1089,2023-12-23,9999-12-31,True,Emma Schneider,Schweiz
C01090,Julia,Schröder,customer1090@example.com,Bern,CH,Standard,2024-08-01,True,1090,2024-08-01,9999-12-31,True,Julia Schröder,Schweiz
C01091,Lena,Wagner,customer1091@example.com,München,DE,Budget,2023-01-04,True,1091,2023-01-04,9999-12-31,True,Lena Wagner,Deutschland
C01092,Lena,Hoffmann,customer1092@example.com,Bern,CH,Standard,2023-11-21,True,1092,2023-11-21,9999-12-31,True,Lena Hoffmann,Schweiz
C01093,Elena,Schneider,customer1093@example.com,Stuttgart,DE,Budget,2024-05-30,True,1093,2024-05-30,9999-12-31,True,Elena Schneider,Deutschland
C01094,Clara,Schneider,customer1094@example.com,Leipzig,DE,Standard,2024-11-18,True,1094,2024-11-18,9999-12-31,True,Clara Schneider,Deutschland
C01095,Sophie,Klein,customer1095@example.com,Leipzig,DE,Budget,2024-04-05,True,1095,2024-04-05,9999-12-31,True,Sophie Klein,Deutschland
C01096,Laura,Neumann,customer1096@example.com,Innsbruck,AT,Premium,2024-02-24,True,1096,2024-02-24,9999-12-31,True,Laura Neumann,Österreich
C01097,Anna,Koch,customer1097@example.com,Wien,AT,Budget,2023-06-29,True,1097,2023-06-29,9999-12-31,True,Anna Koch,Österreich
C01098,Lukas,Schneider,customer1098@example.com,Hannover,DE,Budget,2024-03-14,True,1098,2024-03-14,9999-12-31,True,Lukas Schneider,Deutschland
C01099,Felix,Wagner,customer1099@example.com,Köln,DE,Premium,2023-03-25,True,1099,2023-03-25,9999-12-31,True,Felix Wagner,Deutschland
C01100,Paul,Schäfer,customer1100@example.com,Wien,AT,Standard,2023-09-25,True,1100,2023-09-25,9999-12-31,True,Paul Schäfer,Österreich
C01101,Paul,Schneider,customer1101@example.com,Salzburg,AT,Standard,2024-10-01,True,1101,2024-10-01,9999-12-31,True,Paul Schneider,Österreich
C01102,Elena,Schäfer,customer1102@example.com,Hannover,DE,Standard,2023-04-27,True,1102,2023-04-27,9999-12-31,True,Elena Schäfer,Deutschland
C01103,Tim,Richter,customer1103@example.com,Leipzig,DE,Standard,2024-06-26,True,1103,2024-06-26,9999-12-31,True,Tim Richter,Deutschland
C01104,Mia,Schmidt,customer1104@example.com,Dresden,DE,Standard,2024-03-22,True,1104,2024-03-22,9999-12-31,True,Mia Schmidt,Deutschland
C01105,Moritz,Richter,customer1105@example.com,Düsseldorf,DE,Budget,2024-07-04,True,1105,2024-07-04,9999-12-31,True,Moritz Richter,Deutschland
C01106,Marie,Schmidt,customer1106@example.com,Graz,AT,Budget,2023-03-11,True,1106,2023-03-11,9999-12-31,True,Marie Schmidt,Österreich
C01107,Laura,Weber,customer1107@example.com,Linz,AT,Budget,2024-01-04,True,1107,2024-01-04,9999-12-31,True,Laura Weber,Österreich
C01108,Leon,Wagner,customer1108@example.com,Zürich,CH,Budget,2023-08-27,False,1108,2023-08-27,9999-12-31,True,Leon Wagner,Schweiz
C01109,Jan,Schäfer,customer1109@example.com,Köln,DE,Standard,2024-04-22,True,1109,2024-04-22,9999-12-31,True,Jan Schäfer,Deutschland
C01110,Simon,Müller,customer1110@example.com,Bremen,DE,Premium,2023-03-23,True,1110,2023-03-23,9999-12-31,True,Simon Müller,Deutschland
C01111,Anna,Richter,customer1111@example.com,München,DE,Standard,2024-10-29,True,1111,2024-10-29,9999-12-31,True,Anna Richter,Deutschland
C01112,Mia,Richter,customer1112@example.com,Genf,CH,Premium,2023-10-28,True,1112,2023-10-28,9999-12-31,True,Mia Richter,Schweiz
C01113,Niklas,Meyer,customer1113@example.com,Nürnberg,DE,Standard,2024-07-12,True,1113,2024-07-12,9999-12-31,True,Niklas Meyer,Deutschland
C01114,Lisa,Hoffmann,customer1114@example.com,Genf,CH,Budget,2023-08-12,True,1114,2023-08-12,9999-12-31,True,Lisa Hoffmann,Schweiz
C01115,Sophie,Schneider,customer1115@example.com,Bern,CH,Budget,2023-02-08,True,1115,2023-02-08,9999-12-31,True,Sophie Schneider,Schweiz
C01116,Marie,Koch,customer1116@example.com,Hannover,DE,Budget,2023-04-07,True,1116,2023-04-07,9999-12-31,True,Marie Koch,Deutschland
C01117,Anna,Fischer,customer1117@example.com,Stuttgart,DE,Budget,2023-02-15,True,1117,2023-02-15,9999-12-31,True,Anna Fischer,Deutschland
C01118,Lukas,Schneider,customer1118@example.com,Berlin,DE,Standard,2024-03-22,True,1118,2024-03-22,9999-12-31,True,Lukas Schneider,Deutschland
C01119,Mia,Schneider,customer1119@example.com,Hannover,DE,Standard,2024-04-30,False,1119,2024-04-30,9999-12-31,True,Mia Schneider,Deutschland
C01120,Lena,Weber,customer1120@example.com,Bremen,DE,Budget,2024-05-23,True,1120,2024-05-23,9999-12-31,True,Lena Weber,Deutschland
C01121,Lena,Braun,customer1121@example.com,Stuttgart,DE,Standard,2023-07-08,True,1121,2023-07-08,9999-12-31,True,Lena Braun,Deutschland
C01122,Marie,Schröder,customer1122@example.com,Innsbruck,AT,Standard,2024-05-09,True,1122,2024-05-09,9999-12-31,True,Marie Schröder,Österreich
C01123,Niklas,Richter,customer1123@example.com,Graz,AT,Standard,2023-08-06,True,1123,2023-08-06,9999-12-31,True,Niklas Richter,Österreich
C01124,David,Schröder,customer1124@example.com,Leipzig,DE,Premium,2023-09-18,True,1124,2023-09-18,9999-12-31,True,David Schröder,Deutschland
C01125,Paul,Schröder,customer1125@example.com,Basel,CH,Standard,2023-02-16,False,1125,2023-02-16,9999-12-31,True,Paul Schröder,Schweiz
C01126,Marie,Meyer,customer1126@example.com,Lausanne,CH,Budget,2023-06-04,True,1126,2023-06-04,9999-12-31,True,Marie Meyer,Schweiz
C01127,Niklas,Wagner,customer1127@example.com,Leipzig,DE,Standard,2024-08-31,True,1127,2024-08-31,9999-12-31,True,Niklas Wagner,Deutschland
C01128,Elena,Becker,customer1128@example.com,Bern,CH,Budget,2024-03-23,True,1128,2024-03-23,9999-12-31,True,Elena Becker,Schweiz
C01129,Lena,Schröder,customer1129@example.com,Salzburg,AT,Budget,2023-09-28,True,1129,2023-09-28,9999-12-31,True,Lena Schröder,Österreich
C01130,Felix,Hoffmann,customer1130@example.com,Köln,DE,Budget,2023-12-08,False,1130,2023-12-08,9999-12-31,True,Felix Hoffmann,Deutschland
C01131,Sarah,Müller,customer1131@example.com,Salzburg,AT,Standard,2024-11-08,True,1131,2024-11-08,9999-12-31,True,Sarah Müller,Österreich
C01132,Jan,Neumann,customer1132@example.com,Wien,AT,Standard,2024-08-24,True,1132,2024-08-24,9999-12-31,True,Jan Neumann,Österreich
C01133,Felix,Schäfer,customer1133@example.com,Köln,DE,Standard,2024-07-07,True,1133,2024-07-07,9999-12-31,True,Felix Schäfer,Deutschland
C01134,Jonas,Müller,customer1134@example.com,Graz,AT,Premium,2024-06-20,True,1134,2024-06-20,9999-12-31,True,Jonas Müller,Österreich
C01135,Lukas,Meyer,customer1135@example.com,Lausanne,CH,Standard,2023-05-05,True,1135,2023-05-05,9999-12-31,True,Lukas Meyer,Schweiz
C01136,Emma,Schmidt,customer1136@example.com,München,DE,Premium,2024-05-20,True,1136,2024-05-20,9999-12-31,True,Emma Schmidt,Deutschland
C01137,Lisa,Müller,customer1137@example.com,Düsseldorf,DE,Premium,2024-06-19,True,1137,2024-06-19,9999-12-31,True,Lisa Müller,Deutschland
C01138,Paul,Hoffmann,customer1138@example.com,Genf,CH,Standard,2024-09-19,True,1138,2024-09-19,9999-12-31,True,Paul Hoffmann,Schweiz
C01139,Clara,Bauer,customer1139@example.com,Hannover,DE,Premium,2023-08-04,True,1139,2023-08-04,9999-12-31,True,Clara Bauer,Deutschland
C01140,Elena,Fischer,customer1140@example.com,Nürnberg,DE,Budget,2024-06-30,True,1140,2024-06-30,9999-12-31,True,Elena Fischer,Deutschland
C01141,Clara,Wolf,customer1141@example.com,Innsbruck,AT,Standard,2023-08-31,True,1141,2023-08-31,9999-12-31,True,Clara Wolf,Österreich
C01142,David,Fischer,customer1142@example.com,Hannover,DE,Standard,2024-12-05,True,1142,2024-12-05,9999-12-31,True,David Fischer,Deutschland
C01143,Emma,Schmidt,customer1143@example.com,Nürnberg,DE,Standard,2023-03-16,True,1143,2023-03-16,9999-12-31,True,Emma Schmidt,Deutschland
C01144,Felix,Schneider,customer1144@example.com,Düsseldorf,DE,Standard,2023-11-11,True,1144,2023-11-11,9999-12-31,True,Felix Schneider,Deutschland
C01145,David,Schmidt,customer1145@example.com,Berlin,DE,Budget,2023-06-25,True,1145,2023-06-25,9999-12-31,True,David Schmidt,Deutschland
C01146,Emma,Fischer,customer1146@example.com,Frankfurt,DE,Standard,2023-10-03,True,1146,2023-10-03,9999-12-31,True,Emma Fischer,Deutschland
C01147,Clara,Fischer,customer1147@example.com,Hamburg,DE,Premium,2023-04-22,True,1147,2023-04-22,9999-12-31,True,Clara Fischer,Deutschland
C01148,Leon,Koch,customer1148@example.com,Bern,CH,Budget,2024-07-30,True,1148,2024-07-30,9999-12-31,True,Leon Koch,Schweiz
C01149,Sophie,Fischer,customer1149@example.com,Frankfurt,DE,Standard,2024-11-06,True,1149,2024-11-06,9999-12-31,True,Sophie Fischer,Deutschland
C01150,Emma,Schmidt,customer1150@example.com,Salzburg,AT,Standard,2024-11-11,True,1150,2024-11-11,9999-12-31,True,Emma Schmidt,Österreich
C01151,Felix,Neumann,customer1151@example.com,Düsseldorf,DE,Budget,2024-07-12,True,1151,2024-07-12,9999-12-31,True,Felix Neumann,Deutschland
C01152,Sarah,Neumann,customer1152@example.com,Dresden,DE,Standard,2024-04-23,True,1152,2024-04-23,9999-12-31,True,Sarah Neumann,Deutschland
C01153,Max,Schneider,customer1153@example.com,Graz,AT,Standard,2023-02-28,True,1153,2023-02-28,9999-12-31,True,Max Schneider,Österreich
C01154,Jan,Hoffmann,customer1154@example.com,Bern,CH,Budget,2024-05-28,True,1154,2024-05-28,9999-12-31,True,Jan Hoffmann,Schweiz
C01155,Julia,Wagner,customer1155@example.com,Salzburg,AT,Standard,2024-01-23,False,1155,2024-01-23,9999-12-31,True,Julia Wagner,Österreich
C01156,Lena,Schäfer,customer1156@example.com,Köln,DE,Budget,2023-12-03,True,1156,2023-12-03,9999-12-31,True,Lena Schäfer,Deutschland
C01157,Moritz,Müller,customer1157@example.com,Nürnberg,DE,Standard,2024-10-10,True,1157,2024-10-10,9999-12-31,True,Moritz Müller,Deutschland
C01158,David,Meyer,customer1158@example.com,Zürich,CH,Budget,2024-04-06,False,1158,2024-04-06,9999-12-31,True,David Meyer,Schweiz
C01159,Emma,Neumann,customer1159@example.com,Frankfurt,DE,Budget,2023-03-23,True,1159,2023-03-23,9999-12-31,True,Emma Neumann,Deutschland
C01160,Lena,Meyer,customer1160@example.com,Graz,AT,Premium,2024-09-17,True,1160,2024-09-17,9999-12-31,True,Lena Meyer,Österreich
C01161,Lisa,Meyer,customer1161@example.com,Basel,CH,Premium,2024-07-23,True,1161,2024-07-23,9999-12-31,True,Lisa Meyer,Schweiz
C01162,Mia,Weber,customer1162@example.com,Berlin,DE,Premium,2023-04-02,True,1162,2023-04-02,9999-12-31,True,Mia Weber,Deutschland
C01163,Leon,Richter,customer1163@example.com,Köln,DE,Budget,2024-01-09,True,1163,2024-01-09,9999-12-31,True,Leon Richter,Deutschland
C01164,Emma,Bauer,customer1164@example.com,Hamburg,DE,Budget,2024-06-25,True,1164,2024-06-25,9999-12-31,True,Emma Bauer,Deutschland
C01165,Lukas,Klein,customer1165@example.com,Dresden,DE,Standard,2024-01-21,True,1165,2024-01-21,9999-12-31,True,Lukas Klein,Deutschland
C01166,Lukas,Hoffmann,customer1166@example.com,Düsseldorf,DE,Premium,2023-10-27,True,1166,2023-10-27,9999-12-31,True,Lukas Hoffmann,Deutschland
C01167,Julia,Wolf,customer1167@example.com,Bremen,DE,Budget,2024-07-29,True,1167,2024-07-29,9999-12-31,True,Julia Wolf,Deutschland
C01168,Lena,Bauer,customer1168@example.com,Graz,AT,Standard,2024-08-03,True,1168,2024-08-03,9999-12-31,True,Lena Bauer,Österreich
C01169,Felix,Meyer,customer1169@example.com,München,DE,Standard,2023-10-13,True,1169,2023-10-13,9999-12-31,True,Felix Meyer,Deutschland
C01170,Elena,Meyer,customer1170@example.com,Hamburg,DE,Budget,2023-01-26,True,1170,2023-01-26,9999-12-31,True,Elena Meyer,Deutschland
C01171,Moritz,Fischer,customer1171@example.com,Nürnberg,DE,Standard,2024-12-16,True,1171,2024-12-16,9999-12-31,True,Moritz Fischer,Deutschland
C01172,Sophie,Becker,customer1172@example.com,Zürich,CH,Premium,2024-08-19,True,1172,2024-08-19,9999-12-31,True,Sophie Becker,Schweiz
C01173,Emma,Koch,customer1173@example.com,Genf,CH,Budget,2024-11-29,True,1173,2024-11-29,9999-12-31,True,Emma Koch,Schweiz
C01174,David,Hoffmann,customer1174@example.com,Leipzig,DE,Standard,2024-09-01,True,1174,2024-09-01,9999-12-31,True,David Hoffmann,Deutschland
C01175,Laura,Becker,customer1175@example.com,Bern,CH,Standard,2024-12-19,True,1175,2024-12-19,9999-12-31,True,Laura Becker,Schweiz
C01176,Felix,Hoffmann,customer1176@example.com,Bern,CH,Premium,2024-11-12,True,1176,2024-11-12,9999-12-31,True,Felix Hoffmann,Schweiz
C01177,Lisa,Wagner,customer1177@example.com,Berlin,DE,Standard,2024-01-02,True,1177,2024-01-02,9999-12-31,True,Lisa Wagner,Deutschland
C01178,Niklas,Weber,customer1178@example.com,Köln,DE,Standard,2023-04-16,True,1178,2023-04-16,9999-12-31,True,Niklas Weber,Deutschland
C01179,Max,Koch,customer1179@example.com,Linz,AT,Standard,2023-09-26,True,1179,2023-09-26,9999-12-31,True,Max Koch,Österreich
C01180,Lisa,Richter,customer1180@example.com,Zürich,CH,Budget,2023-04-27,True,1180,2023-04-27,9999-12-31,True,Lisa Richter,Schweiz
C01181,Anna,Neumann,customer1181@example.com,Berlin,DE,Budget,2024-02-26,True,1181,2024-02-26,9999-12-31,True,Anna Neumann,Deutschland
C01182,Emma,Hoffmann,customer1182@example.com,Nürnberg,DE,Standard,2023-08-04,True,1182,2023-08-04,9999-12-31,True,Emma Hoffmann,Deutschland
C01183,Clara,Meyer,customer1183@example.com,Stuttgart,DE,Standard,2023-05-30,True,1183,2023-05-30,9999-12-31,True,Clara Meyer,Deutschland
C01184,Jan,Schröder,customer1184@example.com,Graz,AT,Standard,2023-10-05,False,1184,2023-10-05,9999-12-31,True,Jan Schröder,Österreich
C01185,Jonas,Schäfer,customer1185@example.com,Wien,AT,Budget,2024-12-25,True,1185,2024-12-25,9999-12-31,True,Jonas Schäfer,Österreich
C01186,Anna,Richter,customer1186@example.com,Linz,AT,Budget,2023-02-21,True,1186,2023-02-21,9999-12-31,True,Anna Richter,Österreich
C01187,Lena,Meyer,customer1187@example.com,Hamburg,DE,Standard,2023-05-11,True,1187,2023-05-11,9999-12-31,True,Lena Meyer,Deutschland
C01188,Emma,Wagner,customer1188@example.com,Bern,CH,Standard,2023-11-19,True,1188,2023-11-19,9999-12-31,True,Emma Wagner,Schweiz
C01189,Sophie,Weber,customer1189@example.com,Hamburg,DE,Budget,2024-10-12,False,1189,2024-10-12,9999-12-31,True,Sophie Weber,Deutschland
C01190,Paul,Hoffmann,customer1190@example.com,Zürich,CH,Standard,2024-06-07,True,1190,2024-06-07,9999-12-31,True,Paul Hoffmann,Schweiz
C01191,Lukas,Fischer,customer1191@example.com,Salzburg,AT,Budget,2023-01-24,True,1191,2023-01-24,9999-12-31,True,Lukas Fischer,Österreich
C01192,Clara,Wolf,customer1192@example.com,Hamburg,DE,Standard,2024-05-10,True,1192,2024-05-10,9999-12-31,True,Clara Wolf,Deutschland
C01193,Lena,Neumann,customer1193@example.com,Hannover,DE,Budget,2024-12-20,True,1193,2024-12-20,9999-12-31,True,Lena Neumann,Deutschland
C01194,Simon,Schmidt,customer1194@example.com,München,DE,Standard,2024-10-25,True,1194,2024-10-25,9999-12-31,True,Simon Schmidt,Deutschland
C01195,Sarah,Schröder,customer1195@example.com,Hamburg,DE,Premium,2024-05-20,True,1195,2024-05-20,9999-12-31,True,Sarah Schröder,Deutschland
C01196,Marie,Müller,customer1196@example.com,Zürich,CH,Standard,2024-01-28,True,1196,2024-01-28,9999-12-31,True,Marie Müller,Schweiz
C01197,Sophie,Richter,customer1197@example.com,Stuttgart,DE,Standard,2024-07-09,True,1197,2024-07-09,9999-12-31,True,Sophie Richter,Deutschland
C01198,Felix,Bauer,customer1198@example.com,Basel,CH,Standard,2023-03-17,True,1198,2023-03-17,9999-12-31,True,Felix Bauer,Schweiz
C01199,Niklas,Koch,customer1199@example.com,Köln,DE,Standard,2024-01-28,True,1199,2024-01-28,9999-12-31,True,Niklas Koch,Deutschland
C01200,Max,Wagner,customer1200@example.com,München,DE,Standard,2024-12-28,False,1200,2024-12-28,9999-12-31,True,Max Wagner,Deutschland
C01201,Anna,Becker,customer1201@example.com,Hannover,DE,Standard,2023-12-09,True,1201,2023-12-09,9999-12-31,True,Anna Becker,Deutschland
C01202,Niklas,Weber,customer1202@example.com,Düsseldorf,DE,Budget,2023-04-11,True,1202,2023-04-11,9999-12-31,True,Niklas Weber,Deutschland
C01203,Marie,Braun,customer1203@example.com,Basel,CH,Premium,2023-09-12,True,1203,2023-09-12,9999-12-31,True,Marie Braun,Schweiz
C01204,Lukas,Müller,customer1204@example.com,Stuttgart,DE,Standard,2024-11-11,True,1204,2024-11-11,9999-12-31,True,Lukas Müller,Deutschland
C01205,Jan,Schneider,customer1205@example.com,Bern,CH,Standard,2024-07-13,False,1205,2024-07-13,9999-12-31,True,Jan Schneider,Schweiz
C01206,David,Schneider,customer1206@example.com,Lausanne,CH,Standard,2023-07-24,True,1206,2023-07-24,9999-12-31,True,David Schneider,Schweiz
C01207,Laura,Müller,customer1207@example.com,Köln,DE,Premium,2024-04-16,True,1207,2024-04-16,9999-12-31,True,Laura Müller,Deutschland
C01208,Mia,Bauer,customer1208@example.com,Salzburg,AT,Standard,2024-05-12,False,1208,2024-05-12,9999-12-31,True,Mia Bauer,Österreich
C01209,Elena,Schröder,customer1209@example.com,Graz,AT,Budget,2023-09-13,True,1209,2023-09-13,9999-12-31,True,Elena Schröder,Österreich
C01210,Emma,Richter,customer1210@example.com,Zürich,CH,Budget,2024-04-15,True,1210,2024-04-15,9999-12-31,True,Emma Richter,Schweiz
C01211,Clara,Schröder,customer1211@example.com,Linz,AT,Budget,2023-11-21,True,1211,2023-11-21,9999-12-31,True,Clara Schröder,Österreich
C01212,Felix,Fischer,customer1212@example.com,Innsbruck,AT,Standard,2023-05-26,True,1212,2023-05-26,9999-12-31,True,Felix Fischer,Österreich
C01213,Emma,Klein,customer1213@example.com,Salzburg,AT,Standard,2023-08-15,False,1213,2023-08-15,9999-12-31,True,Emma Klein,Österreich
C01214,Simon,Koch,customer1214@example.com,Genf,CH,Budget,2024-02-05,True,1214,2024-02-05,9999-12-31,True,Simon Koch,Schweiz
C01215,Jan,Wagner,customer1215@example.com,Basel,CH,Standard,2023-06-07,True,1215,2023-06-07,9999-12-31,True,Jan Wagner,Schweiz
C01216,Emma,Hoffmann,customer1216@example.com,Graz,AT,Standard,2024-05-02,True,1216,2024-05-02,9999-12-31,True,Emma Hoffmann,Österreich
C01217,Marie,Schneider,customer1217@example.com,Innsbruck,AT,Standard,2024-06-14,True,1217,2024-06-14,9999-12-31,True,Marie Schneider,Österreich
C01218,Elena,Koch,customer1218@example.com,Frankfurt,DE,Standard,2023-07-21,True,1218,2023-07-21,9999-12-31,True,Elena Koch,Deutschland
C01219,Felix,Schröder,customer1219@example.com,Innsbruck,AT,Budget,2024-08-14,True,1219,2024-08-14,9999-12-31,True,Felix Schröder,Österreich
C01220,Emma,Koch,customer1220@example.com,Bremen,DE,Standard,2023-01-21,True,1220,2023-01-21,9999-12-31,True,Emma Koch,Deutschland
C01221,Elena,Schmidt,customer1221@example.com,Dresden,DE,Premium,2023-05-14,True,1221,2023-05-14,9999-12-31,True,Elena Schmidt,Deutschland
C01222,Mia,Meyer,customer1222@example.com,Stuttgart,DE,Standard,2023-09-16,True,1222,2023-09-16,9999-12-31,True,Mia Meyer,Deutschland
C01223,Paul,Schmidt,customer1223@example.com,Köln,DE,Standard,2023-07-17,True,1223,2023-07-17,9999-12-31,True,Paul Schmidt,Deutschland
C01224,Clara,Wagner,customer1224@example.com,Graz,AT,Standard,2024-05-20,True,1224,2024-05-20,9999-12-31,True,Clara Wagner,Österreich
C01225,Sarah,Becker,customer1225@example.com,Nürnberg,DE,Standard,2023-09-30,True,1225,2023-09-30,9999-12-31,True,Sarah Becker,Deutschland
C01226,Clara,Braun,customer1226@example.com,Wien,AT,Premium,2024-12-03,True,1226,2024-12-03,9999-12-31,True,Clara Braun,Österreich
C01227,Lukas,Becker,customer1227@example.com,Dresden,DE,Standard,2024-05-22,True,1227,2024-05-22,9999-12-31,True,Lukas Becker,Deutschland
C01228,Lukas,Koch,customer1228@example.com,Bern,CH,Budget,2023-02-22,True,1228,2023-02-22,9999-12-31,True,Lukas Koch,Schweiz
C01229,Simon,Bauer,customer1229@example.com,Salzburg,AT,Standard,2023-04-10,True,1229,2023-04-10,9999-12-31,True,Simon Bauer,Österreich
C01230,Emma,Koch,customer1230@example.com,Köln,DE,Premium,2024-04-07,False,1230,2024-04-07,9999-12-31,True,Emma Koch,Deutschland
C01231,Sophie,Braun,customer1231@example.com,Linz,AT,Premium,2023-09-01,True,1231,2023-09-01,9999-12-31,True,Sophie Braun,Österreich
C01232,Anna,Becker,customer1232@example.com,Bern,CH,Budget,2024-05-18,True,1232,2024-05-18,9999-12-31,True,Anna Becker,Schweiz
C01233,Lena,Schneider,customer1233@example.com,Zürich,CH,Budget,2023-04-28,True,1233,2023-04-28,9999-12-31,True,Lena Schneider,Schweiz
C01234,Lukas,Wagner,customer1234@example.com,Bremen,DE,Premium,2024-04-04,True,1234,2024-04-04,9999-12-31,True,Lukas Wagner,Deutschland
C01235,Lena,Koch,customer1235@example.com,Düsseldorf,DE,Budget,2023-01-21,True,1235,2023-01-21,9999-12-31,True,Lena Koch,Deutschland
C01236,Mia,Bauer,customer1236@example.com,Genf,CH,Premium,2024-11-30,True,1236,2024-11-30,9999-12-31,True,Mia Bauer,Schweiz
C01237,Sarah,Becker,customer1237@example.com,Köln,DE,Standard,2023-09-17,True,1237,2023-09-17,9999-12-31,True,Sarah Becker,Deutschland
C01238,Emma,Müller,customer1238@example.com,Köln,DE,Standard,2024-10-22,True,1238,2024-10-22,9999-12-31,True,Emma Müller,Deutschland
C01239,Anna,Meyer,customer1239@example.com,Innsbruck,AT,Standard,2024-07-08,True,1239,2024-07-08,9999-12-31,True,Anna Meyer,Österreich
C01240,Paul,Schmidt,customer1240@example.com,Frankfurt,DE,Standard,2023-01-12,True,1240,2023-01-12,9999-12-31,True,Paul Schmidt,Deutschland
C01241,Felix,Klein,customer1241@example.com,Innsbruck,AT,Premium,2024-04-24,True,1241,2024-04-24,9999-12-31,True,Felix Klein,Österreich
C01242,Jan,Meyer,customer1242@example.com,Graz,AT,Standard,2023-11-22,False,1242,2023-11-22,9999-12-31,True,Jan Meyer,Österreich
C01243,Laura,Wolf,customer1243@example.com,Stuttgart,DE,Premium,2023-10-17,True,1243,2023-10-17,9999-12-31,True,Laura Wolf,Deutschland
C01244,Julia,Bauer,customer1244@example.com,Berlin,DE,Standard,2023-10-01,False,1244,2023-10-01,9999-12-31,True,Julia Bauer,Deutschland
C01245,Tim,Schäfer,customer1245@example.com,Düsseldorf,DE,Premium,2024-11-04,True,1245,2024-11-04,9999-12-31,True,Tim Schäfer,Deutschland
C01246,Emma,Becker,customer1246@example.com,Zürich,CH,Standard,2023-07-25,True,1246,2023-07-25,9999-12-31,True,Emma Becker,Schweiz
C01247,Sophie,Weber,customer1247@example.com,Leipzig,DE,Premium,2024-04-19,True,1247,2024-04-19,9999-12-31,True,Sophie Weber,Deutschland
C01248,David,Weber,customer1248@example.com,Leipzig,DE,Budget,2023-04-13,True,1248,2023-04-13,9999-12-31,True,David Weber,Deutschland
C01249,Felix,Klein,customer1249@example.com,Düsseldorf,DE,Standard,2023-07-09,True,1249,2023-07-09,9999-12-31,True,Felix Klein,Deutschland
C01250,Lisa,Wagner,customer1250@example.com,Nürnberg,DE,Standard,2023-12-30,False,1250,2023-12-30,9999-12-31,True,Lisa Wagner,Deutschland
C01251,Lena,Schröder,customer1251@example.com,Bremen,DE,Standard,2024-01-02,True,1251,2024-01-02,9999-12-31,True,Lena Schröder,Deutschland
C01252,Felix,Klein,customer1252@example.com,Düsseldorf,DE,Standard,2024-12-01,True,1252,2024-12-01,9999-12-31,True,Felix Klein,Deutschland
C01253,Jan,Braun,customer1253@example.com,Dresden,DE,Standard,2023-10-31,True,1253,2023-10-31,9999-12-31,True,Jan Braun,Deutschland
C01254,Julia,Wagner,customer1254@example.com,Basel,CH,Standard,2024-08-12,True,1254,2024-08-12,9999-12-31,True,Julia Wagner,Schweiz
C01255,Sophie,Wolf,customer1255@example.com,Leipzig,DE,Budget,2023-03-15,True,1255,2023-03-15,9999-12-31,True,Sophie Wolf,Deutschland
C01256,Lukas,Weber,customer1256@example.com,Bern,CH,Budget,2023-01-22,True,1256,2023-01-22,9999-12-31,True,Lukas Weber,Schweiz
C01257,Clara,Meyer,customer1257@example.com,München,DE,Premium,2024-12-16,True,1257,2024-12-16,9999-12-31,True,Clara Meyer,Deutschland
C01258,David,Schmidt,customer1258@example.com,München,DE,Standard,2024-12-13,True,1258,2024-12-13,9999-12-31,True,David Schmidt,Deutschland
C01259,Laura,Weber,customer1259@example.com,Bremen,DE,Standard,2023-07-02,True,1259,2023-07-02,9999-12-31,True,Laura Weber,Deutschland
C01260,Laura,Richter,customer1260@example.com,Stuttgart,DE,Standard,2023-08-24,True,1260,2023-08-24,9999-12-31,True,Laura Richter,Deutschland
C01261,Max,Becker,customer1261@example.com,Hannover,DE,Premium,2024-05-14,True,1261,2024-05-14,9999-12-31,True,Max Becker,Deutschland
C01262,Lena,Schmidt,customer1262@example.com,Leipzig,DE,Standard,2024-07-22,True,1262,2024-07-22,9999-12-31,True,Lena Schmidt,Deutschland
C01263,David,Braun,customer1263@example.com,Zürich,CH,Budget,2023-07-18,True,1263,2023-07-18,9999-12-31,True,David Braun,Schweiz
C01264,Anna,Klein,customer1264@example.com,Graz,AT,Premium,2023-06-01,True,1264,2023-06-01,9999-12-31,True,Anna Klein,Österreich
C01265,Lukas,Neumann,customer1265@example.com,Düsseldorf,DE,Standard,2023-08-23,True,1265,2023-08-23,9999-12-31,True,Lukas Neumann,Deutschland
C01266,Laura,Schmidt,customer1266@example.com,Köln,DE,Standard,2023-08-07,True,1266,2023-08-07,9999-12-31,True,Laura Schmidt,Deutschland
C01267,David,Klein,customer1267@example.com,Innsbruck,AT,Standard,2023-06-10,True,1267,2023-06-10,9999-12-31,True,David Klein,Österreich
C01268,Moritz,Richter,customer1268@example.com,Dresden,DE,Standard,2024-03-19,True,1268,2024-03-19,9999-12-31,True,Moritz Richter,Deutschland
C01269,Paul,Müller,customer1269@example.com,Nürnberg,DE,Premium,2023-04-25,True,1269,2023-04-25,9999-12-31,True,Paul Müller,Deutschland
C01270,Jonas,Neumann,customer1270@example.com,Leipzig,DE,Standard,2024-06-05,True,1270,2024-06-05,9999-12-31,True,Jonas Neumann,Deutschland
C01271,Moritz,Koch,customer1271@example.com,Nürnberg,DE,Standard,2024-11-19,True,1271,2024-11-19,9999-12-31,True,Moritz Koch,Deutschland
C01272,Sarah,Wagner,customer1272@example.com,Genf,CH,Premium,2023-08-06,True,1272,2023-08-06,9999-12-31,True,Sarah Wagner,Schweiz
C01273,Julia,Schneider,customer1273@example.com,Lausanne,CH,Standard,2023-09-10,True,1273,2023-09-10,9999-12-31,True,Julia Schneider,Schweiz
C01274,Mia,Schröder,customer1274@example.com,Hannover,DE,Budget,2024-12-08,True,1274,2024-12-08,9999-12-31,True,Mia Schröder,Deutschland
C01275,Felix,Bauer,customer1275@example.com,Berlin,DE,Premium,2024-07-23,True,1275,2024-07-23,9999-12-31,True,Felix Bauer,Deutschland
C01276,Lisa,Becker,customer1276@example.com,Düsseldorf,DE,Budget,2024-07-27,True,1276,2024-07-27,9999-12-31,True,Lisa Becker,Deutschland
C01277,Simon,Fischer,customer1277@example.com,Wien,AT,Budget,2024-03-14,True,1277,2024-03-14,9999-12-31,True,Simon Fischer,Österreich
C01278,Emma,Wolf,customer1278@example.com,München,DE,Standard,2023-05-21,True,1278,2023-05-21,9999-12-31,True,Emma Wolf,Deutschland
C01279,Julia,Weber,customer1279@example.com,Basel,CH,Standard,2024-11-12,True,1279,2024-11-12,9999-12-31,True,Julia Weber,Schweiz
C01280,Paul,Richter,customer1280@example.com,Salzburg,AT,Budget,2023-09-27,True,1280,2023-09-27,9999-12-31,True,Paul Richter,Österreich
C01281,Paul,Koch,customer1281@example.com,Hannover,DE,Premium,2024-01-24,True,1281,2024-01-24,9999-12-31,True,Paul Koch,Deutschland
C01282,Lukas,Richter,customer1282@example.com,Düsseldorf,DE,Standard,2024-02-26,True,1282,2024-02-26,9999-12-31,True,Lukas Richter,Deutschland
C01283,Laura,Neumann,customer1283@example.com,Lausanne,CH,Budget,2024-01-17,True,1283,2024-01-17,9999-12-31,True,Laura Neumann,Schweiz
C01284,Lisa,Klein,customer1284@example.com,Innsbruck,AT,Standard,2023-07-23,True,1284,2023-07-23,9999-12-31,True,Lisa Klein,Österreich
C01285,Moritz,Braun,customer1285@example.com,Nürnberg,DE,Budget,2024-01-16,False,1285,2024-01-16,9999-12-31,True,Moritz Braun,Deutschland
C01286,Elena,Becker,customer1286@example.com,Bern,CH,Standard,2024-01-11,True,1286,2024-01-11,9999-12-31,True,Elena Becker,Schweiz
C01287,Julia,Bauer,customer1287@example.com,Dresden,DE,Standard,2024-09-03,True,1287,2024-09-03,9999-12-31,True,Julia Bauer,Deutschland
C01288,Julia,Wagner,customer1288@example.com,Düsseldorf,DE,Budget,2024-11-18,True,1288,2024-11-18,9999-12-31,True,Julia Wagner,Deutschland
C01289,Mia,Schneider,customer1289@example.com,Bremen,DE,Standard,2024-03-02,True,1289,2024-03-02,9999-12-31,True,Mia Schneider,Deutschland
C01290,Lisa,Becker,customer1290@example.com,Köln,DE,Budget,2023-07-29,True,1290,2023-07-29,9999-12-31,True,Lisa Becker,Deutschland
C01291,Tim,Schäfer,customer1291@example.com,Basel,CH,Budget,2023-03-27,True,1291,2023-03-27,9999-12-31,True,Tim Schäfer,Schweiz
C01292,Simon,Hoffmann,customer1292@example.com,Stuttgart,DE,Budget,2023-05-13,True,1292,2023-05-13,9999-12-31,True,Simon Hoffmann,Deutschland
C01293,Clara,Becker,customer1293@example.com,Lausanne,CH,Budget,2023-02-15,False,1293,2023-02-15,9999-12-31,True,Clara Becker,Schweiz
C01294,Emma,Schmidt,customer1294@example.com,Düsseldorf,DE,Budget,2023-10-20,True,1294,2023-10-20,9999-12-31,True,Emma Schmidt,Deutschland
C01295,Emma,Wagner,customer1295@example.com,Lausanne,CH,Premium,2023-02-03,False,1295,2023-02-03,9999-12-31,True,Emma Wagner,Schweiz
C01296,Clara,Schneider,customer1296@example.com,Graz,AT,Standard,2024-10-08,True,1296,2024-10-08,9999-12-31,True,Clara Schneider,Österreich
C01297,Julia,Neumann,customer1297@example.com,Innsbruck,AT,Budget,2023-02-13,True,1297,2023-02-13,9999-12-31,True,Julia Neumann,Österreich
C01298,Julia,Neumann,customer1298@example.com,Zürich,CH,Budget,2023-02-14,True,1298,2023-02-14,9999-12-31,True,Julia Neumann,Schweiz
C01299,Marie,Meyer,customer1299@example.com,Nürnberg,DE,Budget,2023-09-24,True,1299,2023-09-24,9999-12-31,True,Marie Meyer,Deutschland
C01300,Moritz,Becker,customer1300@example.com,München,DE,Standard,2023-12-23,True,1300,2023-12-23,9999-12-31,True,Moritz Becker,Deutschland
C01301,Emma,Wolf,customer1301@example.com,Leipzig,DE,Standard,2023-11-19,True,1301,2023-11-19,9999-12-31,True,Emma Wolf,Deutschland
C01302,Lisa,Koch,customer1302@example.com,Zürich,CH,Standard,2024-11-22,True,1302,2024-11-22,9999-12-31,True,Lisa Koch,Schweiz
C01303,Felix,Klein,customer1303@example.com,Bremen,DE,Standard,2023-05-18,True,1303,2023-05-18,9999-12-31,True,Felix Klein,Deutschland
C01304,Mia,Wagner,customer1304@example.com,Genf,CH,Standard,2023-10-20,True,1304,2023-10-20,9999-12-31,True,Mia Wagner,Schweiz
C01305,Felix,Koch,customer1305@example.com,Düsseldorf,DE,Premium,2023-08-13,True,1305,2023-08-13,9999-12-31,True,Felix Koch,Deutschland
C01306,Paul,Schäfer,customer1306@example.com,Frankfurt,DE,Budget,2023-08-08,True,1306,2023-08-08,9999-12-31,True,Paul Schäfer,Deutschland
C01307,Anna,Wagner,customer1307@example.com,Berlin,DE,Premium,2024-01-31,True,1307,2024-01-31,9999-12-31,True,Anna Wagner,Deutschland
C01308,Anna,Wagner,customer1308@example.com,Wien,AT,Budget,2024-06-26,True,1308,2024-06-26,9999-12-31,True,Anna Wagner,Österreich
C01309,Tim,Schmidt,customer1309@example.com,Düsseldorf,DE,Budget,2023-07-15,True,1309,2023-07-15,9999-12-31,True,Tim Schmidt,Deutschland
C01310,Niklas,Bauer,customer1310@example.com,Köln,DE,Budget,2024-08-15,False,1310,2024-08-15,9999-12-31,True,Niklas Bauer,Deutschland
C01311,Leon,Schmidt,customer1311@example.com,Leipzig,DE,Standard,2023-03-18,True,1311,2023-03-18,9999-12-31,True,Leon Schmidt,Deutschland
C01312,Felix,Wagner,customer1312@example.com,Stuttgart,DE,Budget,2024-07-26,True,1312,2024-07-26,9999-12-31,True,Felix Wagner,Deutschland
C01313,Anna,Fischer,customer1313@example.com,Hannover,DE,Standard,2023-12-25,True,1313,2023-12-25,9999-12-31,True,Anna Fischer,Deutschland
C01314,Felix,Hoffmann,customer1314@example.com,Köln,DE,Premium,2024-07-26,True,1314,2024-07-26,9999-12-31,True,Felix Hoffmann,Deutschland
C01315,Lena,Koch,customer1315@example.com,Bern,CH,Standard,2024-06-13,True,1315,2024-06-13,9999-12-31,True,Lena Koch,Schweiz
C01316,Lukas,Braun,customer1316@example.com,Basel,CH,Premium,2023-02-21,True,1316,2023-02-21,9999-12-31,True,Lukas Braun,Schweiz
C01317,Sarah,Fischer,customer1317@example.com,Innsbruck,AT,Budget,2024-03-14,True,1317,2024-03-14,9999-12-31,True,Sarah Fischer,Österreich
C01318,Anna,Weber,customer1318@example.com,Lausanne,CH,Standard,2024-05-23,True,1318,2024-05-23,9999-12-31,True,Anna Weber,Schweiz
C01319,Clara,Weber,customer1319@example.com,Genf,CH,Standard,2024-12-17,True,1319,2024-12-17,9999-12-31,True,Clara Weber,Schweiz
C01320,Max,Klein,customer1320@example.com,Düsseldorf,DE,Standard,2024-04-12,True,1320,2024-04-12,9999-12-31,True,Max Klein,Deutschland
C01321,Sarah,Schröder,customer1321@example.com,Graz,AT,Premium,2023-05-24,True,1321,2023-05-24,9999-12-31,True,Sarah Schröder,Österreich
C01322,Lukas,Müller,customer1322@example.com,Leipzig,DE,Budget,2023-12-10,True,1322,2023-12-10,9999-12-31,True,Lukas Müller,Deutschland
C01323,Sarah,Neumann,customer1323@example.com,Nürnberg,DE,Standard,2024-10-23,False,1323,2024-10-23,9999-12-31,True,Sarah Neumann,Deutschland
C01324,Sarah,Schneider,customer1324@example.com,Wien,AT,Standard,2024-02-15,True,1324,2024-02-15,9999-12-31,True,Sarah Schneider,Österreich
C01325,Sarah,Bauer,customer1325@example.com,Hamburg,DE,Standard,2024-07-13,True,1325,2024-07-13,9999-12-31,True,Sarah Bauer,Deutschland
C01326,Niklas,Koch,customer1326@example.com,Innsbruck,AT,Standard,2023-06-26,True,1326,2023-06-26,9999-12-31,True,Niklas Koch,Österreich
C01327,Marie,Fischer,customer1327@example.com,Nürnberg,DE,Budget,2023-12-29,True,1327,2023-12-29,9999-12-31,True,Marie Fischer,Deutschland
C01328,Max,Meyer,customer1328@example.com,Wien,AT,Standard,2023-05-14,True,1328,2023-05-14,9999-12-31,True,Max Meyer,Österreich
C01329,Elena,Schröder,customer1329@example.com,Linz,AT,Standard,2023-02-20,True,1329,2023-02-20,9999-12-31,True,Elena Schröder,Österreich
C01330,Max,Klein,customer1330@example.com,Hamburg,DE,Standard,2023-04-16,True,1330,2023-04-16,9999-12-31,True,Max Klein,Deutschland
C01331,Lena,Braun,customer1331@example.com,Hannover,DE,Standard,2023-09-25,True,1331,2023-09-25,9999-12-31,True,Lena Braun,Deutschland
C01332,Emma,Hoffmann,customer1332@example.com,Basel,CH,Standard,2023-05-21,True,1332,2023-05-21,9999-12-31,True,Emma Hoffmann,Schweiz
C01333,Anna,Meyer,customer1333@example.com,Dresden,DE,Standard,2024-11-30,True,1333,2024-11-30,9999-12-31,True,Anna Meyer,Deutschland
C01334,Elena,Koch,customer1334@example.com,Stuttgart,DE,Standard,2023-11-19,True,1334,2023-11-19,9999-12-31,True,Elena Koch,Deutschland
C01335,David,Braun,customer1335@example.com,Nürnberg,DE,Standard,2024-02-26,True,1335,2024-02-26,9999-12-31,True,David Braun,Deutschland
C01336,Jonas,Schmidt,customer1336@example.com,Zürich,CH,Standard,2024-01-07,True,1336,2024-01-07,9999-12-31,True,Jonas Schmidt,Schweiz
C01337,Lena,Weber,customer1337@example.com,Düsseldorf,DE,Standard,2024-08-28,True,1337,2024-08-28,9999-12-31,True,Lena Weber,Deutschland
C01338,Anna,Fischer,customer1338@example.com,Berlin,DE,Standard,2024-04-11,True,1338,2024-04-11,9999-12-31,True,Anna Fischer,Deutschland
C01339,Max,Klein,customer1339@example.com,Zürich,CH,Budget,2024-10-02,False,1339,2024-10-02,9999-12-31,True,Max Klein,Schweiz
C01340,Elena,Richter,customer1340@example.com,Wien,AT,Standard,2023-07-27,True,1340,2023-07-27,9999-12-31,True,Elena Richter,Österreich
C01341,Sarah,Müller,customer1341@example.com,Salzburg,AT,Standard,2024-02-26,True,1341,2024-02-26,9999-12-31,True,Sarah Müller,Österreich
C01342,Leon,Neumann,customer1342@example.com,Hannover,DE,Premium,2024-06-24,True,1342,2024-06-24,9999-12-31,True,Leon Neumann,Deutschland
C01343,Mia,Schäfer,customer1343@example.com,Hannover,DE,Budget,2024-01-22,True,1343,2024-01-22,9999-12-31,True,Mia Schäfer,Deutschland
C01344,Lena,Müller,customer1344@example.com,Linz,AT,Standard,2024-07-07,True,1344,2024-07-07,9999-12-31,True,Lena Müller,Österreich
C01345,Elena,Wagner,customer1345@example.com,München,DE,Premium,2024-10-31,True,1345,2024-10-31,9999-12-31,True,Elena Wagner,Deutschland
C01346,Moritz,Müller,customer1346@example.com,Lausanne,CH,Budget,2023-04-20,True,1346,2023-04-20,9999-12-31,True,Moritz Müller,Schweiz
C01347,Paul,Fischer,customer1347@example.com,Frankfurt,DE,Standard,2023-06-17,True,1347,2023-06-17,9999-12-31,True,Paul Fischer,Deutschland
C01348,Lena,Koch,customer1348@example.com,Zürich,CH,Premium,2024-12-16,True,1348,2024-12-16,9999-12-31,True,Lena Koch,Schweiz
C01349,David,Wagner,customer1349@example.com,Salzburg,AT,Standard,2024-09-29,True,1349,2024-09-29,9999-12-31,True,David Wagner,Österreich
C01350,Felix,Weber,customer1350@example.com,Bern,CH,Premium,2024-07-02,True,1350,2024-07-02,9999-12-31,True,Felix Weber,Schweiz
C01351,Laura,Müller,customer1351@example.com,Lausanne,CH,Budget,2024-07-27,True,1351,2024-07-27,9999-12-31,True,Laura Müller,Schweiz
C01352,Lena,Fischer,customer1352@example.com,Zürich,CH,Standard,2023-12-29,True,1352,2023-12-29,9999-12-31,True,Lena Fischer,Schweiz
C01353,Elena,Schmidt,customer1353@example.com,Wien,AT,Premium,2024-02-06,True,1353,2024-02-06,9999-12-31,True,Elena Schmidt,Österreich
C01354,Lukas,Wagner,customer1354@example.com,Dresden,DE,Standard,2024-06-23,True,1354,2024-06-23,9999-12-31,True,Lukas Wagner,Deutschland
C01355,David,Wolf,customer1355@example.com,Genf,CH,Budget,2024-01-28,True,1355,2024-01-28,9999-12-31,True,David Wolf,Schweiz
C01356,Jonas,Wagner,customer1356@example.com,Lausanne,CH,Standard,2023-11-16,True,1356,2023-11-16,9999-12-31,True,Jonas Wagner,Schweiz
C01357,Jonas,Neumann,customer1357@example.com,Dresden,DE,Standard,2023-06-11,True,1357,2023-06-11,9999-12-31,True,Jonas Neumann,Deutschland
C01358,Anna,Hoffmann,customer1358@example.com,Köln,DE,Standard,2023-10-14,True,1358,2023-10-14,9999-12-31,True,Anna Hoffmann,Deutschland
C01359,Niklas,Wolf,customer1359@example.com,Frankfurt,DE,Standard,2024-02-24,True,1359,2024-02-24,9999-12-31,True,Niklas Wolf,Deutschland
C01360,Sophie,Schröder,customer1360@example.com,Genf,CH,Standard,2023-01-28,True,1360,2023-01-28,9999-12-31,True,Sophie Schröder,Schweiz
C01361,Leon,Braun,customer1361@example.com,Leipzig,DE,Standard,2024-03-01,True,1361,2024-03-01,9999-12-31,True,Leon Braun,Deutschland
C01362,Max,Wolf,customer1362@example.com,Berlin,DE,Standard,2023-10-04,True,1362,2023-10-04,9999-12-31,True,Max Wolf,Deutschland
C01363,Jonas,Schmidt,customer1363@example.com,Nürnberg,DE,Budget,2023-12-09,True,1363,2023-12-09,9999-12-31,True,Jonas Schmidt,Deutschland
C01364,Lena,Müller,customer1364@example.com,München,DE,Premium,2023-11-13,True,1364,2023-11-13,9999-12-31,True,Lena Müller,Deutschland
C01365,Simon,Schröder,customer1365@example.com,Linz,AT,Standard,2024-06-23,True,1365,2024-06-23,9999-12-31,True,Simon Schröder,Österreich
C01366,Lena,Schneider,customer1366@example.com,München,DE,Standard,2024-10-12,True,1366,2024-10-12,9999-12-31,True,Lena Schneider,Deutschland
C01367,Jonas,Schäfer,customer1367@example.com,Innsbruck,AT,Budget,2024-05-09,True,1367,2024-05-09,9999-12-31,True,Jonas Schäfer,Österreich
C01368,Marie,Neumann,customer1368@example.com,Zürich,CH,Standard,2024-12-09,True,1368,2024-12-09,9999-12-31,True,Marie Neumann,Schweiz
C01369,Max,Fischer,customer1369@example.com,München,DE,Standard,2023-10-20,True,1369,2023-10-20,9999-12-31,True,Max Fischer,Deutschland
C01370,Clara,Bauer,customer1370@example.com,Hamburg,DE,Standard,2023-09-22,True,1370,2023-09-22,9999-12-31,True,Clara Bauer,Deutschland
C01371,Anna,Schäfer,customer1371@example.com,Lausanne,CH,Premium,2023-05-10,True,1371,2023-05-10,9999-12-31,True,Anna Schäfer,Schweiz
C01372,Emma,Richter,customer1372@example.com,Leipzig,DE,Standard,2024-03-07,True,1372,2024-03-07,9999-12-31,True,Emma Richter,Deutschland
C01373,Leon,Braun,customer1373@example.com,Nürnberg,DE,Standard,2024-07-11,True,1373,2024-07-11,9999-12-31,True,Leon Braun,Deutschland
C01374,Tim,Braun,customer1374@example.com,Hannover,DE,Standard,2024-09-20,True,1374,2024-09-20,9999-12-31,True,Tim Braun,Deutschland
C01375,Lena,Fischer,customer1375@example.com,Dresden,DE,Standard,2023-04-25,True,1375,2023-04-25,9999-12-31,True,Lena Fischer,Deutschland
C01376,David,Schröder,customer1376@example.com,Frankfurt,DE,Standard,2024-08-24,True,1376,2024-08-24,9999-12-31,True,David Schröder,Deutschland
C01377,Tim,Schröder,customer1377@example.com,Bern,CH,Standard,2024-04-21,True,1377,2024-04-21,9999-12-31,True,Tim Schröder,Schweiz
C01378,Elena,Schäfer,customer1378@example.com,Düsseldorf,DE,Standard,2024-10-27,True,1378,2024-10-27,9999-12-31,True,Elena Schäfer,Deutschland
C01379,Anna,Schmidt,customer1379@example.com,Wien,AT,Standard,2024-12-29,True,1379,2024-12-29,9999-12-31,True,Anna Schmidt,Österreich
C01380,Paul,Schmidt,customer1380@example.com,Hamburg,DE,Budget,2024-11-11,True,1380,2024-11-11,9999-12-31,True,Paul Schmidt,Deutschland
C01381,Clara,Becker,customer1381@example.com,München,DE,Budget,2023-08-18,False,1381,2023-08-18,9999-12-31,True,Clara Becker,Deutschland
C01382,Simon,Fischer,customer1382@example.com,Berlin,DE,Standard,2023-11-26,True,1382,2023-11-26,9999-12-31,True,Simon Fischer,Deutschland
C01383,Marie,Bauer,customer1383@example.com,Hannover,DE,Standard,2023-09-27,True,1383,2023-09-27,9999-12-31,True,Marie Bauer,Deutschland
C01384,Jonas,Schneider,customer1384@example.com,München,DE,Standard,2023-11-27,True,1384,2023-11-27,9999-12-31,True,Jonas Schneider,Deutschland
C01385,Moritz,Becker,customer1385@example.com,Graz,AT,Premium,2024-02-22,True,1385,2024-02-22,9999-12-31,True,Moritz Becker,Österreich
C01386,Laura,Schneider,customer1386@example.com,Bern,CH,Standard,2024-12-12,False,1386,2024-12-12,9999-12-31,True,Laura Schneider,Schweiz
C01387,Moritz,Klein,customer1387@example.com,Innsbruck,AT,Budget,2023-08-16,True,1387,2023-08-16,9999-12-31,True,Moritz Klein,Österreich
C01388,Tim,Schneider,customer1388@example.com,Genf,CH,Standard,2024-11-07,True,1388,2024-11-07,9999-12-31,True,Tim Schneider,Schweiz
C01389,Sophie,Bauer,customer1389@example.com,Basel,CH,Standard,2024-10-09,True,1389,2024-10-09,9999-12-31,True,Sophie Bauer,Schweiz
C01390,Lisa,Fischer,customer1390@example.com,Bremen,DE,Standard,2024-07-13,True,1390,2024-07-13,9999-12-31,True,Lisa Fischer,Deutschland
C01391,Jonas,Richter,customer1391@example.com,Frankfurt,DE,Budget,2023-03-17,True,1391,2023-03-17,9999-12-31,True,Jonas Richter,Deutschland
C01392,Jan,Neumann,customer1392@example.com,Nürnberg,DE,Standard,2024-07-04,True,1392,2024-07-04,9999-12-31,True,Jan Neumann,Deutschland
C01393,Lena,Richter,customer1393@example.com,Genf,CH,Budget,2024-07-31,True,1393,2024-07-31,9999-12-31,True,Lena Richter,Schweiz
C01394,David,Müller,customer1394@example.com,Salzburg,AT,Budget,2023-03-25,True,1394,2023-03-25,9999-12-31,True,David Müller,Österreich
C01395,Lisa,Schröder,customer1395@example.com,Wien,AT,Budget,2023-10-30,True,1395,2023-10-30,9999-12-31,True,Lisa Schröder,Österreich
C01396,Julia,Schröder,customer1396@example.com,Leipzig,DE,Standard,2023-01-03,True,1396,2023-01-03,9999-12-31,True,Julia Schröder,Deutschland
C01397,Tim,Neumann,customer1397@example.com,Innsbruck,AT,Standard,2023-03-04,True,1397,2023-03-04,9999-12-31,True,Tim Neumann,Österreich
C01398,Emma,Klein,customer1398@example.com,Bremen,DE,Budget,2024-06-10,True,1398,2024-06-10,9999-12-31,True,Emma Klein,Deutschland
C01399,David,Schäfer,customer1399@example.com,Linz,AT,Standard,2023-07-18,False,1399,2023-07-18,9999-12-31,True,David Schäfer,Österreich
C01400,Mia,Schmidt,customer1400@example.com,Lausanne,CH,Standard,2024-08-09,True,1400,2024-08-09,9999-12-31,True,Mia Schmidt,Schweiz
C01401,Anna,Weber,customer1401@example.com,Graz,AT,Standard,2023-03-14,True,1401,2023-03-14,9999-12-31,True,Anna Weber,Österreich
C01402,Lisa,Richter,customer1402@example.com,Salzburg,AT,Budget,2023-09-03,True,1402,2023-09-03,9999-12-31,True,Lisa Richter,Österreich
C01403,Marie,Klein,customer1403@example.com,Lausanne,CH,Budget,2023-05-11,True,1403,2023-05-11,9999-12-31,True,Marie Klein,Schweiz
C01404,Lena,Neumann,customer1404@example.com,Zürich,CH,Budget,2024-08-01,True,1404,2024-08-01,9999-12-31,True,Lena Neumann,Schweiz
C01405,Leon,Wagner,customer1405@example.com,Hannover,DE,Standard,2024-09-16,True,1405,2024-09-16,9999-12-31,True,Leon Wagner,Deutschland
C01406,David,Weber,customer1406@example.com,Linz,AT,Premium,2024-04-27,True,1406,2024-04-27,9999-12-31,True,David Weber,Österreich
C01407,Jonas,Hoffmann,customer1407@example.com,Köln,DE,Standard,2024-10-04,True,1407,2024-10-04,9999-12-31,True,Jonas Hoffmann,Deutschland
C01408,Jonas,Richter,customer1408@example.com,Genf,CH,Premium,2024-02-04,True,1408,2024-02-04,9999-12-31,True,Jonas Richter,Schweiz
C01409,Marie,Fischer,customer1409@example.com,Basel,CH,Budget,2023-07-28,True,1409,2023-07-28,9999-12-31,True,Marie Fischer,Schweiz
C01410,Laura,Richter,customer1410@example.com,Dresden,DE,Premium,2024-10-14,True,1410,2024-10-14,9999-12-31,True,Laura Richter,Deutschland
C01411,Elena,Fischer,customer1411@example.com,Frankfurt,DE,Premium,2024-02-21,True,1411,2024-02-21,9999-12-31,True,Elena Fischer,Deutschland
C01412,Jonas,Richter,customer1412@example.com,Frankfurt,DE,Standard,2023-05-28,True,1412,2023-05-28,9999-12-31,True,Jonas Richter,Deutschland
C01413,Julia,Schröder,customer1413@example.com,Zürich,CH,Standard,2024-08-28,True,1413,2024-08-28,9999-12-31,True,Julia Schröder,Schweiz
C01414,Tim,Hoffmann,customer1414@example.com,Bremen,DE,Standard,2024-02-09,True,1414,2024-02-09,9999-12-31,True,Tim Hoffmann,Deutschland
C01415,Moritz,Klein,customer1415@example.com,Hamburg,DE,Standard,2024-09-19,True,1415,2024-09-19,9999-12-31,True,Moritz Klein,Deutschland
C01416,Jonas,Schneider,customer1416@example.com,Leipzig,DE,Standard,2024-01-24,True,1416,2024-01-24,9999-12-31,True,Jonas Schneider,Deutschland
C01417,Max,Schmidt,customer1417@example.com,Zürich,CH,Standard,2023-05-24,True,1417,2023-05-24,9999-12-31,True,Max Schmidt,Schweiz
C01418,David,Bauer,customer1418@example.com,Salzburg,AT,Standard,2023-07-26,True,1418,2023-07-26,9999-12-31,True,David Bauer,Österreich
C01419,David,Becker,customer1419@example.com,Linz,AT,Standard,2023-07-02,True,1419,2023-07-02,9999-12-31,True,David Becker,Österreich
C01420,Moritz,Becker,customer1420@example.com,Hamburg,DE,Standard,2024-12-27,True,1420,2024-12-27,9999-12-31,True,Moritz Becker,Deutschland
C01421,Max,Fischer,customer1421@example.com,Genf,CH,Standard,2023-12-28,True,1421,2023-12-28,9999-12-31,True,Max Fischer,Schweiz
C01422,Moritz,Wagner,customer1422@example.com,Innsbruck,AT,Standard,2023-12-12,True,1422,2023-12-12,9999-12-31,True,Moritz Wagner,Österreich
C01423,Jan,Richter,customer1423@example.com,Linz,AT,Standard,2023-07-13,True,1423,2023-07-13,9999-12-31,True,Jan Richter,Österreich
C01424,Jonas,Müller,customer1424@example.com,Linz,AT,Premium,2023-10-24,True,1424,2023-10-24,9999-12-31,True,Jonas Müller,Österreich
C01425,David,Meyer,customer1425@example.com,Köln,DE,Standard,2023-07-29,True,1425,2023-07-29,9999-12-31,True,David Meyer,Deutschland
C01426,Sarah,Bauer,customer1426@example.com,Bremen,DE,Budget,2023-02-22,True,1426,2023-02-22,9999-12-31,True,Sarah Bauer,Deutschland
C01427,Felix,Hoffmann,customer1427@example.com,Linz,AT,Standard,2023-01-31,True,1427,2023-01-31,9999-12-31,True,Felix Hoffmann,Österreich
C01428,Leon,Schneider,customer1428@example.com,Düsseldorf,DE,Standard,2024-10-29,True,1428,2024-10-29,9999-12-31,True,Leon Schneider,Deutschland
C01429,Elena,Bauer,customer1429@example.com,Basel,CH,Budget,2023-04-11,False,1429,2023-04-11,9999-12-31,True,Elena Bauer,Schweiz
C01430,Simon,Richter,customer1430@example.com,Nürnberg,DE,Premium,2024-01-16,True,1430,2024-01-16,9999-12-31,True,Simon Richter,Deutschland
C01431,Max,Schröder,customer1431@example.com,Bern,CH,Premium,2024-03-17,True,1431,2024-03-17,9999-12-31,True,Max Schröder,Schweiz
C01432,Felix,Braun,customer1432@example.com,Zürich,CH,Standard,2024-04-10,True,1432,2024-04-10,9999-12-31,True,Felix Braun,Schweiz
C01433,Clara,Schäfer,customer1433@example.com,Düsseldorf,DE,Budget,2023-10-15,True,1433,2023-10-15,9999-12-31,True,Clara Schäfer,Deutschland
C01434,Lukas,Schneider,customer1434@example.com,Düsseldorf,DE,Premium,2023-09-26,True,1434,2023-09-26,9999-12-31,True,Lukas Schneider,Deutschland
C01435,Lukas,Wolf,customer1435@example.com,Basel,CH,Budget,2024-04-24,True,1435,2024-04-24,9999-12-31,True,Lukas Wolf,Schweiz
C01436,Mia,Müller,customer1436@example.com,Wien,AT,Standard,2023-12-19,True,1436,2023-12-19,9999-12-31,True,Mia Müller,Österreich
C01437,David,Klein,customer1437@example.com,München,DE,Standard,2023-07-11,True,1437,2023-07-11,9999-12-31,True,David Klein,Deutschland
C01438,Jonas,Weber,customer1438@example.com,Stuttgart,DE,Budget,2023-09-01,False,1438,2023-09-01,9999-12-31,True,Jonas Weber,Deutschland
C01439,Simon,Hoffmann,customer1439@example.com,Zürich,CH,Standard,2024-08-26,True,1439,2024-08-26,9999-12-31,True,Simon Hoffmann,Schweiz
C01440,Elena,Richter,customer1440@example.com,Stuttgart,DE,Budget,2024-08-12,True,1440,2024-08-12,9999-12-31,True,Elena Richter,Deutschland
C01441,Jan,Richter,customer1441@example.com,Genf,CH,Budget,2023-05-02,True,1441,2023-05-02,9999-12-31,True,Jan Richter,Schweiz
C01442,Lena,Neumann,customer1442@example.com,Bremen,DE,Budget,2023-12-22,True,1442,2023-12-22,9999-12-31,True,Lena Neumann,Deutschland
C01443,Lukas,Wolf,customer1443@example.com,Frankfurt,DE,Standard,2023-11-26,True,1443,2023-11-26,9999-12-31,True,Lukas Wolf,Deutschland
C01444,Lukas,Braun,customer1444@example.com,Stuttgart,DE,Standard,2024-12-12,True,1444,2024-12-12,9999-12-31,True,Lukas Braun,Deutschland
C01445,Sophie,Hoffmann,customer1445@example.com,Düsseldorf,DE,Standard,2024-05-17,True,1445,2024-05-17,9999-12-31,True,Sophie Hoffmann,Deutschland
C01446,Jan,Wolf,customer1446@example.com,Stuttgart,DE,Premium,2023-04-24,True,1446,2023-04-24,9999-12-31,True,Jan Wolf,Deutschland
C01447,Jonas,Weber,customer1447@example.com,Graz,AT,Standard,2024-11-19,True,1447,2024-11-19,9999-12-31,True,Jonas Weber,Österreich
C01448,Anna,Schröder,customer1448@example.com,Basel,CH,Premium,2024-04-16,True,1448,2024-04-16,9999-12-31,True,Anna Schröder,Schweiz
C01449,Leon,Neumann,customer1449@example.com,Dresden,DE,Budget,2023-07-22,True,1449,2023-07-22,9999-12-31,True,Leon Neumann,Deutschland
C01450,Paul,Koch,customer1450@example.com,Linz,AT,Standard,2024-09-13,True,1450,2024-09-13,9999-12-31,True,Paul Koch,Österreich
C01451,Sarah,Braun,customer1451@example.com,Dresden,DE,Standard,2024-09-16,False,1451,2024-09-16,9999-12-31,True,Sarah Braun,Deutschland
C01452,Lena,Hoffmann,customer1452@example.com,Düsseldorf,DE,Budget,2023-05-04,True,1452,2023-05-04,9999-12-31,True,Lena Hoffmann,Deutschland
C01453,David,Schmidt,customer1453@example.com,Hamburg,DE,Budget,2024-03-17,True,1453,2024-03-17,9999-12-31,True,David Schmidt,Deutschland
C01454,Emma,Weber,customer1454@example.com,Düsseldorf,DE,Premium,2023-12-22,True,1454,2023-12-22,9999-12-31,True,Emma Weber,Deutschland
C01455,Max,Fischer,customer1455@example.com,Linz,AT,Budget,2023-10-09,True,1455,2023-10-09,9999-12-31,True,Max Fischer,Österreich
C01456,Lena,Neumann,customer1456@example.com,Zürich,CH,Premium,2024-01-30,False,1456,2024-01-30,9999-12-31,True,Lena Neumann,Schweiz
C01457,Paul,Hoffmann,customer1457@example.com,Salzburg,AT,Standard,2024-06-16,True,1457,2024-06-16,9999-12-31,True,Paul Hoffmann,Österreich
C01458,Paul,Weber,customer1458@example.com,Lausanne,CH,Standard,2023-07-17,True,1458,2023-07-17,9999-12-31,True,Paul Weber,Schweiz
C01459,David,Weber,customer1459@example.com,Graz,AT,Premium,2024-10-01,True,1459,2024-10-01,9999-12-31,True,David Weber,Österreich
C01460,Lena,Braun,customer1460@example.com,Düsseldorf,DE,Standard,2024-07-13,True,1460,2024-07-13,9999-12-31,True,Lena Braun,Deutschland
C01461,Max,Wolf,customer1461@example.com,Wien,AT,Standard,2023-09-14,False,1461,2023-09-14,9999-12-31,True,Max Wolf,Österreich
C01462,Max,Weber,customer1462@example.com,Wien,AT,Standard,2024-07-24,True,1462,2024-07-24,9999-12-31,True,Max Weber,Österreich
C01463,Laura,Neumann,customer1463@example.com,Innsbruck,AT,Budget,2023-02-17,True,1463,2023-02-17,9999-12-31,True,Laura Neumann,Österreich
C01464,Marie,Müller,customer1464@example.com,Köln,DE,Standard,2024-12-28,True,1464,2024-12-28,9999-12-31,True,Marie Müller,Deutschland
C01465,Moritz,Koch,customer1465@example.com,Nürnberg,DE,Standard,2024-10-04,True,1465,2024-10-04,9999-12-31,True,Moritz Koch,Deutschland
C01466,Sophie,Neumann,customer1466@example.com,Innsbruck,AT,Standard,2024-01-01,False,1466,2024-01-01,9999-12-31,True,Sophie Neumann,Österreich
C01467,Tim,Braun,customer1467@example.com,Zürich,CH,Budget,2024-10-04,False,1467,2024-10-04,9999-12-31,True,Tim Braun,Schweiz
C01468,David,Müller,customer1468@example.com,Graz,AT,Standard,2023-06-19,True,1468,2023-06-19,9999-12-31,True,David Müller,Österreich
C01469,Clara,Schröder,customer1469@example.com,Stuttgart,DE,Standard,2024-09-28,True,1469,2024-09-28,9999-12-31,True,Clara Schröder,Deutschland
C01470,Julia,Neumann,customer1470@example.com,Dresden,DE,Standard,2024-12-26,True,1470,2024-12-26,9999-12-31,True,Julia Neumann,Deutschland
C01471,Jan,Schäfer,customer1471@example.com,Linz,AT,Standard,2024-08-28,True,1471,2024-08-28,9999-12-31,True,Jan Schäfer,Österreich
C01472,Jonas,Richter,customer1472@example.com,Bremen,DE,Premium,2024-02-19,False,1472,2024-02-19,9999-12-31,True,Jonas Richter,Deutschland
C01473,Lisa,Wagner,customer1473@example.com,Genf,CH,Budget,2024-04-02,True,1473,2024-04-02,9999-12-31,True,Lisa Wagner,Schweiz
C01474,Mia,Fischer,customer1474@example.com,Hannover,DE,Budget,2023-04-22,True,1474,2023-04-22,9999-12-31,True,Mia Fischer,Deutschland
C01475,Tim,Schneider,customer1475@example.com,Innsbruck,AT,Standard,2024-05-07,True,1475,2024-05-07,9999-12-31,True,Tim Schneider,Österreich
C01476,Leon,Klein,customer1476@example.com,Hannover,DE,Premium,2023-04-25,True,1476,2023-04-25,9999-12-31,True,Leon Klein,Deutschland
C01477,Moritz,Richter,customer1477@example.com,Salzburg,AT,Budget,2023-05-27,True,1477,2023-05-27,9999-12-31,True,Moritz Richter,Österreich
C01478,Sophie,Koch,customer1478@example.com,Berlin,DE,Budget,2024-03-03,True,1478,2024-03-03,9999-12-31,True,Sophie Koch,Deutschland
C01479,Jonas,Richter,customer1479@example.com,Stuttgart,DE,Standard,2024-08-19,True,1479,2024-08-19,9999-12-31,True,Jonas Richter,Deutschland
C01480,Julia,Becker,customer1480@example.com,München,DE,Premium,2024-09-09,True,1480,2024-09-09,9999-12-31,True,Julia Becker,Deutschland
C01481,Lukas,Richter,customer1481@example.com,Innsbruck,AT,Standard,2024-04-16,False,1481,2024-04-16,9999-12-31,True,Lukas Richter,Österreich
C01482,Laura,Braun,customer1482@example.com,Wien,AT,Budget,2024-07-19,True,1482,2024-07-19,9999-12-31,True,Laura Braun,Österreich
C01483,Max,Klein,customer1483@example.com,Zürich,CH,Budget,2023-07-22,True,1483,2023-07-22,9999-12-31,True,Max Klein,Schweiz
C01484,Sarah,Wolf,customer1484@example.com,Düsseldorf,DE,Standard,2024-11-18,True,1484,2024-11-18,9999-12-31,True,Sarah Wolf,Deutschland
C01485,Marie,Koch,customer1485@example.com,Salzburg,AT,Standard,2023-05-03,False,1485,2023-05-03,9999-12-31,True,Marie Koch,Österreich
C01486,Clara,Weber,customer1486@example.com,Bremen,DE,Standard,2023-01-23,True,1486,2023-01-23,9999-12-31,True,Clara Weber,Deutschland
C01487,Simon,Neumann,customer1487@example.com,Hamburg,DE,Premium,2023-08-04,True,1487,2023-08-04,9999-12-31,True,Simon Neumann,Deutschland
C01488,Niklas,Braun,customer1488@example.com,Wien,AT,Budget,2023-09-14,True,1488,2023-09-14,9999-12-31,True,Niklas Braun,Österreich
C01489,Lena,Becker,customer1489@example.com,Innsbruck,AT,Standard,2023-10-27,True,1489,2023-10-27,9999-12-31,True,Lena Becker,Österreich
C01490,Jan,Fischer,customer1490@example.com,Genf,CH,Standard,2024-09-19,True,1490,2024-09-19,9999-12-31,True,Jan Fischer,Schweiz
C01491,Lena,Braun,customer1491@example.com,Nürnberg,DE,Standard,2024-11-17,True,1491,2024-11-17,9999-12-31,True,Lena Braun,Deutschland
C01492,Lukas,Schneider,customer1492@example.com,Bremen,DE,Standard,2024-05-27,True,1492,2024-05-27,9999-12-31,True,Lukas Schneider,Deutschland
C01493,Sophie,Neumann,customer1493@example.com,Berlin,DE,Premium,2023-04-10,True,1493,2023-04-10,9999-12-31,True,Sophie Neumann,Deutschland
C01494,Lukas,Hoffmann,customer1494@example.com,Lausanne,CH,Standard,2023-06-25,True,1494,2023-06-25,9999-12-31,True,Lukas Hoffmann,Schweiz
C01495,Jonas,Schneider,customer1495@example.com,Hannover,DE,Standard,2023-08-01,True,1495,2023-08-01,9999-12-31,True,Jonas Schneider,Deutschland
C01496,Max,Klein,customer1496@example.com,Linz,AT,Standard,2024-03-26,True,1496,2024-03-26,9999-12-31,True,Max Klein,Österreich
C01497,Lisa,Müller,customer1497@example.com,Graz,AT,Standard,2023-02-13,True,1497,2023-02-13,9999-12-31,True,Lisa Müller,Österreich
C01498,Max,Müller,customer1498@example.com,Bern,CH,Budget,2024-02-27,False,1498,2024-02-27,9999-12-31,True,Max Müller,Schweiz
C01499,Lisa,Klein,customer1499@example.com,Salzburg,AT,Standard,2023-01-31,True,1499,2023-01-31,9999-12-31,True,Lisa Klein,Österreich
C01500,Paul,Schneider,customer1500@example.com,Nürnberg,DE,Premium,2024-07-06,False,1500,2024-07-06,9999-12-31,True,Paul Schneider,Deutschland
C01501,Jan,Richter,customer1501@example.com,Innsbruck,AT,Standard,2024-02-16,True,1501,2024-02-16,9999-12-31,True,Jan Richter,Österreich
C01502,Leon,Schneider,customer1502@example.com,Berlin,DE,Budget,2023-09-05,True,1502,2023-09-05,9999-12-31,True,Leon Schneider,Deutschland
C01503,Simon,Braun,customer1503@example.com,Lausanne,CH,Standard,2024-05-07,True,1503,2024-05-07,9999-12-31,True,Simon Braun,Schweiz
C01504,Laura,Wolf,customer1504@example.com,Berlin,DE,Standard,2023-04-23,True,1504,2023-04-23,9999-12-31,True,Laura Wolf,Deutschland
C01505,Leon,Meyer,customer1505@example.com,Berlin,DE,Standard,2023-05-01,True,1505,2023-05-01,9999-12-31,True,Leon Meyer,Deutschland
C01506,Clara,Müller,customer1506@example.com,Frankfurt,DE,Budget,2023-02-08,True,1506,2023-02-08,9999-12-31,True,Clara Müller,Deutschland
C01507,Simon,Braun,customer1507@example.com,Genf,CH,Budget,2024-11-15,True,1507,2024-11-15,9999-12-31,True,Simon Braun,Schweiz
C01508,Jan,Hoffmann,customer1508@example.com,Bremen,DE,Standard,2024-10-04,True,1508,2024-10-04,9999-12-31,True,Jan Hoffmann,Deutschland
C01509,Anna,Müller,customer1509@example.com,Zürich,CH,Standard,2024-01-22,True,1509,2024-01-22,9999-12-31,True,Anna Müller,Schweiz
C01510,Lisa,Wolf,customer1510@example.com,München,DE,Premium,2024-12-11,True,1510,2024-12-11,9999-12-31,True,Lisa Wolf,Deutschland
C01511,Mia,Becker,customer1511@example.com,Genf,CH,Standard,2023-06-16,True,1511,2023-06-16,9999-12-31,True,Mia Becker,Schweiz
C01512,Jan,Klein,customer1512@example.com,Berlin,DE,Standard,2023-09-15,True,1512,2023-09-15,9999-12-31,True,Jan Klein,Deutschland
C01513,Marie,Fischer,customer1513@example.com,Stuttgart,DE,Budget,2024-06-12,True,1513,2024-06-12,9999-12-31,True,Marie Fischer,Deutschland
C01514,Elena,Fischer,customer1514@example.com,Bern,CH,Budget,2023-06-03,True,1514,2023-06-03,9999-12-31,True,Elena Fischer,Schweiz
C01515,Max,Richter,customer1515@example.com,Köln,DE,Standard,2024-05-07,True,1515,2024-05-07,9999-12-31,True,Max Richter,Deutschland
C01516,Felix,Müller,customer1516@example.com,Graz,AT,Standard,2023-02-06,True,1516,2023-02-06,9999-12-31,True,Felix Müller,Österreich
C01517,Laura,Meyer,customer1517@example.com,Hannover,DE,Budget,2023-12-10,False,1517,2023-12-10,9999-12-31,True,Laura Meyer,Deutschland
C01518,Sarah,Müller,customer1518@example.com,Basel,CH,Budget,2023-07-03,False,1518,2023-07-03,9999-12-31,True,Sarah Müller,Schweiz
C01519,Tim,Schröder,customer1519@example.com,Frankfurt,DE,Standard,2024-04-19,True,1519,2024-04-19,9999-12-31,True,Tim Schröder,Deutschland
C01520,Clara,Hoffmann,customer1520@example.com,Bern,CH,Standard,2024-10-22,True,1520,2024-10-22,9999-12-31,True,Clara Hoffmann,Schweiz
C01521,Lisa,Braun,customer1521@example.com,Bremen,DE,Budget,2023-01-08,True,1521,2023-01-08,9999-12-31,True,Lisa Braun,Deutschland
C01522,Jonas,Weber,customer1522@example.com,Bremen,DE,Budget,2024-06-01,True,1522,2024-06-01,9999-12-31,True,Jonas Weber,Deutschland
C01523,Clara,Becker,customer1523@example.com,Zürich,CH,Premium,2023-12-05,True,1523,2023-12-05,9999-12-31,True,Clara Becker,Schweiz
C01524,Laura,Braun,customer1524@example.com,Köln,DE,Budget,2024-11-25,True,1524,2024-11-25,9999-12-31,True,Laura Braun,Deutschland
C01525,Felix,Schröder,customer1525@example.com,Linz,AT,Budget,2023-05-26,True,1525,2023-05-26,9999-12-31,True,Felix Schröder,Österreich
C01526,Sarah,Koch,customer1526@example.com,Dresden,DE,Standard,2024-10-08,True,1526,2024-10-08,9999-12-31,True,Sarah Koch,Deutschland
C01527,Lisa,Schröder,customer1527@example.com,Stuttgart,DE,Premium,2024-10-23,True,1527,2024-10-23,9999-12-31,True,Lisa Schröder,Deutschland
C01528,Leon,Bauer,customer1528@example.com,Wien,AT,Standard,2024-11-26,True,1528,2024-11-26,9999-12-31,True,Leon Bauer,Österreich
C01529,Elena,Bauer,customer1529@example.com,Lausanne,CH,Premium,2024-07-15,True,1529,2024-07-15,9999-12-31,True,Elena Bauer,Schweiz
C01530,Paul,Neumann,customer1530@example.com,Düsseldorf,DE,Standard,2024-09-03,True,1530,2024-09-03,9999-12-31,True,Paul Neumann,Deutschland
C01531,Lukas,Wagner,customer1531@example.com,Köln,DE,Standard,2024-10-15,True,1531,2024-10-15,9999-12-31,True,Lukas Wagner,Deutschland
C01532,Paul,Schröder,customer1532@example.com,Lausanne,CH,Premium,2023-05-18,True,1532,2023-05-18,9999-12-31,True,Paul Schröder,Schweiz
C01533,Clara,Neumann,customer1533@example.com,Köln,DE,Standard,2023-11-13,True,1533,2023-11-13,9999-12-31,True,Clara Neumann,Deutschland
C01534,Elena,Braun,customer1534@example.com,Dresden,DE,Premium,2023-09-15,False,1534,2023-09-15,9999-12-31,True,Elena Braun,Deutschland
C01535,Max,Neumann,customer1535@example.com,Wien,AT,Standard,2024-10-09,True,1535,2024-10-09,9999-12-31,True,Max Neumann,Österreich
C01536,Felix,Weber,customer1536@example.com,Dresden,DE,Standard,2023-09-11,True,1536,2023-09-11,9999-12-31,True,Felix Weber,Deutschland
C01537,Jan,Schröder,customer1537@example.com,Stuttgart,DE,Budget,2023-03-30,True,1537,2023-03-30,9999-12-31,True,Jan Schröder,Deutschland
C01538,Paul,Richter,customer1538@example.com,Köln,DE,Standard,2023-07-26,True,1538,2023-07-26,9999-12-31,True,Paul Richter,Deutschland
C01539,Emma,Fischer,customer1539@example.com,Leipzig,DE,Standard,2024-03-02,True,1539,2024-03-02,9999-12-31,True,Emma Fischer,Deutschland
C01540,Max,Becker,customer1540@example.com,Köln,DE,Budget,2023-03-18,True,1540,2023-03-18,9999-12-31,True,Max Becker,Deutschland
C01541,Laura,Schneider,customer1541@example.com,Hamburg,DE,Premium,2023-01-15,True,1541,2023-01-15,9999-12-31,True,Laura Schneider,Deutschland
C01542,Moritz,Meyer,customer1542@example.com,Hannover,DE,Budget,2024-03-02,True,1542,2024-03-02,9999-12-31,True,Moritz Meyer,Deutschland
C01543,Sophie,Koch,customer1543@example.com,Bern,CH,Budget,2023-09-16,True,1543,2023-09-16,9999-12-31,True,Sophie Koch,Schweiz
C01544,Lisa,Fischer,customer1544@example.com,Bern,CH,Standard,2023-12-31,True,1544,2023-12-31,9999-12-31,True,Lisa Fischer,Schweiz
C01545,Sarah,Klein,customer1545@example.com,Köln,DE,Standard,2024-04-29,True,1545,2024-04-29,9999-12-31,True,Sarah Klein,Deutschland
C01546,Clara,Fischer,customer1546@example.com,Bern,CH,Standard,2024-11-17,False,1546,2024-11-17,9999-12-31,True,Clara Fischer,Schweiz
C01547,Paul,Klein,customer1547@example.com,Dresden,DE,Standard,2023-02-22,True,1547,2023-02-22,9999-12-31,True,Paul Klein,Deutschland
C01548,Leon,Meyer,customer1548@example.com,Nürnberg,DE,Budget,2024-09-15,True,1548,2024-09-15,9999-12-31,True,Leon Meyer,Deutschland
C01549,Jan,Müller,customer1549@example.com,Wien,AT,Premium,2023-11-02,True,1549,2023-11-02,9999-12-31,True,Jan Müller,Österreich
C01550,Marie,Schröder,customer1550@example.com,München,DE,Standard,2024-07-05,True,1550,2024-07-05,9999-12-31,True,Marie Schröder,Deutschland
C01551,Laura,Fischer,customer1551@example.com,Bern,CH,Budget,2023-04-17,True,1551,2023-04-17,9999-12-31,True,Laura Fischer,Schweiz
C01552,Marie,Becker,customer1552@example.com,München,DE,Premium,2023-12-02,True,1552,2023-12-02,9999-12-31,True,Marie Becker,Deutschland
C01553,Elena,Braun,customer1553@example.com,Köln,DE,Standard,2023-02-25,True,1553,2023-02-25,9999-12-31,True,Elena Braun,Deutschland
C01554,Anna,Schäfer,customer1554@example.com,Bremen,DE,Standard,2023-07-08,True,1554,2023-07-08,9999-12-31,True,Anna Schäfer,Deutschland
C01555,Jonas,Meyer,customer1555@example.com,Dresden,DE,Standard,2023-06-13,True,1555,2023-06-13,9999-12-31,True,Jonas Meyer,Deutschland
C01556,Emma,Meyer,customer1556@example.com,Lausanne,CH,Standard,2023-12-11,False,1556,2023-12-11,9999-12-31,True,Emma Meyer,Schweiz
C01557,Paul,Koch,customer1557@example.com,Salzburg,AT,Budget,2024-03-31,True,1557,2024-03-31,9999-12-31,True,Paul Koch,Österreich
C01558,Clara,Richter,customer1558@example.com,Innsbruck,AT,Budget,2024-03-09,True,1558,2024-03-09,9999-12-31,True,Clara Richter,Österreich
C01559,Leon,Schneider,customer1559@example.com,Lausanne,CH,Premium,2024-07-13,True,1559,2024-07-13,9999-12-31,True,Leon Schneider,Schweiz
C01560,Paul,Richter,customer1560@example.com,Düsseldorf,DE,Budget,2024-11-05,True,1560,2024-11-05,9999-12-31,True,Paul Richter,Deutschland
C01561,Julia,Wolf,customer1561@example.com,Frankfurt,DE,Budget,2023-10-08,True,1561,2023-10-08,9999-12-31,True,Julia Wolf,Deutschland
C01562,Clara,Richter,customer1562@example.com,Bern,CH,Premium,2023-10-29,True,1562,2023-10-29,9999-12-31,True,Clara Richter,Schweiz
C01563,Max,Fischer,customer1563@example.com,Bern,CH,Standard,2024-01-16,True,1563,2024-01-16,9999-12-31,True,Max Fischer,Schweiz
C01564,Marie,Bauer,customer1564@example.com,Dresden,DE,Standard,2023-03-11,True,1564,2023-03-11,9999-12-31,True,Marie Bauer,Deutschland
C01565,Lena,Richter,customer1565@example.com,Köln,DE,Standard,2024-02-29,True,1565,2024-02-29,9999-12-31,True,Lena Richter,Deutschland
C01566,Lukas,Wagner,customer1566@example.com,Zürich,CH,Premium,2023-02-13,True,1566,2023-02-13,9999-12-31,True,Lukas Wagner,Schweiz
C01567,Elena,Weber,customer1567@example.com,Berlin,DE,Standard,2023-08-05,True,1567,2023-08-05,9999-12-31,True,Elena Weber,Deutschland
C01568,Tim,Koch,customer1568@example.com,Düsseldorf,DE,Standard,2024-03-20,True,1568,2024-03-20,9999-12-31,True,Tim Koch,Deutschland
C01569,Felix,Schäfer,customer1569@example.com,München,DE,Standard,2024-11-09,True,1569,2024-11-09,9999-12-31,True,Felix Schäfer,Deutschland
C01570,Tim,Bauer,customer1570@example.com,Bremen,DE,Standard,2024-06-30,False,1570,2024-06-30,9999-12-31,True,Tim Bauer,Deutschland
C01571,Sophie,Meyer,customer1571@example.com,Basel,CH,Standard,2023-04-24,True,1571,2023-04-24,9999-12-31,True,Sophie Meyer,Schweiz
C01572,Moritz,Klein,customer1572@example.com,Hamburg,DE,Standard,2023-03-27,True,1572,2023-03-27,9999-12-31,True,Moritz Klein,Deutschland
C01573,Tim,Schmidt,customer1573@example.com,Wien,AT,Standard,2024-11-05,True,1573,2024-11-05,9999-12-31,True,Tim Schmidt,Österreich
C01574,Emma,Wagner,customer1574@example.com,Bern,CH,Budget,2023-05-24,True,1574,2023-05-24,9999-12-31,True,Emma Wagner,Schweiz
C01575,Felix,Wolf,customer1575@example.com,Nürnberg,DE,Budget,2023-08-21,True,1575,2023-08-21,9999-12-31,True,Felix Wolf,Deutschland
C01576,Lena,Schröder,customer1576@example.com,Köln,DE,Standard,2024-12-06,True,1576,2024-12-06,9999-12-31,True,Lena Schröder,Deutschland
C01577,Simon,Schröder,customer1577@example.com,Hannover,DE,Premium,2024-09-10,True,1577,2024-09-10,9999-12-31,True,Simon Schröder,Deutschland
C01578,Lena,Braun,customer1578@example.com,Stuttgart,DE,Standard,2023-12-30,True,1578,2023-12-30,9999-12-31,True,Lena Braun,Deutschland
C01579,Laura,Koch,customer1579@example.com,Düsseldorf,DE,Budget,2024-09-17,True,1579,2024-09-17,9999-12-31,True,Laura Koch,Deutschland
C01580,David,Klein,customer1580@example.com,Innsbruck,AT,Premium,2024-12-06,True,1580,2024-12-06,9999-12-31,True,David Klein,Österreich
C01581,Mia,Meyer,customer1581@example.com,Lausanne,CH,Premium,2023-01-04,True,1581,2023-01-04,9999-12-31,True,Mia Meyer,Schweiz
C01582,Lukas,Richter,customer1582@example.com,Innsbruck,AT,Budget,2024-12-28,True,1582,2024-12-28,9999-12-31,True,Lukas Richter,Österreich
C01583,David,Weber,customer1583@example.com,Hannover,DE,Standard,2023-05-26,True,1583,2023-05-26,9999-12-31,True,David Weber,Deutschland
C01584,Mia,Richter,customer1584@example.com,Dresden,DE,Standard,2023-06-12,True,1584,2023-06-12,9999-12-31,True,Mia Richter,Deutschland
C01585,Mia,Schneider,customer1585@example.com,Stuttgart,DE,Standard,2024-06-16,True,1585,2024-06-16,9999-12-31,True,Mia Schneider,Deutschland
C01586,Julia,Müller,customer1586@example.com,Wien,AT,Budget,2023-05-07,True,1586,2023-05-07,9999-12-31,True,Julia Müller,Österreich
C01587,Tim,Meyer,customer1587@example.com,Linz,AT,Budget,2024-04-08,True,1587,2024-04-08,9999-12-31,True,Tim Meyer,Österreich
C01588,Moritz,Hoffmann,customer1588@example.com,Düsseldorf,DE,Standard,2023-01-01,True,1588,2023-01-01,9999-12-31,True,Moritz Hoffmann,Deutschland
C01589,Mia,Meyer,customer1589@example.com,Hannover,DE,Standard,2023-12-15,True,1589,2023-12-15,9999-12-31,True,Mia Meyer,Deutschland
C01590,Moritz,Fischer,customer1590@example.com,Lausanne,CH,Standard,2023-02-20,True,1590,2023-02-20,9999-12-31,True,Moritz Fischer,Schweiz
C01591,Laura,Müller,customer1591@example.com,Genf,CH,Premium,2024-09-14,True,1591,2024-09-14,9999-12-31,True,Laura Müller,Schweiz
C01592,Marie,Müller,customer1592@example.com,Wien,AT,Premium,2024-08-13,True,1592,2024-08-13,9999-12-31,True,Marie Müller,Österreich
C01593,Lisa,Schröder,customer1593@example.com,Stuttgart,DE,Standard,2024-12-19,True,1593,2024-12-19,9999-12-31,True,Lisa Schröder,Deutschland
C01594,Elena,Bauer,customer1594@example.com,Innsbruck,AT,Budget,2024-05-11,True,1594,2024-05-11,9999-12-31,True,Elena Bauer,Österreich
C01595,Jan,Schmidt,customer1595@example.com,Nürnberg,DE,Budget,2023-11-07,False,1595,2023-11-07,9999-12-31,True,Jan Schmidt,Deutschland
C01596,Elena,Meyer,customer1596@example.com,Linz,AT,Budget,2024-01-02,True,1596,2024-01-02,9999-12-31,True,Elena Meyer,Österreich
C01597,Felix,Koch,customer1597@example.com,München,DE,Premium,2023-04-05,True,1597,2023-04-05,9999-12-31,True,Felix Koch,Deutschland
C01598,Sophie,Bauer,customer1598@example.com,Basel,CH,Premium,2024-02-27,True,1598,2024-02-27,9999-12-31,True,Sophie Bauer,Schweiz
C01599,Leon,Schneider,customer1599@example.com,Bern,CH,Budget,2024-10-27,True,1599,2024-10-27,9999-12-31,True,Leon Schneider,Schweiz
C01600,Jonas,Schäfer,customer1600@example.com,Innsbruck,AT,Standard,2024-05-15,True,1600,2024-05-15,9999-12-31,True,Jonas Schäfer,Österreich
C01601,Lukas,Becker,customer1601@example.com,Köln,DE,Standard,2023-08-09,True,1601,2023-08-09,9999-12-31,True,Lukas Becker,Deutschland
C01602,Lukas,Becker,customer1602@example.com,Wien,AT,Budget,2023-07-10,True,1602,2023-07-10,9999-12-31,True,Lukas Becker,Österreich
C01603,Julia,Koch,customer1603@example.com,Lausanne,CH,Standard,2024-10-22,True,1603,2024-10-22,9999-12-31,True,Julia Koch,Schweiz
C01604,Jan,Fischer,customer1604@example.com,München,DE,Standard,2023-12-02,True,1604,2023-12-02,9999-12-31,True,Jan Fischer,Deutschland
C01605,Moritz,Schröder,customer1605@example.com,Zürich,CH,Budget,2024-10-12,False,1605,2024-10-12,9999-12-31,True,Moritz Schröder,Schweiz
C01606,Sarah,Fischer,customer1606@example.com,München,DE,Budget,2024-05-19,True,1606,2024-05-19,9999-12-31,True,Sarah Fischer,Deutschland
C01607,Simon,Becker,customer1607@example.com,Bremen,DE,Standard,2023-05-08,True,1607,2023-05-08,9999-12-31,True,Simon Becker,Deutschland
C01608,Niklas,Schäfer,customer1608@example.com,Nürnberg,DE,Standard,2024-05-06,True,1608,2024-05-06,9999-12-31,True,Niklas Schäfer,Deutschland
C01609,Jonas,Klein,customer1609@example.com,Basel,CH,Standard,2023-01-29,False,1609,2023-01-29,9999-12-31,True,Jonas Klein,Schweiz
C01610,Marie,Koch,customer1610@example.com,Leipzig,DE,Standard,2023-03-12,True,1610,2023-03-12,9999-12-31,True,Marie Koch,Deutschland
C01611,Niklas,Klein,customer1611@example.com,Nürnberg,DE,Budget,2023-08-09,True,1611,2023-08-09,9999-12-31,True,Niklas Klein,Deutschland
C01612,Julia,Wagner,customer1612@example.com,Stuttgart,DE,Budget,2024-06-05,True,1612,2024-06-05,9999-12-31,True,Julia Wagner,Deutschland
C01613,David,Müller,customer1613@example.com,Zürich,CH,Premium,2023-01-26,True,1613,2023-01-26,9999-12-31,True,David Müller,Schweiz
C01614,Laura,Bauer,customer1614@example.com,Hamburg,DE,Premium,2024-12-05,True,1614,2024-12-05,9999-12-31,True,Laura Bauer,Deutschland
C01615,Paul,Müller,customer1615@example.com,Bremen,DE,Standard,2023-11-15,True,1615,2023-11-15,9999-12-31,True,Paul Müller,Deutschland
C01616,Felix,Fischer,customer1616@example.com,Köln,DE,Standard,2023-03-27,True,1616,2023-03-27,9999-12-31,True,Felix Fischer,Deutschland
C01617,Anna,Wagner,customer1617@example.com,Genf,CH,Standard,2023-04-15,True,1617,2023-04-15,9999-12-31,True,Anna Wagner,Schweiz
C01618,Anna,Müller,customer1618@example.com,München,DE,Budget,2023-03-16,True,1618,2023-03-16,9999-12-31,True,Anna Müller,Deutschland
C01619,Anna,Wolf,customer1619@example.com,Dresden,DE,Standard,2024-11-28,True,1619,2024-11-28,9999-12-31,True,Anna Wolf,Deutschland
C01620,Emma,Fischer,customer1620@example.com,Innsbruck,AT,Budget,2023-09-22,True,1620,2023-09-22,9999-12-31,True,Emma Fischer,Österreich
C01621,Simon,Meyer,customer1621@example.com,Bern,CH,Premium,2023-04-07,True,1621,2023-04-07,9999-12-31,True,Simon Meyer,Schweiz
C01622,Lisa,Meyer,customer1622@example.com,Lausanne,CH,Premium,2023-03-18,True,1622,2023-03-18,9999-12-31,True,Lisa Meyer,Schweiz
C01623,Max,Koch,customer1623@example.com,Hamburg,DE,Budget,2023-03-15,True,1623,2023-03-15,9999-12-31,True,Max Koch,Deutschland
C01624,Felix,Schäfer,customer1624@example.com,Leipzig,DE,Standard,2024-10-29,True,1624,2024-10-29,9999-12-31,True,Felix Schäfer,Deutschland
C01625,Emma,Klein,customer1625@example.com,München,DE,Premium,2023-09-02,True,1625,2023-09-02,9999-12-31,True,Emma Klein,Deutschland
C01626,Sarah,Fischer,customer1626@example.com,Nürnberg,DE,Standard,2024-04-09,True,1626,2024-04-09,9999-12-31,True,Sarah Fischer,Deutschland
C01627,Lisa,Braun,customer1627@example.com,Bern,CH,Budget,2024-02-13,True,1627,2024-02-13,9999-12-31,True,Lisa Braun,Schweiz
C01628,Sophie,Richter,customer1628@example.com,Düsseldorf,DE,Standard,2023-04-15,True,1628,2023-04-15,9999-12-31,True,Sophie Richter,Deutschland
C01629,Anna,Hoffmann,customer1629@example.com,Frankfurt,DE,Standard,2023-11-03,True,1629,2023-11-03,9999-12-31,True,Anna Hoffmann,Deutschland
C01630,Clara,Weber,customer1630@example.com,Köln,DE,Standard,2023-06-29,True,1630,2023-06-29,9999-12-31,True,Clara Weber,Deutschland
C01631,Lena,Schröder,customer1631@example.com,Lausanne,CH,Premium,2024-02-15,True,1631,2024-02-15,9999-12-31,True,Lena Schröder,Schweiz
C01632,Marie,Neumann,customer1632@example.com,Bern,CH,Budget,2023-09-23,True,1632,2023-09-23,9999-12-31,True,Marie Neumann,Schweiz
C01633,Jan,Braun,customer1633@example.com,Linz,AT,Budget,2023-03-30,True,1633,2023-03-30,9999-12-31,True,Jan Braun,Österreich
C01634,Jan,Schneider,customer1634@example.com,Salzburg,AT,Budget,2024-01-11,True,1634,2024-01-11,9999-12-31,True,Jan Schneider,Österreich
C01635,Lisa,Schmidt,customer1635@example.com,Hannover,DE,Standard,2024-01-01,True,1635,2024-01-01,9999-12-31,True,Lisa Schmidt,Deutschland
C01636,Felix,Schneider,customer1636@example.com,Innsbruck,AT,Budget,2023-06-24,True,1636,2023-06-24,9999-12-31,True,Felix Schneider,Österreich
C01637,Laura,Meyer,customer1637@example.com,Zürich,CH,Budget,2023-10-09,True,1637,2023-10-09,9999-12-31,True,Laura Meyer,Schweiz
C01638,Elena,Wolf,customer1638@example.com,Hannover,DE,Premium,2023-12-07,True,1638,2023-12-07,9999-12-31,True,Elena Wolf,Deutschland
C01639,Niklas,Schäfer,customer1639@example.com,Bern,CH,Standard,2023-04-03,True,1639,2023-04-03,9999-12-31,True,Niklas Schäfer,Schweiz
C01640,Lena,Meyer,customer1640@example.com,Düsseldorf,DE,Standard,2024-06-12,True,1640,2024-06-12,9999-12-31,True,Lena Meyer,Deutschland
C01641,Laura,Richter,customer1641@example.com,Innsbruck,AT,Standard,2024-04-08,True,1641,2024-04-08,9999-12-31,True,Laura Richter,Österreich
C01642,Marie,Schneider,customer1642@example.com,Hannover,DE,Budget,2024-04-24,True,1642,2024-04-24,9999-12-31,True,Marie Schneider,Deutschland
C01643,Sarah,Neumann,customer1643@example.com,Nürnberg,DE,Premium,2023-12-12,False,1643,2023-12-12,9999-12-31,True,Sarah Neumann,Deutschland
C01644,Mia,Wagner,customer1644@example.com,München,DE,Budget,2023-09-23,False,1644,2023-09-23,9999-12-31,True,Mia Wagner,Deutschland
C01645,Lisa,Schröder,customer1645@example.com,Bremen,DE,Standard,2024-02-05,True,1645,2024-02-05,9999-12-31,True,Lisa Schröder,Deutschland
C01646,Clara,Schmidt,customer1646@example.com,Genf,CH,Premium,2023-10-25,True,1646,2023-10-25,9999-12-31,True,Clara Schmidt,Schweiz
C01647,Lukas,Schäfer,customer1647@example.com,Berlin,DE,Budget,2024-04-18,True,1647,2024-04-18,9999-12-31,True,Lukas Schäfer,Deutschland
C01648,David,Wagner,customer1648@example.com,Stuttgart,DE,Budget,2023-06-29,True,1648,2023-06-29,9999-12-31,True,David Wagner,Deutschland
C01649,Leon,Fischer,customer1649@example.com,Genf,CH,Premium,2023-02-28,False,1649,2023-02-28,9999-12-31,True,Leon Fischer,Schweiz
C01650,Elena,Schmidt,customer1650@example.com,Zürich,CH,Standard,2024-09-17,True,1650,2024-09-17,9999-12-31,True,Elena Schmidt,Schweiz
C01651,Leon,Weber,customer1651@example.com,Köln,DE,Premium,2023-10-20,True,1651,2023-10-20,9999-12-31,True,Leon Weber,Deutschland
C01652,Sophie,Müller,customer1652@example.com,Zürich,CH,Budget,2023-09-01,True,1652,2023-09-01,9999-12-31,True,Sophie Müller,Schweiz
C01653,Laura,Bauer,customer1653@example.com,Innsbruck,AT,Premium,2024-10-08,True,1653,2024-10-08,9999-12-31,True,Laura Bauer,Österreich
C01654,Julia,Weber,customer1654@example.com,Nürnberg,DE,Standard,2023-06-16,True,1654,2023-06-16,9999-12-31,True,Julia Weber,Deutschland
C01655,Sarah,Koch,customer1655@example.com,Lausanne,CH,Premium,2024-09-25,True,1655,2024-09-25,9999-12-31,True,Sarah Koch,Schweiz
C01656,Lena,Neumann,customer1656@example.com,Dresden,DE,Standard,2024-11-18,False,1656,2024-11-18,9999-12-31,True,Lena Neumann,Deutschland
C01657,Felix,Schröder,customer1657@example.com,Wien,AT,Budget,2023-09-22,True,1657,2023-09-22,9999-12-31,True,Felix Schröder,Österreich
C01658,Julia,Schäfer,customer1658@example.com,Bern,CH,Premium,2023-05-19,True,1658,2023-05-19,9999-12-31,True,Julia Schäfer,Schweiz
C01659,Emma,Fischer,customer1659@example.com,Nürnberg,DE,Premium,2024-06-15,True,1659,2024-06-15,9999-12-31,True,Emma Fischer,Deutschland
C01660,Clara,Schmidt,customer1660@example.com,Bremen,DE,Standard,2024-11-10,False,1660,2024-11-10,9999-12-31,True,Clara Schmidt,Deutschland
C01661,Clara,Wolf,customer1661@example.com,Nürnberg,DE,Premium,2023-05-17,True,1661,2023-05-17,9999-12-31,True,Clara Wolf,Deutschland
C01662,Jan,Schröder,customer1662@example.com,Lausanne,CH,Standard,2023-08-31,True,1662,2023-08-31,9999-12-31,True,Jan Schröder,Schweiz
C01663,Emma,Richter,customer1663@example.com,Nürnberg,DE,Budget,2024-01-14,True,1663,2024-01-14,9999-12-31,True,Emma Richter,Deutschland
C01664,Julia,Wagner,customer1664@example.com,Hamburg,DE,Standard,2023-11-07,True,1664,2023-11-07,9999-12-31,True,Julia Wagner,Deutschland
C01665,Leon,Schröder,customer1665@example.com,Dresden,DE,Budget,2024-01-01,True,1665,2024-01-01,9999-12-31,True,Leon Schröder,Deutschland
C01666,David,Meyer,customer1666@example.com,Leipzig,DE,Standard,2023-12-25,True,1666,2023-12-25,9999-12-31,True,David Meyer,Deutschland
C01667,Sophie,Becker,customer1667@example.com,Nürnberg,DE,Standard,2024-11-20,True,1667,2024-11-20,9999-12-31,True,Sophie Becker,Deutschland
C01668,Tim,Schröder,customer1668@example.com,Genf,CH,Standard,2023-02-26,True,1668,2023-02-26,9999-12-31,True,Tim Schröder,Schweiz
C01669,Lisa,Wolf,customer1669@example.com,Genf,CH,Budget,2024-02-21,True,1669,2024-02-21,9999-12-31,True,Lisa Wolf,Schweiz
C01670,Niklas,Klein,customer1670@example.com,München,DE,Budget,2024-09-11,True,1670,2024-09-11,9999-12-31,True,Niklas Klein,Deutschland
C01671,Moritz,Bauer,customer1671@example.com,Nürnberg,DE,Budget,2023-09-13,True,1671,2023-09-13,9999-12-31,True,Moritz Bauer,Deutschland
C01672,Marie,Schröder,customer1672@example.com,Dresden,DE,Standard,2023-06-30,True,1672,2023-06-30,9999-12-31,True,Marie Schröder,Deutschland
C01673,Marie,Hoffmann,customer1673@example.com,Genf,CH,Budget,2024-04-26,True,1673,2024-04-26,9999-12-31,True,Marie Hoffmann,Schweiz
C01674,Max,Wolf,customer1674@example.com,Lausanne,CH,Standard,2024-03-10,True,1674,2024-03-10,9999-12-31,True,Max Wolf,Schweiz
C01675,Tim,Schneider,customer1675@example.com,München,DE,Standard,2024-07-07,True,1675,2024-07-07,9999-12-31,True,Tim Schneider,Deutschland
C01676,Elena,Bauer,customer1676@example.com,Wien,AT,Budget,2023-02-14,True,1676,2023-02-14,9999-12-31,True,Elena Bauer,Österreich
C01677,Paul,Bauer,customer1677@example.com,Lausanne,CH,Premium,2023-06-21,True,1677,2023-06-21,9999-12-31,True,Paul Bauer,Schweiz
C01678,Jan,Fischer,customer1678@example.com,Stuttgart,DE,Standard,2023-10-07,False,1678,2023-10-07,9999-12-31,True,Jan Fischer,Deutschland
C01679,Elena,Schröder,customer1679@example.com,Frankfurt,DE,Budget,2024-11-10,True,1679,2024-11-10,9999-12-31,True,Elena Schröder,Deutschland
C01680,Paul,Klein,customer1680@example.com,Nürnberg,DE,Standard,2024-01-10,True,1680,2024-01-10,9999-12-31,True,Paul Klein,Deutschland
C01681,Niklas,Braun,customer1681@example.com,Düsseldorf,DE,Standard,2024-07-02,True,1681,2024-07-02,9999-12-31,True,Niklas Braun,Deutschland
C01682,Jan,Bauer,customer1682@example.com,Berlin,DE,Standard,2023-07-15,True,1682,2023-07-15,9999-12-31,True,Jan Bauer,Deutschland
C01683,Laura,Koch,customer1683@example.com,Basel,CH,Budget,2023-09-09,True,1683,2023-09-09,9999-12-31,True,Laura Koch,Schweiz
C01684,David,Meyer,customer1684@example.com,Köln,DE,Premium,2024-10-15,True,1684,2024-10-15,9999-12-31,True,David Meyer,Deutschland
C01685,Paul,Schröder,customer1685@example.com,Bern,CH,Premium,2023-01-05,True,1685,2023-01-05,9999-12-31,True,Paul Schröder,Schweiz
C01686,Laura,Klein,customer1686@example.com,Hannover,DE,Standard,2023-01-08,True,1686,2023-01-08,9999-12-31,True,Laura Klein,Deutschland
C01687,Niklas,Richter,customer1687@example.com,Basel,CH,Standard,2023-07-26,True,1687,2023-07-26,9999-12-31,True,Niklas Richter,Schweiz
C01688,Laura,Schröder,customer1688@example.com,Bremen,DE,Premium,2023-05-22,True,1688,2023-05-22,9999-12-31,True,Laura Schröder,Deutschland
C01689,Elena,Neumann,customer1689@example.com,Düsseldorf,DE,Standard,2024-12-19,True,1689,2024-12-19,9999-12-31,True,Elena Neumann,Deutschland
C01690,Elena,Wolf,customer1690@example.com,Dresden,DE,Standard,2024-03-15,True,1690,2024-03-15,9999-12-31,True,Elena Wolf,Deutschland
C01691,Laura,Richter,customer1691@example.com,Berlin,DE,Budget,2024-10-17,True,1691,2024-10-17,9999-12-31,True,Laura Richter,Deutschland
C01692,Niklas,Wagner,customer1692@example.com,Graz,AT,Standard,2024-11-29,True,1692,2024-11-29,9999-12-31,True,Niklas Wagner,Österreich
C01693,Simon,Müller,customer1693@example.com,Bern,CH,Premium,2024-01-25,False,1693,2024-01-25,9999-12-31,True,Simon Müller,Schweiz
C01694,Laura,Müller,customer1694@example.com,Basel,CH,Budget,2024-12-04,True,1694,2024-12-04,9999-12-31,True,Laura Müller,Schweiz
C01695,Jonas,Wolf,customer1695@example.com,Lausanne,CH,Standard,2023-03-18,False,1695,2023-03-18,9999-12-31,True,Jonas Wolf,Schweiz
C01696,Laura,Weber,customer1696@example.com,Köln,DE,Premium,2023-11-23,True,1696,2023-11-23,9999-12-31,True,Laura Weber,Deutschland
C01697,Laura,Neumann,customer1697@example.com,Frankfurt,DE,Standard,2024-01-07,True,1697,2024-01-07,9999-12-31,True,Laura Neumann,Deutschland
C01698,Sophie,Müller,customer1698@example.com,Berlin,DE,Standard,2024-11-04,True,1698,2024-11-04,9999-12-31,True,Sophie Müller,Deutschland
C01699,David,Schröder,customer1699@example.com,Bremen,DE,Budget,2023-11-03,True,1699,2023-11-03,9999-12-31,True,David Schröder,Deutschland
C01700,Clara,Neumann,customer1700@example.com,Stuttgart,DE,Standard,2024-01-08,True,1700,2024-01-08,9999-12-31,True,Clara Neumann,Deutschland
C01701,Felix,Weber,customer1701@example.com,Düsseldorf,DE,Premium,2023-06-19,True,1701,2023-06-19,9999-12-31,True,Felix Weber,Deutschland
C01702,Mia,Wolf,customer1702@example.com,Genf,CH,Budget,2023-04-09,True,1702,2023-04-09,9999-12-31,True,Mia Wolf,Schweiz
C01703,Marie,Wagner,customer1703@example.com,Genf,CH,Standard,2024-07-02,False,1703,2024-07-02,9999-12-31,True,Marie Wagner,Schweiz
C01704,Niklas,Becker,customer1704@example.com,Dresden,DE,Budget,2024-05-30,False,1704,2024-05-30,9999-12-31,True,Niklas Becker,Deutschland
C01705,Jonas,Weber,customer1705@example.com,Hamburg,DE,Standard,2024-07-08,True,1705,2024-07-08,9999-12-31,True,Jonas Weber,Deutschland
C01706,Niklas,Schmidt,customer1706@example.com,Graz,AT,Budget,2023-11-20,True,1706,2023-11-20,9999-12-31,True,Niklas Schmidt,Österreich
C01707,Elena,Koch,customer1707@example.com,Köln,DE,Standard,2024-04-30,True,1707,2024-04-30,9999-12-31,True,Elena Koch,Deutschland
C01708,David,Klein,customer1708@example.com,Salzburg,AT,Budget,2023-02-21,True,1708,2023-02-21,9999-12-31,True,David Klein,Österreich
C01709,Paul,Koch,customer1709@example.com,Salzburg,AT,Standard,2023-05-23,True,1709,2023-05-23,9999-12-31,True,Paul Koch,Österreich
C01710,Julia,Schröder,customer1710@example.com,Graz,AT,Premium,2023-10-25,True,1710,2023-10-25,9999-12-31,True,Julia Schröder,Österreich
C01711,Mia,Hoffmann,customer1711@example.com,Dresden,DE,Standard,2023-11-05,True,1711,2023-11-05,9999-12-31,True,Mia Hoffmann,Deutschland
C01712,Felix,Schäfer,customer1712@example.com,Hannover,DE,Standard,2023-02-12,True,1712,2023-02-12,9999-12-31,True,Felix Schäfer,Deutschland
C01713,Jonas,Fischer,customer1713@example.com,Dresden,DE,Standard,2023-12-02,True,1713,2023-12-02,9999-12-31,True,Jonas Fischer,Deutschland
C01714,Marie,Koch,customer1714@example.com,Zürich,CH,Standard,2023-05-29,True,1714,2023-05-29,9999-12-31,True,Marie Koch,Schweiz
C01715,Emma,Schneider,customer1715@example.com,Dresden,DE,Budget,2023-07-31,True,1715,2023-07-31,9999-12-31,True,Emma Schneider,Deutschland
C01716,Simon,Schmidt,customer1716@example.com,Innsbruck,AT,Budget,2023-03-04,True,1716,2023-03-04,9999-12-31,True,Simon Schmidt,Österreich
C01717,Jan,Schneider,customer1717@example.com,Linz,AT,Budget,2023-09-16,True,1717,2023-09-16,9999-12-31,True,Jan Schneider,Österreich
C01718,Leon,Müller,customer1718@example.com,Wien,AT,Standard,2023-11-27,True,1718,2023-11-27,9999-12-31,True,Leon Müller,Österreich
C01719,Niklas,Schäfer,customer1719@example.com,Hamburg,DE,Budget,2024-05-09,True,1719,2024-05-09,9999-12-31,True,Niklas Schäfer,Deutschland
C01720,Jonas,Schäfer,customer1720@example.com,Lausanne,CH,Budget,2024-02-03,True,1720,2024-02-03,9999-12-31,True,Jonas Schäfer,Schweiz
C01721,Anna,Klein,customer1721@example.com,Genf,CH,Budget,2024-10-02,True,1721,2024-10-02,9999-12-31,True,Anna Klein,Schweiz
C01722,Niklas,Müller,customer1722@example.com,Linz,AT,Budget,2024-11-16,True,1722,2024-11-16,9999-12-31,True,Niklas Müller,Österreich
C01723,Mia,Schmidt,customer1723@example.com,Hamburg,DE,Budget,2024-10-19,True,1723,2024-10-19,9999-12-31,True,Mia Schmidt,Deutschland
C01724,Clara,Wolf,customer1724@example.com,Düsseldorf,DE,Standard,2023-10-02,True,1724,2023-10-02,9999-12-31,True,Clara Wolf,Deutschland
C01725,Paul,Klein,customer1725@example.com,Stuttgart,DE,Budget,2023-05-08,True,1725,2023-05-08,9999-12-31,True,Paul Klein,Deutschland
C01726,David,Koch,customer1726@example.com,Bern,CH,Standard,2024-01-29,True,1726,2024-01-29,9999-12-31,True,David Koch,Schweiz
C01727,Leon,Fischer,customer1727@example.com,Wien,AT,Standard,2023-08-12,True,1727,2023-08-12,9999-12-31,True,Leon Fischer,Österreich
C01728,Leon,Schröder,customer1728@example.com,München,DE,Premium,2023-04-30,True,1728,2023-04-30,9999-12-31,True,Leon Schröder,Deutschland
C01729,Tim,Bauer,customer1729@example.com,Bremen,DE,Standard,2023-05-29,True,1729,2023-05-29,9999-12-31,True,Tim Bauer,Deutschland
C01730,Anna,Fischer,customer1730@example.com,Graz,AT,Standard,2023-08-14,True,1730,2023-08-14,9999-12-31,True,Anna Fischer,Österreich
C01731,Anna,Schneider,customer1731@example.com,Salzburg,AT,Budget,2023-04-19,False,1731,2023-04-19,9999-12-31,True,Anna Schneider,Österreich
C01732,Laura,Klein,customer1732@example.com,Genf,CH,Standard,2023-08-31,True,1732,2023-08-31,9999-12-31,True,Laura Klein,Schweiz
C01733,Simon,Braun,customer1733@example.com,Linz,AT,Budget,2023-03-28,True,1733,2023-03-28,9999-12-31,True,Simon Braun,Österreich
C01734,Sophie,Schmidt,customer1734@example.com,Nürnberg,DE,Premium,2023-06-24,True,1734,2023-06-24,9999-12-31,True,Sophie Schmidt,Deutschland
C01735,Moritz,Weber,customer1735@example.com,Nürnberg,DE,Budget,2024-06-14,True,1735,2024-06-14,9999-12-31,True,Moritz Weber,Deutschland
C01736,Clara,Braun,customer1736@example.com,Hannover,DE,Standard,2024-02-05,True,1736,2024-02-05,9999-12-31,True,Clara Braun,Deutschland
C01737,Felix,Schmidt,customer1737@example.com,Lausanne,CH,Standard,2023-04-11,False,1737,2023-04-11,9999-12-31,True,Felix Schmidt,Schweiz
C01738,Lena,Neumann,customer1738@example.com,Berlin,DE,Standard,2023-05-10,False,1738,2023-05-10,9999-12-31,True,Lena Neumann,Deutschland
C01739,Lukas,Neumann,customer1739@example.com,Leipzig,DE,Budget,2023-11-28,True,1739,2023-11-28,9999-12-31,True,Lukas Neumann,Deutschland
C01740,Clara,Bauer,customer1740@example.com,Stuttgart,DE,Standard,2024-04-25,True,1740,2024-04-25,9999-12-31,True,Clara Bauer,Deutschland
C01741,Tim,Becker,customer1741@example.com,Linz,AT,Standard,2023-03-27,True,1741,2023-03-27,9999-12-31,True,Tim Becker,Österreich
C01742,Lisa,Schneider,customer1742@example.com,München,DE,Budget,2023-09-07,True,1742,2023-09-07,9999-12-31,True,Lisa Schneider,Deutschland
C01743,Leon,Schröder,customer1743@example.com,Berlin,DE,Standard,2023-02-13,True,1743,2023-02-13,9999-12-31,True,Leon Schröder,Deutschland
C01744,Julia,Bauer,customer1744@example.com,Genf,CH,Budget,2023-10-13,True,1744,2023-10-13,9999-12-31,True,Julia Bauer,Schweiz
C01745,Elena,Koch,customer1745@example.com,Basel,CH,Standard,2024-10-25,True,1745,2024-10-25,9999-12-31,True,Elena Koch,Schweiz
C01746,Mia,Becker,customer1746@example.com,Leipzig,DE,Standard,2024-03-23,True,1746,2024-03-23,9999-12-31,True,Mia Becker,Deutschland
C01747,Laura,Richter,customer1747@example.com,München,DE,Standard,2023-02-12,True,1747,2023-02-12,9999-12-31,True,Laura Richter,Deutschland
C01748,Anna,Bauer,customer1748@example.com,Graz,AT,Standard,2024-06-10,True,1748,2024-06-10,9999-12-31,True,Anna Bauer,Österreich
C01749,Lukas,Wolf,customer1749@example.com,Hamburg,DE,Budget,2023-11-21,True,1749,2023-11-21,9999-12-31,True,Lukas Wolf,Deutschland
C01750,Clara,Schäfer,customer1750@example.com,Lausanne,CH,Standard,2023-11-30,True,1750,2023-11-30,9999-12-31,True,Clara Schäfer,Schweiz
C01751,Felix,Wolf,customer1751@example.com,Lausanne,CH,Premium,2023-10-31,True,1751,2023-10-31,9999-12-31,True,Felix Wolf,Schweiz
C01752,Clara,Müller,customer1752@example.com,Basel,CH,Premium,2023-08-23,True,1752,2023-08-23,9999-12-31,True,Clara Müller,Schweiz
C01753,Niklas,Wagner,customer1753@example.com,Dresden,DE,Standard,2023-02-16,False,1753,2023-02-16,9999-12-31,True,Niklas Wagner,Deutschland
C01754,Leon,Hoffmann,customer1754@example.com,Stuttgart,DE,Standard,2023-05-24,True,1754,2023-05-24,9999-12-31,True,Leon Hoffmann,Deutschland
C01755,Mia,Richter,customer1755@example.com,Nürnberg,DE,Standard,2023-08-10,True,1755,2023-08-10,9999-12-31,True,Mia Richter,Deutschland
C01756,Lukas,Schneider,customer1756@example.com,Genf,CH,Standard,2024-09-09,True,1756,2024-09-09,9999-12-31,True,Lukas Schneider,Schweiz
C01757,Marie,Schröder,customer1757@example.com,Innsbruck,AT,Premium,2023-06-09,True,1757,2023-06-09,9999-12-31,True,Marie Schröder,Österreich
C01758,Jan,Bauer,customer1758@example.com,Zürich,CH,Standard,2024-05-27,True,1758,2024-05-27,9999-12-31,True,Jan Bauer,Schweiz
C01759,Sarah,Becker,customer1759@example.com,Zürich,CH,Budget,2024-01-09,True,1759,2024-01-09,9999-12-31,True,Sarah Becker,Schweiz
C01760,Lisa,Richter,customer1760@example.com,Köln,DE,Standard,2023-02-03,False,1760,2023-02-03,9999-12-31,True,Lisa Richter,Deutschland
C01761,Julia,Müller,customer1761@example.com,Graz,AT,Standard,2023-03-19,False,1761,2023-03-19,9999-12-31,True,Julia Müller,Österreich
C01762,Felix,Schröder,customer1762@example.com,Linz,AT,Standard,2024-02-24,False,1762,2024-02-24,9999-12-31,True,Felix Schröder,Österreich
C01763,Lisa,Becker,customer1763@example.com,Lausanne,CH,Budget,2023-03-11,True,1763,2023-03-11,9999-12-31,True,Lisa Becker,Schweiz
C01764,Paul,Meyer,customer1764@example.com,Salzburg,AT,Budget,2023-07-22,True,1764,2023-07-22,9999-12-31,True,Paul Meyer,Österreich
C01765,Elena,Meyer,customer1765@example.com,Bern,CH,Standard,2023-11-28,True,1765,2023-11-28,9999-12-31,True,Elena Meyer,Schweiz
C01766,Paul,Becker,customer1766@example.com,Düsseldorf,DE,Budget,2024-05-17,False,1766,2024-05-17,9999-12-31,True,Paul Becker,Deutschland
C01767,Anna,Fischer,customer1767@example.com,Basel,CH,Standard,2024-10-14,True,1767,2024-10-14,9999-12-31,True,Anna Fischer,Schweiz
C01768,Leon,Schäfer,customer1768@example.com,Frankfurt,DE,Standard,2024-02-06,True,1768,2024-02-06,9999-12-31,True,Leon Schäfer,Deutschland
C01769,Moritz,Richter,customer1769@example.com,Genf,CH,Premium,2023-02-06,True,1769,2023-02-06,9999-12-31,True,Moritz Richter,Schweiz
C01770,Sarah,Becker,customer1770@example.com,Bremen,DE,Standard,2024-04-06,False,1770,2024-04-06,9999-12-31,True,Sarah Becker,Deutschland
C01771,Felix,Becker,customer1771@example.com,Graz,AT,Budget,2024-08-28,True,1771,2024-08-28,9999-12-31,True,Felix Becker,Österreich
C01772,Niklas,Becker,customer1772@example.com,Hannover,DE,Standard,2024-06-09,True,1772,2024-06-09,9999-12-31,True,Niklas Becker,Deutschland
C01773,Paul,Bauer,customer1773@example.com,Zürich,CH,Standard,2024-05-25,False,1773,2024-05-25,9999-12-31,True,Paul Bauer,Schweiz
C01774,Tim,Wolf,customer1774@example.com,Hannover,DE,Standard,2023-09-07,True,1774,2023-09-07,9999-12-31,True,Tim Wolf,Deutschland
C01775,Moritz,Richter,customer1775@example.com,Wien,AT,Standard,2023-11-30,False,1775,2023-11-30,9999-12-31,True,Moritz Richter,Österreich
C01776,Julia,Meyer,customer1776@example.com,Linz,AT,Premium,2023-01-16,True,1776,2023-01-16,9999-12-31,True,Julia Meyer,Österreich
C01777,Sophie,Schmidt,customer1777@example.com,Frankfurt,DE,Standard,2023-11-16,True,1777,2023-11-16,9999-12-31,True,Sophie Schmidt,Deutschland
C01778,Mia,Hoffmann,customer1778@example.com,Bremen,DE,Standard,2023-08-19,False,1778,2023-08-19,9999-12-31,True,Mia Hoffmann,Deutschland
C01779,Niklas,Bauer,customer1779@example.com,Berlin,DE,Standard,2024-08-21,True,1779,2024-08-21,9999-12-31,True,Niklas Bauer,Deutschland
C01780,Emma,Schröder,customer1780@example.com,Frankfurt,DE,Standard,2024-08-18,True,1780,2024-08-18,9999-12-31,True,Emma Schröder,Deutschland
C01781,Jonas,Meyer,customer1781@example.com,Leipzig,DE,Budget,2023-05-20,True,1781,2023-05-20,9999-12-31,True,Jonas Meyer,Deutschland
C01782,Sarah,Meyer,customer1782@example.com,Leipzig,DE,Standard,2024-03-15,False,1782,2024-03-15,9999-12-31,True,Sarah Meyer,Deutschland
C01783,Julia,Neumann,customer1783@example.com,Innsbruck,AT,Budget,2024-12-29,True,1783,2024-12-29,9999-12-31,True,Julia Neumann,Österreich
C01784,Lisa,Meyer,customer1784@example.com,Köln,DE,Budget,2023-01-25,False,1784,2023-01-25,9999-12-31,True,Lisa Meyer,Deutschland
C01785,Simon,Koch,customer1785@example.com,Graz,AT,Standard,2024-10-07,True,1785,2024-10-07,9999-12-31,True,Simon Koch,Österreich
C01786,Marie,Braun,customer1786@example.com,München,DE,Standard,2024-07-28,False,1786,2024-07-28,9999-12-31,True,Marie Braun,Deutschland
C01787,Max,Schmidt,customer1787@example.com,Leipzig,DE,Budget,2024-09-07,True,1787,2024-09-07,9999-12-31,True,Max Schmidt,Deutschland
C01788,Clara,Becker,customer1788@example.com,Hamburg,DE,Standard,2024-03-05,True,1788,2024-03-05,9999-12-31,True,Clara Becker,Deutschland
C01789,Paul,Müller,customer1789@example.com,Köln,DE,Standard,2023-12-17,True,1789,2023-12-17,9999-12-31,True,Paul Müller,Deutschland
C01790,Marie,Weber,customer1790@example.com,München,DE,Budget,2023-09-20,False,1790,2023-09-20,9999-12-31,True,Marie Weber,Deutschland
C01791,Emma,Schäfer,customer1791@example.com,Lausanne,CH,Budget,2024-10-06,True,1791,2024-10-06,9999-12-31,True,Emma Schäfer,Schweiz
C01792,Niklas,Neumann,customer1792@example.com,Dresden,DE,Standard,2024-09-10,True,1792,2024-09-10,9999-12-31,True,Niklas Neumann,Deutschland
C01793,Tim,Neumann,customer1793@example.com,Stuttgart,DE,Standard,2023-05-30,True,1793,2023-05-30,9999-12-31,True,Tim Neumann,Deutschland
C01794,Max,Hoffmann,customer1794@example.com,Lausanne,CH,Standard,2024-06-15,True,1794,2024-06-15,9999-12-31,True,Max Hoffmann,Schweiz
C01795,Laura,Richter,customer1795@example.com,Wien,AT,Budget,2024-10-08,True,1795,2024-10-08,9999-12-31,True,Laura Richter,Österreich
C01796,Tim,Bauer,customer1796@example.com,Salzburg,AT,Standard,2024-08-08,True,1796,2024-08-08,9999-12-31,True,Tim Bauer,Österreich
C01797,Emma,Neumann,customer1797@example.com,Bremen,DE,Standard,2024-08-30,True,1797,2024-08-30,9999-12-31,True,Emma Neumann,Deutschland
C01798,Julia,Richter,customer1798@example.com,Frankfurt,DE,Budget,2023-11-15,True,1798,2023-11-15,9999-12-31,True,Julia Richter,Deutschland
C01799,Julia,Neumann,customer1799@example.com,Köln,DE,Standard,2024-08-13,True,1799,2024-08-13,9999-12-31,True,Julia Neumann,Deutschland
C01800,Moritz,Hoffmann,customer1800@example.com,Innsbruck,AT,Standard,2024-05-10,True,1800,2024-05-10,9999-12-31,True,Moritz Hoffmann,Österreich
C01801,Moritz,Müller,customer1801@example.com,Stuttgart,DE,Budget,2024-12-18,False,1801,2024-12-18,9999-12-31,True,Moritz Müller,Deutschland
C01802,Marie,Müller,customer1802@example.com,Stuttgart,DE,Standard,2024-11-29,True,1802,2024-11-29,9999-12-31,True,Marie Müller,Deutschland
C01803,Jan,Fischer,customer1803@example.com,Nürnberg,DE,Standard,2023-02-20,True,1803,2023-02-20,9999-12-31,True,Jan Fischer,Deutschland
C01804,Elena,Meyer,customer1804@example.com,München,DE,Standard,2023-07-15,True,1804,2023-07-15,9999-12-31,True,Elena Meyer,Deutschland
C01805,Mia,Hoffmann,customer1805@example.com,Düsseldorf,DE,Premium,2023-06-27,True,1805,2023-06-27,9999-12-31,True,Mia Hoffmann,Deutschland
C01806,Clara,Neumann,customer1806@example.com,Zürich,CH,Budget,2024-04-08,True,1806,2024-04-08,9999-12-31,True,Clara Neumann,Schweiz
C01807,Niklas,Braun,customer1807@example.com,Berlin,DE,Standard,2023-09-21,True,1807,2023-09-21,9999-12-31,True,Niklas Braun,Deutschland
C01808,Niklas,Fischer,customer1808@example.com,Hamburg,DE,Budget,2023-01-26,True,1808,2023-01-26,9999-12-31,True,Niklas Fischer,Deutschland
C01809,Tim,Braun,customer1809@example.com,Salzburg,AT,Budget,2024-11-25,True,1809,2024-11-25,9999-12-31,True,Tim Braun,Österreich
C01810,Niklas,Braun,customer1810@example.com,Linz,AT,Budget,2023-03-22,True,1810,2023-03-22,9999-12-31,True,Niklas Braun,Österreich
C01811,Lukas,Wagner,customer1811@example.com,Graz,AT,Budget,2024-08-21,True,1811,2024-08-21,9999-12-31,True,Lukas Wagner,Österreich
C01812,Laura,Wagner,customer1812@example.com,Salzburg,AT,Budget,2023-01-16,True,1812,2023-01-16,9999-12-31,True,Laura Wagner,Österreich
C01813,Anna,Neumann,customer1813@example.com,Bremen,DE,Budget,2024-03-22,True,1813,2024-03-22,9999-12-31,True,Anna Neumann,Deutschland
C01814,Elena,Wagner,customer1814@example.com,Lausanne,CH,Budget,2024-01-06,True,1814,2024-01-06,9999-12-31,True,Elena Wagner,Schweiz
C01815,Max,Richter,customer1815@example.com,Linz,AT,Standard,2023-09-12,True,1815,2023-09-12,9999-12-31,True,Max Richter,Österreich
C01816,Max,Wolf,customer1816@example.com,Zürich,CH,Standard,2023-08-15,True,1816,2023-08-15,9999-12-31,True,Max Wolf,Schweiz
C01817,Leon,Braun,customer1817@example.com,Wien,AT,Premium,2023-04-28,True,1817,2023-04-28,9999-12-31,True,Leon Braun,Österreich
C01818,Niklas,Fischer,customer1818@example.com,Leipzig,DE,Budget,2024-09-14,True,1818,2024-09-14,9999-12-31,True,Niklas Fischer,Deutschland
C01819,Lena,Meyer,customer1819@example.com,Hamburg,DE,Standard,2023-06-16,True,1819,2023-06-16,9999-12-31,True,Lena Meyer,Deutschland
C01820,Marie,Weber,customer1820@example.com,Wien,AT,Standard,2024-07-30,True,1820,2024-07-30,9999-12-31,True,Marie Weber,Österreich
C01821,Julia,Wagner,customer1821@example.com,Zürich,CH,Standard,2023-04-03,False,1821,2023-04-03,9999-12-31,True,Julia Wagner,Schweiz
C01822,Julia,Becker,customer1822@example.com,Salzburg,AT,Standard,2023-03-03,True,1822,2023-03-03,9999-12-31,True,Julia Becker,Österreich
C01823,Paul,Müller,customer1823@example.com,Innsbruck,AT,Budget,2024-11-09,True,1823,2024-11-09,9999-12-31,True,Paul Müller,Österreich
C01824,Elena,Neumann,customer1824@example.com,Salzburg,AT,Standard,2024-03-18,True,1824,2024-03-18,9999-12-31,True,Elena Neumann,Österreich
C01825,Lena,Klein,customer1825@example.com,Graz,AT,Standard,2023-11-04,True,1825,2023-11-04,9999-12-31,True,Lena Klein,Österreich
C01826,Emma,Becker,customer1826@example.com,Zürich,CH,Standard,2023-10-31,True,1826,2023-10-31,9999-12-31,True,Emma Becker,Schweiz
C01827,Niklas,Meyer,customer1827@example.com,Köln,DE,Standard,2024-01-05,True,1827,2024-01-05,9999-12-31,True,Niklas Meyer,Deutschland
C01828,Anna,Schmidt,customer1828@example.com,Dresden,DE,Budget,2023-08-17,True,1828,2023-08-17,9999-12-31,True,Anna Schmidt,Deutschland
C01829,Mia,Müller,customer1829@example.com,München,DE,Standard,2024-07-07,True,1829,2024-07-07,9999-12-31,True,Mia Müller,Deutschland
C01830,Leon,Neumann,customer1830@example.com,Nürnberg,DE,Standard,2024-07-12,True,1830,2024-07-12,9999-12-31,True,Leon Neumann,Deutschland
C01831,Sarah,Klein,customer1831@example.com,Stuttgart,DE,Standard,2024-02-06,True,1831,2024-02-06,9999-12-31,True,Sarah Klein,Deutschland
C01832,Tim,Becker,customer1832@example.com,Nürnberg,DE,Standard,2024-04-09,True,1832,2024-04-09,9999-12-31,True,Tim Becker,Deutschland
C01833,Tim,Neumann,customer1833@example.com,Düsseldorf,DE,Standard,2023-01-24,True,1833,2023-01-24,9999-12-31,True,Tim Neumann,Deutschland
C01834,Lisa,Becker,customer1834@example.com,Linz,AT,Premium,2023-11-03,False,1834,2023-11-03,9999-12-31,True,Lisa Becker,Österreich
C01835,Jonas,Neumann,customer1835@example.com,Dresden,DE,Standard,2024-02-19,True,1835,2024-02-19,9999-12-31,True,Jonas Neumann,Deutschland
C01836,Leon,Hoffmann,customer1836@example.com,Bern,CH,Budget,2024-06-08,True,1836,2024-06-08,9999-12-31,True,Leon Hoffmann,Schweiz
C01837,Lena,Meyer,customer1837@example.com,Linz,AT,Premium,2024-11-22,True,1837,2024-11-22,9999-12-31,True,Lena Meyer,Österreich
C01838,Lukas,Klein,customer1838@example.com,Basel,CH,Standard,2023-06-25,True,1838,2023-06-25,9999-12-31,True,Lukas Klein,Schweiz
C01839,Elena,Schröder,customer1839@example.com,Düsseldorf,DE,Standard,2024-02-02,True,1839,2024-02-02,9999-12-31,True,Elena Schröder,Deutschland
C01840,Lukas,Schneider,customer1840@example.com,Graz,AT,Standard,2024-01-05,True,1840,2024-01-05,9999-12-31,True,Lukas Schneider,Österreich
C01841,Lukas,Koch,customer1841@example.com,Dresden,DE,Standard,2024-02-01,True,1841,2024-02-01,9999-12-31,True,Lukas Koch,Deutschland
C01842,Clara,Richter,customer1842@example.com,Bern,CH,Standard,2023-06-17,True,1842,2023-06-17,9999-12-31,True,Clara Richter,Schweiz
C01843,Paul,Fischer,customer1843@example.com,Frankfurt,DE,Budget,2024-06-28,True,1843,2024-06-28,9999-12-31,True,Paul Fischer,Deutschland
C01844,Marie,Bauer,customer1844@example.com,Bremen,DE,Standard,2023-01-11,True,1844,2023-01-11,9999-12-31,True,Marie Bauer,Deutschland
C01845,Mia,Schröder,customer1845@example.com,Hamburg,DE,Premium,2023-01-03,True,1845,2023-01-03,9999-12-31,True,Mia Schröder,Deutschland
C01846,Mia,Koch,customer1846@example.com,Leipzig,DE,Standard,2023-05-14,True,1846,2023-05-14,9999-12-31,True,Mia Koch,Deutschland
C01847,Clara,Schneider,customer1847@example.com,Bremen,DE,Standard,2023-01-13,True,1847,2023-01-13,9999-12-31,True,Clara Schneider,Deutschland
C01848,Sarah,Weber,customer1848@example.com,Graz,AT,Standard,2024-10-19,True,1848,2024-10-19,9999-12-31,True,Sarah Weber,Österreich
C01849,Simon,Wolf,customer1849@example.com,Leipzig,DE,Standard,2024-09-27,True,1849,2024-09-27,9999-12-31,True,Simon Wolf,Deutschland
C01850,Mia,Meyer,customer1850@example.com,Bern,CH,Standard,2023-03-31,True,1850,2023-03-31,9999-12-31,True,Mia Meyer,Schweiz
C01851,Simon,Wolf,customer1851@example.com,Stuttgart,DE,Standard,2024-01-07,True,1851,2024-01-07,9999-12-31,True,Simon Wolf,Deutschland
C01852,Jan,Koch,customer1852@example.com,Salzburg,AT,Standard,2023-05-08,True,1852,2023-05-08,9999-12-31,True,Jan Koch,Österreich
C01853,Laura,Weber,customer1853@example.com,Graz,AT,Budget,2023-02-19,True,1853,2023-02-19,9999-12-31,True,Laura Weber,Österreich
C01854,Jonas,Fischer,customer1854@example.com,Graz,AT,Standard,2024-07-21,True,1854,2024-07-21,9999-12-31,True,Jonas Fischer,Österreich
C01855,Sophie,Meyer,customer1855@example.com,Linz,AT,Budget,2023-12-15,True,1855,2023-12-15,9999-12-31,True,Sophie Meyer,Österreich
C01856,Jonas,Fischer,customer1856@example.com,Salzburg,AT,Standard,2023-01-10,True,1856,2023-01-10,9999-12-31,True,Jonas Fischer,Österreich
C01857,Sophie,Braun,customer1857@example.com,Nürnberg,DE,Standard,2023-09-12,True,1857,2023-09-12,9999-12-31,True,Sophie Braun,Deutschland
C01858,Lisa,Wolf,customer1858@example.com,Zürich,CH,Standard,2023-10-04,True,1858,2023-10-04,9999-12-31,True,Lisa Wolf,Schweiz
C01859,Lisa,Bauer,customer1859@example.com,Stuttgart,DE,Premium,2023-03-08,True,1859,2023-03-08,9999-12-31,True,Lisa Bauer,Deutschland
C01860,Laura,Weber,customer1860@example.com,Genf,CH,Standard,2023-01-27,True,1860,2023-01-27,9999-12-31,True,Laura Weber,Schweiz
C01861,Clara,Neumann,customer1861@example.com,München,DE,Standard,2024-01-31,True,1861,2024-01-31,9999-12-31,True,Clara Neumann,Deutschland
C01862,Tim,Müller,customer1862@example.com,Köln,DE,Standard,2023-10-21,True,1862,2023-10-21,9999-12-31,True,Tim Müller,Deutschland
C01863,Elena,Neumann,customer1863@example.com,Genf,CH,Budget,2023-08-23,True,1863,2023-08-23,9999-12-31,True,Elena Neumann,Schweiz
C01864,Clara,Schröder,customer1864@example.com,Basel,CH,Standard,2024-10-19,True,1864,2024-10-19,9999-12-31,True,Clara Schröder,Schweiz
C01865,Lisa,Meyer,customer1865@example.com,Lausanne,CH,Budget,2024-08-15,True,1865,2024-08-15,9999-12-31,True,Lisa Meyer,Schweiz
C01866,David,Wolf,customer1866@example.com,Stuttgart,DE,Budget,2023-07-26,True,1866,2023-07-26,9999-12-31,True,David Wolf,Deutschland
C01867,Niklas,Meyer,customer1867@example.com,Köln,DE,Standard,2023-08-09,True,1867,2023-08-09,9999-12-31,True,Niklas Meyer,Deutschland
C01868,Jonas,Schneider,customer1868@example.com,Frankfurt,DE,Premium,2024-07-21,True,1868,2024-07-21,9999-12-31,True,Jonas Schneider,Deutschland
C01869,Niklas,Schröder,customer1869@example.com,Frankfurt,DE,Standard,2023-05-09,True,1869,2023-05-09,9999-12-31,True,Niklas Schröder,Deutschland
C01870,Max,Hoffmann,customer1870@example.com,Leipzig,DE,Budget,2024-07-20,True,1870,2024-07-20,9999-12-31,True,Max Hoffmann,Deutschland
C01871,Marie,Braun,customer1871@example.com,Leipzig,DE,Standard,2024-12-23,True,1871,2024-12-23,9999-12-31,True,Marie Braun,Deutschland
C01872,Lisa,Wagner,customer1872@example.com,Nürnberg,DE,Standard,2023-04-06,False,1872,2023-04-06,9999-12-31,True,Lisa Wagner,Deutschland
C01873,Laura,Wolf,customer1873@example.com,Wien,AT,Standard,2023-07-23,True,1873,2023-07-23,9999-12-31,True,Laura Wolf,Österreich
C01874,Paul,Fischer,customer1874@example.com,Graz,AT,Premium,2023-07-29,True,1874,2023-07-29,9999-12-31,True,Paul Fischer,Österreich
C01875,Felix,Müller,customer1875@example.com,Dresden,DE,Standard,2024-05-17,False,1875,2024-05-17,9999-12-31,True,Felix Müller,Deutschland
C01876,Lisa,Schneider,customer1876@example.com,Düsseldorf,DE,Standard,2024-12-12,True,1876,2024-12-12,9999-12-31,True,Lisa Schneider,Deutschland
C01877,Leon,Wagner,customer1877@example.com,Genf,CH,Premium,2023-06-30,False,1877,2023-06-30,9999-12-31,True,Leon Wagner,Schweiz
C01878,Elena,Schröder,customer1878@example.com,Innsbruck,AT,Standard,2024-05-30,True,1878,2024-05-30,9999-12-31,True,Elena Schröder,Österreich
C01879,Moritz,Schäfer,customer1879@example.com,Hamburg,DE,Premium,2024-12-03,False,1879,2024-12-03,9999-12-31,True,Moritz Schäfer,Deutschland
C01880,Simon,Meyer,customer1880@example.com,Innsbruck,AT,Premium,2023-11-05,True,1880,2023-11-05,9999-12-31,True,Simon Meyer,Österreich
C01881,Lena,Wagner,customer1881@example.com,Basel,CH,Standard,2024-07-14,False,1881,2024-07-14,9999-12-31,True,Lena Wagner,Schweiz
C01882,Marie,Meyer,customer1882@example.com,Hamburg,DE,Standard,2023-01-16,True,1882,2023-01-16,9999-12-31,True,Marie Meyer,Deutschland
C01883,Moritz,Richter,customer1883@example.com,Düsseldorf,DE,Budget,2024-04-26,True,1883,2024-04-26,9999-12-31,True,Moritz Richter,Deutschland
C01884,Lisa,Schmidt,customer1884@example.com,Genf,CH,Standard,2024-10-29,True,1884,2024-10-29,9999-12-31,True,Lisa Schmidt,Schweiz
C01885,Tim,Neumann,customer1885@example.com,Hannover,DE,Standard,2023-02-26,True,1885,2023-02-26,9999-12-31,True,Tim Neumann,Deutschland
C01886,Clara,Schröder,customer1886@example.com,Basel,CH,Standard,2023-10-31,True,1886,2023-10-31,9999-12-31,True,Clara Schröder,Schweiz
C01887,Mia,Richter,customer1887@example.com,Graz,AT,Premium,2023-10-06,True,1887,2023-10-06,9999-12-31,True,Mia Richter,Österreich
C01888,Sarah,Fischer,customer1888@example.com,Zürich,CH,Budget,2023-06-30,True,1888,2023-06-30,9999-12-31,True,Sarah Fischer,Schweiz
C01889,Elena,Schäfer,customer1889@example.com,Salzburg,AT,Standard,2023-04-01,True,1889,2023-04-01,9999-12-31,True,Elena Schäfer,Österreich
C01890,Emma,Schäfer,customer1890@example.com,Innsbruck,AT,Standard,2023-10-16,True,1890,2023-10-16,9999-12-31,True,Emma Schäfer,Österreich
C01891,Sophie,Neumann,customer1891@example.com,Frankfurt,DE,Budget,2023-11-20,True,1891,2023-11-20,9999-12-31,True,Sophie Neumann,Deutschland
C01892,Paul,Schröder,customer1892@example.com,Frankfurt,DE,Standard,2023-11-21,True,1892,2023-11-21,9999-12-31,True,Paul Schröder,Deutschland
C01893,Marie,Koch,customer1893@example.com,Berlin,DE,Budget,2024-05-17,True,1893,2024-05-17,9999-12-31,True,Marie Koch,Deutschland
C01894,Jonas,Braun,customer1894@example.com,Bern,CH,Premium,2023-03-06,True,1894,2023-03-06,9999-12-31,True,Jonas Braun,Schweiz
C01895,Paul,Schröder,customer1895@example.com,Nürnberg,DE,Budget,2023-11-25,True,1895,2023-11-25,9999-12-31,True,Paul Schröder,Deutschland
C01896,Mia,Schröder,customer1896@example.com,Innsbruck,AT,Standard,2023-07-18,True,1896,2023-07-18,9999-12-31,True,Mia Schröder,Österreich
C01897,Leon,Richter,customer1897@example.com,Basel,CH,Standard,2023-08-27,True,1897,2023-08-27,9999-12-31,True,Leon Richter,Schweiz
C01898,Felix,Meyer,customer1898@example.com,Köln,DE,Standard,2024-03-08,True,1898,2024-03-08,9999-12-31,True,Felix Meyer,Deutschland
C01899,Leon,Braun,customer1899@example.com,Genf,CH,Budget,2024-11-10,True,1899,2024-11-10,9999-12-31,True,Leon Braun,Schweiz
C01900,Sarah,Meyer,customer1900@example.com,Innsbruck,AT,Standard,2023-06-14,False,1900,2023-06-14,9999-12-31,True,Sarah Meyer,Österreich
C01901,Lukas,Weber,customer1901@example.com,Berlin,DE,Premium,2024-09-05,True,1901,2024-09-05,9999-12-31,True,Lukas Weber,Deutschland
C01902,Moritz,Neumann,customer1902@example.com,Salzburg,AT,Standard,2023-03-23,True,1902,2023-03-23,9999-12-31,True,Moritz Neumann,Österreich
C01903,Clara,Schäfer,customer1903@example.com,Salzburg,AT,Standard,2024-04-09,True,1903,2024-04-09,9999-12-31,True,Clara Schäfer,Österreich
C01904,Paul,Bauer,customer1904@example.com,Lausanne,CH,Budget,2023-02-22,True,1904,2023-02-22,9999-12-31,True,Paul Bauer,Schweiz
C01905,Mia,Richter,customer1905@example.com,München,DE,Standard,2023-02-27,True,1905,2023-02-27,9999-12-31,True,Mia Richter,Deutschland
C01906,Tim,Hoffmann,customer1906@example.com,Berlin,DE,Standard,2024-01-06,True,1906,2024-01-06,9999-12-31,True,Tim Hoffmann,Deutschland
C01907,Jan,Fischer,customer1907@example.com,Salzburg,AT,Standard,2024-08-01,True,1907,2024-08-01,9999-12-31,True,Jan Fischer,Österreich
C01908,Emma,Weber,customer1908@example.com,Bremen,DE,Premium,2023-09-11,False,1908,2023-09-11,9999-12-31,True,Emma Weber,Deutschland
C01909,David,Müller,customer1909@example.com,Nürnberg,DE,Budget,2024-06-14,True,1909,2024-06-14,9999-12-31,True,David Müller,Deutschland
C01910,Max,Schäfer,customer1910@example.com,München,DE,Standard,2024-05-31,True,1910,2024-05-31,9999-12-31,True,Max Schäfer,Deutschland
C01911,David,Becker,customer1911@example.com,Zürich,CH,Standard,2023-12-07,True,1911,2023-12-07,9999-12-31,True,David Becker,Schweiz
C01912,Max,Fischer,customer1912@example.com,Bremen,DE,Standard,2024-04-18,True,1912,2024-04-18,9999-12-31,True,Max Fischer,Deutschland
C01913,Simon,Schmidt,customer1913@example.com,Zürich,CH,Standard,2024-06-06,True,1913,2024-06-06,9999-12-31,True,Simon Schmidt,Schweiz
C01914,Lena,Braun,customer1914@example.com,Lausanne,CH,Standard,2024-10-23,True,1914,2024-10-23,9999-12-31,True,Lena Braun,Schweiz
C01915,Niklas,Schröder,customer1915@example.com,Hamburg,DE,Standard,2023-07-05,True,1915,2023-07-05,9999-12-31,True,Niklas Schröder,Deutschland
C01916,Clara,Fischer,customer1916@example.com,Genf,CH,Standard,2024-06-13,True,1916,2024-06-13,9999-12-31,True,Clara Fischer,Schweiz
C01917,Laura,Meyer,customer1917@example.com,Nürnberg,DE,Budget,2024-07-31,True,1917,2024-07-31,9999-12-31,True,Laura Meyer,Deutschland
C01918,Sarah,Schäfer,customer1918@example.com,Wien,AT,Standard,2024-12-27,True,1918,2024-12-27,9999-12-31,True,Sarah Schäfer,Österreich
C01919,Felix,Schmidt,customer1919@example.com,Dresden,DE,Standard,2023-07-15,True,1919,2023-07-15,9999-12-31,True,Felix Schmidt,Deutschland
C01920,Mia,Wagner,customer1920@example.com,Linz,AT,Budget,2024-07-16,True,1920,2024-07-16,9999-12-31,True,Mia Wagner,Österreich
C01921,Tim,Müller,customer1921@example.com,Genf,CH,Budget,2024-01-10,True,1921,2024-01-10,9999-12-31,True,Tim Müller,Schweiz
C01922,Elena,Wagner,customer1922@example.com,Stuttgart,DE,Standard,2024-09-24,True,1922,2024-09-24,9999-12-31,True,Elena Wagner,Deutschland
C01923,Paul,Weber,customer1923@example.com,Bern,CH,Standard,2024-11-18,True,1923,2024-11-18,9999-12-31,True,Paul Weber,Schweiz
C01924,Clara,Neumann,customer1924@example.com,Graz,AT,Premium,2024-11-18,True,1924,2024-11-18,9999-12-31,True,Clara Neumann,Österreich
C01925,Leon,Schmidt,customer1925@example.com,Bern,CH,Premium,2023-03-05,True,1925,2023-03-05,9999-12-31,True,Leon Schmidt,Schweiz
C01926,Leon,Schneider,customer1926@example.com,Nürnberg,DE,Budget,2024-08-01,True,1926,2024-08-01,9999-12-31,True,Leon Schneider,Deutschland
C01927,Lukas,Neumann,customer1927@example.com,Leipzig,DE,Standard,2023-06-27,False,1927,2023-06-27,9999-12-31,True,Lukas Neumann,Deutschland
C01928,Niklas,Schneider,customer1928@example.com,Stuttgart,DE,Standard,2023-07-13,True,1928,2023-07-13,9999-12-31,True,Niklas Schneider,Deutschland
C01929,Laura,Bauer,customer1929@example.com,Genf,CH,Standard,2023-12-19,True,1929,2023-12-19,9999-12-31,True,Laura Bauer,Schweiz
C01930,David,Schäfer,customer1930@example.com,Genf,CH,Budget,2023-10-07,True,1930,2023-10-07,9999-12-31,True,David Schäfer,Schweiz
C01931,Niklas,Hoffmann,customer1931@example.com,Hamburg,DE,Standard,2024-06-01,True,1931,2024-06-01,9999-12-31,True,Niklas Hoffmann,Deutschland
C01932,Clara,Neumann,customer1932@example.com,Dresden,DE,Budget,2024-12-28,False,1932,2024-12-28,9999-12-31,True,Clara Neumann,Deutschland
C01933,Jan,Meyer,customer1933@example.com,Berlin,DE,Standard,2024-04-14,True,1933,2024-04-14,9999-12-31,True,Jan Meyer,Deutschland
C01934,Sophie,Schmidt,customer1934@example.com,Lausanne,CH,Budget,2023-01-21,False,1934,2023-01-21,9999-12-31,True,Sophie Schmidt,Schweiz
C01935,Emma,Richter,customer1935@example.com,Düsseldorf,DE,Premium,2024-02-08,True,1935,2024-02-08,9999-12-31,True,Emma Richter,Deutschland
C01936,Lukas,Braun,customer1936@example.com,Basel,CH,Standard,2023-01-13,True,1936,2023-01-13,9999-12-31,True,Lukas Braun,Schweiz
C01937,Elena,Neumann,customer1937@example.com,Berlin,DE,Premium,2024-08-24,True,1937,2024-08-24,9999-12-31,True,Elena Neumann,Deutschland
C01938,Sarah,Schneider,customer1938@example.com,Linz,AT,Budget,2023-11-02,True,1938,2023-11-02,9999-12-31,True,Sarah Schneider,Österreich
C01939,Max,Wagner,customer1939@example.com,Bern,CH,Standard,2024-05-09,True,1939,2024-05-09,9999-12-31,True,Max Wagner,Schweiz
C01940,Clara,Schröder,customer1940@example.com,Hannover,DE,Premium,2023-05-22,True,1940,2023-05-22,9999-12-31,True,Clara Schröder,Deutschland
C01941,Sarah,Braun,customer1941@example.com,Nürnberg,DE,Standard,2024-10-25,True,1941,2024-10-25,9999-12-31,True,Sarah Braun,Deutschland
C01942,Paul,Braun,customer1942@example.com,Leipzig,DE,Standard,2024-11-28,True,1942,2024-11-28,9999-12-31,True,Paul Braun,Deutschland
C01943,Sophie,Koch,customer1943@example.com,Frankfurt,DE,Budget,2023-11-23,True,1943,2023-11-23,9999-12-31,True,Sophie Koch,Deutschland
C01944,Lisa,Weber,customer1944@example.com,Nürnberg,DE,Standard,2023-02-19,True,1944,2023-02-19,9999-12-31,True,Lisa Weber,Deutschland
C01945,Marie,Schröder,customer1945@example.com,Leipzig,DE,Premium,2024-06-21,True,1945,2024-06-21,9999-12-31,True,Marie Schröder,Deutschland
C01946,Julia,Weber,customer1946@example.com,Hamburg,DE,Budget,2024-07-28,True,1946,2024-07-28,9999-12-31,True,Julia Weber,Deutschland
C01947,Jonas,Schneider,customer1947@example.com,Hannover,DE,Standard,2024-04-29,False,1947,2024-04-29,9999-12-31,True,Jonas Schneider,Deutschland
C01948,Julia,Schröder,customer1948@example.com,Frankfurt,DE,Standard,2023-07-23,True,1948,2023-07-23,9999-12-31,True,Julia Schröder,Deutschland
C01949,Paul,Hoffmann,customer1949@example.com,Graz,AT,Budget,2024-05-25,True,1949,2024-05-25,9999-12-31,True,Paul Hoffmann,Österreich
C01950,Lukas,Bauer,customer1950@example.com,Frankfurt,DE,Standard,2024-10-03,True,1950,2024-10-03,9999-12-31,True,Lukas Bauer,Deutschland
C01951,Max,Neumann,customer1951@example.com,Bern,CH,Standard,2024-04-02,True,1951,2024-04-02,9999-12-31,True,Max Neumann,Schweiz
C01952,Simon,Hoffmann,customer1952@example.com,Dresden,DE,Budget,2023-02-28,True,1952,2023-02-28,9999-12-31,True,Simon Hoffmann,Deutschland
C01953,Tim,Becker,customer1953@example.com,München,DE,Standard,2023-11-27,True,1953,2023-11-27,9999-12-31,True,Tim Becker,Deutschland
C01954,Laura,Braun,customer1954@example.com,Basel,CH,Budget,2023-12-21,True,1954,2023-12-21,9999-12-31,True,Laura Braun,Schweiz
C01955,Jan,Wagner,customer1955@example.com,Genf,CH,Standard,2024-09-23,True,1955,2024-09-23,9999-12-31,True,Jan Wagner,Schweiz
C01956,Niklas,Fischer,customer1956@example.com,Düsseldorf,DE,Standard,2024-09-27,True,1956,2024-09-27,9999-12-31,True,Niklas Fischer,Deutschland
C01957,Emma,Hoffmann,customer1957@example.com,Basel,CH,Premium,2023-04-19,True,1957,2023-04-19,9999-12-31,True,Emma Hoffmann,Schweiz
C01958,Jonas,Richter,customer1958@example.com,Berlin,DE,Standard,2023-09-30,False,1958,2023-09-30,9999-12-31,True,Jonas Richter,Deutschland
C01959,Mia,Meyer,customer1959@example.com,Dresden,DE,Budget,2024-06-25,True,1959,2024-06-25,9999-12-31,True,Mia Meyer,Deutschland
C01960,Lukas,Fischer,customer1960@example.com,Köln,DE,Standard,2023-03-04,True,1960,2023-03-04,9999-12-31,True,Lukas Fischer,Deutschland
C01961,Sarah,Fischer,customer1961@example.com,Frankfurt,DE,Standard,2024-09-17,True,1961,2024-09-17,9999-12-31,True,Sarah Fischer,Deutschland
C01962,Paul,Fischer,customer1962@example.com,Düsseldorf,DE,Premium,2023-08-22,True,1962,2023-08-22,9999-12-31,True,Paul Fischer,Deutschland
C01963,Laura,Schäfer,customer1963@example.com,Graz,AT,Budget,2024-12-22,True,1963,2024-12-22,9999-12-31,True,Laura Schäfer,Österreich
C01964,Sophie,Schäfer,customer1964@example.com,Hamburg,DE,Standard,2023-03-31,True,1964,2023-03-31,9999-12-31,True,Sophie Schäfer,Deutschland
C01965,Lisa,Wolf,customer1965@example.com,Nürnberg,DE,Standard,2023-09-03,True,1965,2023-09-03,9999-12-31,True,Lisa Wolf,Deutschland
C01966,Julia,Schröder,customer1966@example.com,Zürich,CH,Standard,2024-03-17,False,1966,2024-03-17,9999-12-31,True,Julia Schröder,Schweiz
C01967,Max,Weber,customer1967@example.com,Linz,AT,Budget,2023-04-13,True,1967,2023-04-13,9999-12-31,True,Max Weber,Österreich
C01968,Max,Schröder,customer1968@example.com,Graz,AT,Standard,2023-09-26,True,1968,2023-09-26,9999-12-31,True,Max Schröder,Österreich
C01969,David,Klein,customer1969@example.com,Salzburg,AT,Standard,2023-02-20,True,1969,2023-02-20,9999-12-31,True,David Klein,Österreich
C01970,Max,Neumann,customer1970@example.com,Bremen,DE,Premium,2023-11-12,True,1970,2023-11-12,9999-12-31,True,Max Neumann,Deutschland
C01971,Jonas,Bauer,customer1971@example.com,Zürich,CH,Standard,2023-03-12,True,1971,2023-03-12,9999-12-31,True,Jonas Bauer,Schweiz
C01972,Sarah,Schmidt,customer1972@example.com,Stuttgart,DE,Standard,2023-05-29,True,1972,2023-05-29,9999-12-31,True,Sarah Schmidt,Deutschland
C01973,Max,Hoffmann,customer1973@example.com,Stuttgart,DE,Standard,2024-05-19,True,1973,2024-05-19,9999-12-31,True,Max Hoffmann,Deutschland
C01974,Leon,Klein,customer1974@example.com,Düsseldorf,DE,Standard,2024-05-03,False,1974,2024-05-03,9999-12-31,True,Leon Klein,Deutschland
C01975,Tim,Braun,customer1975@example.com,Wien,AT,Budget,2023-10-23,True,1975,2023-10-23,9999-12-31,True,Tim Braun,Österreich
C01976,Paul,Koch,customer1976@example.com,Lausanne,CH,Budget,2024-12-06,True,1976,2024-12-06,9999-12-31,True,Paul Koch,Schweiz
C01977,Anna,Meyer,customer1977@example.com,Innsbruck,AT,Standard,2023-04-14,True,1977,2023-04-14,9999-12-31,True,Anna Meyer,Österreich
C01978,Lisa,Richter,customer1978@example.com,Leipzig,DE,Budget,2024-11-21,True,1978,2024-11-21,9999-12-31,True,Lisa Richter,Deutschland
C01979,Lisa,Bauer,customer1979@example.com,Salzburg,AT,Premium,2023-03-28,True,1979,2023-03-28,9999-12-31,True,Lisa Bauer,Österreich
C01980,Mia,Schröder,customer1980@example.com,Zürich,CH,Budget,2023-03-21,True,1980,2023-03-21,9999-12-31,True,Mia Schröder,Schweiz
C01981,Sophie,Hoffmann,customer1981@example.com,Dresden,DE,Standard,2023-03-18,True,1981,2023-03-18,9999-12-31,True,Sophie Hoffmann,Deutschland
C01982,Marie,Schneider,customer1982@example.com,Genf,CH,Budget,2023-05-02,False,1982,2023-05-02,9999-12-31,True,Marie Schneider,Schweiz
C01983,Elena,Neumann,customer1983@example.com,Salzburg,AT,Premium,2024-08-18,True,1983,2024-08-18,9999-12-31,True,Elena Neumann,Österreich
C01984,Clara,Bauer,customer1984@example.com,München,DE,Standard,2023-03-19,False,1984,2023-03-19,9999-12-31,True,Clara Bauer,Deutschland
C01985,Paul,Neumann,customer1985@example.com,Zürich,CH,Standard,2023-10-31,True,1985,2023-10-31,9999-12-31,True,Paul Neumann,Schweiz
C01986,Anna,Wolf,customer1986@example.com,Hamburg,DE,Standard,2024-06-11,True,1986,2024-06-11,9999-12-31,True,Anna Wolf,Deutschland
C01987,Max,Müller,customer1987@example.com,Frankfurt,DE,Budget,2024-09-11,True,1987,2024-09-11,9999-12-31,True,Max Müller,Deutschland
C01988,Paul,Schröder,customer1988@example.com,Linz,AT,Budget,2024-12-30,True,1988,2024-12-30,9999-12-31,True,Paul Schröder,Österreich
C01989,Mia,Richter,customer1989@example.com,Innsbruck,AT,Standard,2023-10-07,True,1989,2023-10-07,9999-12-31,True,Mia Richter,Österreich
C01990,Clara,Schmidt,customer1990@example.com,Genf,CH,Standard,2023-03-09,True,1990,2023-03-09,9999-12-31,True,Clara Schmidt,Schweiz
C01991,Jan,Wolf,customer1991@example.com,Linz,AT,Standard,2023-04-04,True,1991,2023-04-04,9999-12-31,True,Jan Wolf,Österreich
C01992,Lena,Weber,customer1992@example.com,Basel,CH,Budget,2024-08-09,True,1992,2024-08-09,9999-12-31,True,Lena Weber,Schweiz
C01993,Lena,Schmidt,customer1993@example.com,Zürich,CH,Premium,2024-10-07,True,1993,2024-10-07,9999-12-31,True,Lena Schmidt,Schweiz
C01994,Emma,Wagner,customer1994@example.com,Genf,CH,Standard,2024-05-07,True,1994,2024-05-07,9999-12-31,True,Emma Wagner,Schweiz
C01995,Lena,Koch,customer1995@example.com,Zürich,CH,Budget,2023-03-16,True,1995,2023-03-16,9999-12-31,True,Lena Koch,Schweiz
C01996,Felix,Schmidt,customer1996@example.com,Dresden,DE,Standard,2024-11-07,True,1996,2024-11-07,9999-12-31,True,Felix Schmidt,Deutschland
C01997,Clara,Wagner,customer1997@example.com,Bern,CH,Budget,2024-02-27,True,1997,2024-02-27,9999-12-31,True,Clara Wagner,Schweiz
C01998,David,Klein,customer1998@example.com,Hamburg,DE,Standard,2024-02-20,True,1998,2024-02-20,9999-12-31,True,David Klein,Deutschland
C01999,Lukas,Neumann,customer1999@example.com,Düsseldorf,DE,Standard,2023-05-01,True,1999,2023-05-01,9999-12-31,True,Lukas Neumann,Deutschland
C02000,Elena,Braun,customer2000@example.com,Innsbruck,AT,Standard,2023-01-14,True,2000,2023-01-14,9999-12-31,True,Elena Braun,Österreich
